
------------------- Rx Data ---------------Rx_next_packet: 70
Rx_packet_length: 60
Rx_pkt_count: 12
ÿÿÿÿÿÿ[0E]ï[15][08]ßÈ[08][06][00][01][08][00][06][04][00][01][0E]ï[15][08]ßÈÀ¨[1D]/[00][00][00][00][00][00]À¨[1D]ª[00][00][00][00][00][00][00][00][00][00][00][00][00][00][00][00][00][00][00][00][00][00][00][00][00][00][00][00][00][00][00][00][00][00][00][00][00][00][00][00][00][00][00][00][00][00][00][00][00][00][00][00][00][00][00][00][00][00]

------------------- Rx Data ---------------Rx_next_packet: 70
Rx_packet_length: 60
Rx_pkt_count: 11
ÿÿÿÿÿÿ[0E]ï[15][08]ßÈ[08][06][00][01][08][00][06][04][00][01][0E]ï[15][08]ßÈÀ¨[1D]/[00][00][00][00][00][00]À¨[1D]ª[00][00][00][00][00][00][00][00][00][00][00][00][00][00][00][00][00][00][00][00][00][00][00][00][00][00][00][00][00][00][00][00][00][00][00][00][00][00][00][00][00][00][00][00][00][00][00][00][00][00][00][00][00][00][00][00][00][00]

------------------- Rx Data ---------------Rx_next_packet: 70
Rx_packet_length: 60
Rx_pkt_count: 12
ÿÿÿÿÿÿ[0E]ï[15][08]ßÈ[08][06][00][01][08][00][06][04][00][01][0E]ï[15][08]ßÈÀ¨[1D]/[00][00][00][00][00][00]À¨[1D]ª[00][00][00][00][00][00][00][00][00][00][00][00][00][00][00][00][00][00][00][00][00][00][00][00][00][00][00][00][00][00][00][00][00][00][00][00][00][00][00][00][00][00][00][00][00][00][00][00][00][00][00][00][00][00][00][00][00][00]

------------------- Rx Data ---------------Rx_next_packet: 70
Rx_packet_length: 60
Rx_pkt_count: 12
ÿÿÿÿÿÿ[0E]ï[15][08]ßÈ[08][06][00][01][08][00][06][04][00][01][0E]ï[15][08]ßÈÀ¨[1D]/[00][00][00][00][00][00]À¨[1D]ª[00][00][00][00][00][00][00][00][00][00][00][00][00][00][00][00][00][00][00][00][00][00][00][00][00][00][00][00][00][00][00][00][00][00][00][00][00][00][00][00][00][00][00][00][00][00][00][00][00][00][00][00][00][00][00][00][00][00]

------------------- Rx Data ---------------Rx_next_packet: 70
Rx_packet_length: 60
Rx_pkt_count: 11
ÿÿÿÿÿÿ[0E]ï[15][08]ßÈ[08][06][00][01][08][00][06][04][00][01][0E]ï[15][08]ßÈÀ¨[1D]/[00][00][00][00][00][00]À¨[1D]ª[00][00][00][00][00][00][00][00][00][00][00][00][00][00][00][00][00][00][00][00][00][00][00][00][00][00][00][00][00][00][00][00][00][00][00][00][00][00][00][00][00][00][00][00][00][00][00][00][00][00][00][00][00][00][00][00][00][00]

------------------- Rx Data ---------------Rx_next_packet: 70
Rx_packet_length: 60
Rx_pkt_count: 12
ÿÿÿÿÿÿ[0E]ï[15][08]ßÈ[08][06][00][01][08][00][06][04][00][01][0E]ï[15][08]ßÈÀ¨[1D]/[00][00][00][00][00][00]À¨[1D]ª[00][00][00][00][00][00][00][00][00][00][00][00][00][00][00][00][00][00][00][00][00][00][00][00][00][00][00][00][00][00][00][00][00][00][00][00][00][00][00][00][00][00][00][00][00][00][00][00][00][00][00][00][00][00][00][00][00][00]

------------------- Rx Data ---------------Rx_next_packet: 70
Rx_packet_length: 60
Rx_pkt_count: 11
ÿÿÿÿÿÿ[0E]ï[15][08]ßÈ[08][06][00][01][08][00][06][04][00][01][0E]ï[15][08]ßÈÀ¨[1D]/[00][00][00][00][00][00]À¨[1D]ª[00][00][00][00][00][00][00][00][00][00][00][00][00][00][00][00][00][00][00][00][00][00][00][00][00][00][00][00][00][00][00][00][00][00][00][00][00][00][00][00][00][00][00][00][00][00][00][00][00][00][00][00][00][00][00][00][00][00]

------------------- Rx Data ---------------Rx_next_packet: 70
Rx_packet_length: 60
Rx_pkt_count: 12
ÿÿÿÿÿÿ[0E]ï[15][08]ßÈ[08][06][00][01][08][00][06][04][00][01][0E]ï[15][08]ßÈÀ¨[1D]/[00][00][00][00][00][00]À¨[1D]ª[00][00][00][00][00][00][00][00][00][00][00][00][00][00][00][00][00][00][00][00][00][00][00][00][00][00][00][00][00][00][00][00][00][00][00][00][00][00][00][00][00][00][00][00][00][00][00][00][00][00][00][00][00][00][00][00][00][00]

------------------- Rx Data ---------------Rx_next_packet: 70
Rx_packet_length: 60
Rx_pkt_count: 11
ÿÿÿÿÿÿ[0E]ï[15][08]ßÈ[08][06][00][01][08][00][06][04][00][01][0E]ï[15][08]ßÈÀ¨[1D]/[00][00][00][00][00][00]À¨[1D]ª[00][00][00][00][00][00][00][00][00][00][00][00][00][00][00][00][00][00][00][00][00][00][00][00][00][00][00][00][00][00][00][00][00][00][00][00][00][00][00][00][00][00][00][00][00][00][00][00][00][00][00][00][00][00][00][00][00][00]

------------------- Rx Data ---------------Rx_next_packet: 70
Rx_packet_length: 60
Rx_pkt_count: 12
ÿÿÿÿÿÿ[0E]ï[15][08]ßÈ[08][06][00][01][08][00][06][04][00][01][0E]ï[15][08]ßÈÀ¨[1D]/[00][00][00][00][00][00]À¨[1D]ª[00][00][00][00][00][00][00][00][00][00][00][00][00][00][00][00][00][00][00][00][00][00][00][00][00][00][00][00][00][00][00][00][00][00][00][00][00][00][00][00][00][00][00][00][00][00][00][00][00][00][00][00][00][00][00][00][00][00]

------------------- Rx Data ---------------Rx_next_packet: 70
Rx_packet_length: 60
Rx_pkt_count: 13
ÿÿÿÿÿÿ[0E]ï[15][08]ßÈ[08][06][00][01][08][00][06][04][00][01][0E]ï[15][08]ßÈÀ¨[1D]/[00][00][00][00][00][00]À¨[1D]ª[00][00][00][00][00][00][00][00][00][00][00][00][00][00][00][00][00][00][00][00][00][00][00][00][00][00][00][00][00][00][00][00][00][00][00][00][00][00][00][00][00][00][00][00][00][00][00][00][00][00][00][00][00][00][00][00][00][00]

------------------- Rx Data ---------------Rx_next_packet: 70
Rx_packet_length: 60
Rx_pkt_count: 12
ÿÿÿÿÿÿ[0E]ï[15][08]ßÈ[08][06][00][01][08][00][06][04][00][01][0E]ï[15][08]ßÈÀ¨[1D]/[00][00][00][00][00][00]À¨[1D]ª[00][00][00][00][00][00][00][00][00][00][00][00][00][00][00][00][00][00][00][00][00][00][00][00][00][00][00][00][00][00][00][00][00][00][00][00][00][00][00][00][00][00][00][00][00][00][00][00][00][00][00][00][00][00][00][00][00][00]

------------------- Rx Data ---------------Rx_next_packet: 70
Rx_packet_length: 60
Rx_pkt_count: 13
ÿÿÿÿÿÿ[0E]ï[15][08]ßÈ[08][06][00][01][08][00][06][04][00][01][0E]ï[15][08]ßÈÀ¨[1D]/[00][00][00][00][00][00]À¨[1D]ª[00][00][00][00][00][00][00][00][00][00][00][00][00][00][00][00][00][00][00][00][00][00][00][00][00][00][00][00][00][00][00][00][00][00][00][00][00][00][00][00][00][00][00][00][00][00][00][00][00][00][00][00][00][00][00][00][00][00]

------------------- Rx Data ---------------Rx_next_packet: 70
Rx_packet_length: 60
Rx_pkt_count: 12
ÿÿÿÿÿÿ[0E]ï[15][08]ßÈ[08][06][00][01][08][00][06][04][00][01][0E]ï[15][08]ßÈÀ¨[1D]/[00][00][00][00][00][00]À¨[1D]ª[00][00][00][00][00][00][00][00][00][00][00][00][00][00][00][00][00][00][00][00][00][00][00][00][00][00][00][00][00][00][00][00][00][00][00][00][00][00][00][00][00][00][00][00][00][00][00][00][00][00][00][00][00][00][00][00][00][00]

------------------- Rx Data ---------------Rx_next_packet: 70
Rx_packet_length: 60
Rx_pkt_count: 12
ÿÿÿÿÿÿ[0E]ï[15][08]ßÈ[08][06][00][01][08][00][06][04][00][01][0E]ï[15][08]ßÈÀ¨[1D]/[00][00][00][00][00][00]À¨[1D]ª[00][00][00][00][00][00][00][00][00][00][00][00][00][00][00][00][00][00][00][00][00][00][00][00][00][00][00][00][00][00][00][00][00][00][00][00][00][00][00][00][00][00][00][00][00][00][00][00][00][00][00][00][00][00][00][00][00][00]

------------------- Rx Data ---------------Rx_next_packet: 70
Rx_packet_length: 60
Rx_pkt_count: 13
ÿÿÿÿÿÿ[0E]ï[15][08]ßÈ[08][06][00][01][08][00][06][04][00][01][0E]ï[15][08]ßÈÀ¨[1D]/[00][00][00][00][00][00]À¨[1D]ª[00][00][00][00][00][00][00][00][00][00][00][00][00][00][00][00][00][00][00][00][00][00][00][00][00][00][00][00][00][00][00][00][00][00][00][00][00][00][00][00][00][00][00][00][00][00][00][00][00][00][00][00][00][00][00][00][00][00]

------------------- Rx Data ---------------Rx_next_packet: 70
Rx_packet_length: 60
Rx_pkt_count: 14
ÿÿÿÿÿÿ[0E]ï[15][08]ßÈ[08][06][00][01][08][00][06][04][00][01][0E]ï[15][08]ßÈÀ¨[1D]/[00][00][00][00][00][00]À¨[1D]ª[00][00][00][00][00][00][00][00][00][00][00][00][00][00][00][00][00][00][00][00][00][00][00][00][00][00][00][00][00][00][00][00][00][00][00][00][00][00][00][00][00][00][00][00][00][00][00][00][00][00][00][00][00][00][00][00][00][00]

------------------- Rx Data ---------------Rx_next_packet: 70
Rx_packet_length: 60
Rx_pkt_count: 13
ÿÿÿÿÿÿ[0E]ï[15][08]ßÈ[08][06][00][01][08][00][06][04][00][01][0E]ï[15][08]ßÈÀ¨[1D]/[00][00][00][00][00][00]À¨[1D]ª[00][00][00][00][00][00][00][00][00][00][00][00][00][00][00][00][00][00][00][00][00][00][00][00][00][00][00][00][00][00][00][00][00][00][00][00][00][00][00][00][00][00][00][00][00][00][00][00][00][00][00][00][00][00][00][00][00][00]

------------------- Rx Data ---------------Rx_next_packet: 70
Rx_packet_length: 60
Rx_pkt_count: 12
ÿÿÿÿÿÿ[0E]ï[15][08]ßÈ[08][06][00][01][08][00][06][04][00][01][0E]ï[15][08]ßÈÀ¨[1D]/[00][00][00][00][00][00]À¨[1D]ª[00][00][00][00][00][00][00][00][00][00][00][00][00][00][00][00][00][00][00][00][00][00][00][00][00][00][00][00][00][00][00][00][00][00][00][00][00][00][00][00][00][00][00][00][00][00][00][00][00][00][00][00][00][00][00][00][00][00]

------------------- Rx Data ---------------Rx_next_packet: 70
Rx_packet_length: 60
Rx_pkt_count: 12
ÿÿÿÿÿÿ[0E]ï[15][08]ßÈ[08][06][00][01][08][00][06][04][00][01][0E]ï[15][08]ßÈÀ¨[1D]/[00][00][00][00][00][00]À¨[1D]ª[00][00][00][00][00][00][00][00][00][00][00][00][00][00][00][00][00][00][00][00][00][00][00][00][00][00][00][00][00][00][00][00][00][00][00][00][00][00][00][00][00][00][00][00][00][00][00][00][00][00][00][00][00][00][00][00][00][00]

------------------- Rx Data ---------------Rx_next_packet: 70
Rx_packet_length: 60
Rx_pkt_count: 11
ÿÿÿÿÿÿ[0E]ï[15][08]ßÈ[08][06][00][01][08][00][06][04][00][01][0E]ï[15][08]ßÈÀ¨[1D]/[00][00][00][00][00][00]À¨[1D]ª[00][00][00][00][00][00][00][00][00][00][00][00][00][00][00][00][00][00][00][00][00][00][00][00][00][00][00][00][00][00][00][00][00][00][00][00][00][00][00][00][00][00][00][00][00][00][00][00][00][00][00][00][00][00][00][00][00][00]

------------------- Rx Data ---------------Rx_next_packet: 70
Rx_packet_length: 60
Rx_pkt_count: 10
ÿÿÿÿÿÿ[0E]ï[15][08]ßÈ[08][06][00][01][08][00][06][04][00][01][0E]ï[15][08]ßÈÀ¨[1D]/[00][00][00][00][00][00]À¨[1D]ª[00][00][00][00][00][00][00][00][00][00][00][00][00][00][00][00][00][00][00][00][00][00][00][00][00][00][00][00][00][00][00][00][00][00][00][00][00][00][00][00][00][00][00][00][00][00][00][00][00][00][00][00][00][00][00][00][00][00]

------------------- Rx Data ---------------Rx_next_packet: 70
Rx_packet_length: 60
Rx_pkt_count: 9
ÿÿÿÿÿÿ[0E]ï[15][08]ßÈ[08][06][00][01][08][00][06][04][00][01][0E]ï[15][08]ßÈÀ¨[1D]/[00][00][00][00][00][00]À¨[1D]ª[00][00][00][00][00][00][00][00][00][00][00][00][00][00][00][00][00][00][00][00][00][00][00][00][00][00][00][00][00][00][00][00][00][00][00][00][00][00][00][00][00][00][00][00][00][00][00][00][00][00][00][00][00][00][00][00][00][00]

------------------- Rx Data ---------------Rx_next_packet: 70
Rx_packet_length: 60
Rx_pkt_count: 8
ÿÿÿÿÿÿ[0E]ï[15][08]ßÈ[08][06][00][01][08][00][06][04][00][01][0E]ï[15][08]ßÈÀ¨[1D]/[00][00][00][00][00][00]À¨[1D]ª[00][00][00][00][00][00][00][00][00][00][00][00][00][00][00][00][00][00][00][00][00][00][00][00][00][00][00][00][00][00][00][00][00][00][00][00][00][00][00][00][00][00][00][00][00][00][00][00][00][00][00][00][00][00][00][00][00][00]

------------------- Rx Data ---------------Rx_next_packet: 70
Rx_packet_length: 60
Rx_pkt_count: 12
ÿÿÿÿÿÿ[0E]ï[15][08]ßÈ[08][06][00][01][08][00][06][04][00][01][0E]ï[15][08]ßÈÀ¨[1D]/[00][00][00][00][00][00]À¨[1D]ª[00][00][00][00][00][00][00][00][00][00][00][00][00][00][00][00][00][00][00][00][00][00][00][00][00][00][00][00][00][00][00][00][00][00][00][00][00][00][00][00][00][00][00][00][00][00][00][00][00][00][00][00][00][00][00][00][00][00]

------------------- Rx Data ---------------Rx_next_packet: 70
Rx_packet_length: 60
Rx_pkt_count: 11
ÿÿÿÿÿÿ[0E]ï[15][08]ßÈ[08][06][00][01][08][00][06][04][00][01][0E]ï[15][08]ßÈÀ¨[1D]/[00][00][00][00][00][00]À¨[1D]ª[00][00][00][00][00][00][00][00][00][00][00][00][00][00][00][00][00][00][00][00][00][00][00][00][00][00][00][00][00][00][00][00][00][00][00][00][00][00][00][00][00][00][00][00][00][00][00][00][00][00][00][00][00][00][00][00][00][00]

------------------- Rx Data ---------------Rx_next_packet: 70
Rx_packet_length: 60
Rx_pkt_count: 13
ÿÿÿÿÿÿ[0E]ï[15][08]ßÈ[08][06][00][01][08][00][06][04][00][01][0E]ï[15][08]ßÈÀ¨[1D]/[00][00][00][00][00][00]À¨[1D]ª[00][00][00][00][00][00][00][00][00][00][00][00][00][00][00][00][00][00][00][00][00][00][00][00][00][00][00][00][00][00][00][00][00][00][00][00][00][00][00][00][00][00][00][00][00][00][00][00][00][00][00][00][00][00][00][00][00][00]

------------------- Rx Data ---------------Rx_next_packet: 70
Rx_packet_length: 60
Rx_pkt_count: 12
ÿÿÿÿÿÿ[0E]ï[15][08]ßÈ[08][06][00][01][08][00][06][04][00][01][0E]ï[15][08]ßÈÀ¨[1D]/[00][00][00][00][00][00]À¨[1D]ª[00][00][00][00][00][00][00][00][00][00][00][00][00][00][00][00][00][00][00][00][00][00][00][00][00][00][00][00][00][00][00][00][00][00][00][00][00][00][00][00][00][00][00][00][00][00][00][00][00][00][00][00][00][00][00][00][00][00]

------------------- Rx Data ---------------Rx_next_packet: 70
Rx_packet_length: 60
Rx_pkt_count: 12
ÿÿÿÿÿÿ[0E]ï[15][08]ßÈ[08][06][00][01][08][00][06][04][00][01][0E]ï[15][08]ßÈÀ¨[1D]/[00][00][00][00][00][00]À¨[1D]ª[00][00][00][00][00][00][00][00][00][00][00][00][00][00][00][00][00][00][00][00][00][00][00][00][00][00][00][00][00][00][00][00][00][00][00][00][00][00][00][00][00][00][00][00][00][00][00][00][00][00][00][00][00][00][00][00][00][00]

------------------- Rx Data ---------------Rx_next_packet: 70
Rx_packet_length: 60
Rx_pkt_count: 12
ÿÿÿÿÿÿ[0E]ï[15][08]ßÈ[08][06][00][01][08][00][06][04][00][01][0E]ï[15][08]ßÈÀ¨[1D]/[00][00][00][00][00][00]À¨[1D]ª[00][00][00][00][00][00][00][00][00][00][00][00][00][00][00][00][00][00][00][00][00][00][00][00][00][00][00][00][00][00][00][00][00][00][00][00][00][00][00][00][00][00][00][00][00][00][00][00][00][00][00][00][00][00][00][00][00][00]

------------------- Rx Data ---------------Rx_next_packet: 70
Rx_packet_length: 60
Rx_pkt_count: 11
ÿÿÿÿÿÿ[0E]ï[15][08]ßÈ[08][06][00][01][08][00][06][04][00][01][0E]ï[15][08]ßÈÀ¨[1D]/[00][00][00][00][00][00]À¨[1D]ª[00][00][00][00][00][00][00][00][00][00][00][00][00][00][00][00][00][00][00][00][00][00][00][00][00][00][00][00][00][00][00][00][00][00][00][00][00][00][00][00][00][00][00][00][00][00][00][00][00][00][00][00][00][00][00][00][00][00]

------------------- Rx Data ---------------Rx_next_packet: 70
Rx_packet_length: 60
Rx_pkt_count: 11
ÿÿÿÿÿÿ[0E]ï[15][08]ßÈ[08][06][00][01][08][00][06][04][00][01][0E]ï[15][08]ßÈÀ¨[1D]/[00][00][00][00][00][00]À¨[1D]ª[00][00][00][00][00][00][00][00][00][00][00][00][00][00][00][00][00][00][00][00][00][00][00][00][00][00][00][00][00][00][00][00][00][00][00][00][00][00][00][00][00][00][00][00][00][00][00][00][00][00][00][00][00][00][00][00][00][00]

------------------- Rx Data ---------------Rx_next_packet: 70
Rx_packet_length: 60
Rx_pkt_count: 10
ÿÿÿÿÿÿ[0E]ï[15][08]ßÈ[08][06][00][01][08][00][06][04][00][01][0E]ï[15][08]ßÈÀ¨[1D]/[00][00][00][00][00][00]À¨[1D]ª[00][00][00][00][00][00][00][00][00][00][00][00][00][00][00][00][00][00][00][00][00][00][00][00][00][00][00][00][00][00][00][00][00][00][00][00][00][00][00][00][00][00][00][00][00][00][00][00][00][00][00][00][00][00][00][00][00][00]

------------------- Rx Data ---------------Rx_next_packet: 70
Rx_packet_length: 60
Rx_pkt_count: 11
ÿÿÿÿÿÿ[0E]ï[15][08]ßÈ[08][06][00][01][08][00][06][04][00][01][0E]ï[15][08]ßÈÀ¨[1D]/[00][00][00][00][00][00]À¨[1D]ª[00][00][00][00][00][00][00][00][00][00][00][00][00][00][00][00][00][00][00][00][00][00][00][00][00][00][00][00][00][00][00][00][00][00][00][00][00][00][00][00][00][00][00][00][00][00][00][00][00][00][00][00][00][00][00][00][00][00]

------------------- Rx Data ---------------Rx_next_packet: 70
Rx_packet_length: 60
Rx_pkt_count: 18
ÿÿÿÿÿÿ[0E]ï[15][08]ßÈ[08][06][00][01][08][00][06][04][00][01][0E]ï[15][08]ßÈÀ¨[1D]/[00][00][00][00][00][00]À¨[1D]ª[00][00][00][00][00][00][00][00][00][00][00][00][00][00][00][00][00][00][00][00][00][00][00][00][00][00][00][00][00][00][00][00][00][00][00][00][00][00][00][00][00][00][00][00][00][00][00][00][00][00][00][00][00][00][00][00][00][00]

------------------- Rx Data ---------------Rx_next_packet: 70
Rx_packet_length: 60
Rx_pkt_count: 19
ÿÿÿÿÿÿ[0E]ï[15][08]ßÈ[08][06][00][01][08][00][06][04][00][01][0E]ï[15][08]ßÈÀ¨[1D]/[00][00][00][00][00][00]À¨[1D]ª[00][00][00][00][00][00][00][00][00][00][00][00][00][00][00][00][00][00][00][00][00][00][00][00][00][00][00][00][00][00][00][00][00][00][00][00][00][00][00][00][00][00][00][00][00][00][00][00][00][00][00][00][00][00][00][00][00][00]

------------------- Rx Data ---------------Rx_next_packet: 70
Rx_packet_length: 60
Rx_pkt_count: 28
ÿÿÿÿÿÿ[0E]ï[15][08]ßÈ[08][06][00][01][08][00][06][04][00][01][0E]ï[15][08]ßÈÀ¨[1D]/[00][00][00][00][00][00]À¨[1D]ª[00][00][00][00][00][00][00][00][00][00][00][00][00][00][00][00][00][00][00][00][00][00][00][00][00][00][00][00][00][00][00][00][00][00][00][00][00][00][00][00][00][00][00][00][00][00][00][00][00][00][00][00][00][00][00][00][00][00]

------------------- Rx Data ---------------Rx_next_packet: 70
Rx_packet_length: 60
Rx_pkt_count: 30
ÿÿÿÿÿÿ[0E]ï[15][08]ßÈ[08][06][00][01][08][00][06][04][00][01][0E]ï[15][08]ßÈÀ¨[1D]/[00][00][00][00][00][00]À¨[1D]ª[00][00][00][00][00][00][00][00][00][00][00][00][00][00][00][00][00][00][00][00][00][00][00][00][00][00][00][00][00][00][00][00][00][00][00][00][00][00][00][00][00][00][00][00][00][00][00][00][00][00][00][00][00][00][00][00][00][00]

------------------- Rx Data ---------------Rx_next_packet: 70
Rx_packet_length: 60
Rx_pkt_count: 35
ÿÿÿÿÿÿ[0E]ï[15][08]ßÈ[08][06][00][01][08][00][06][04][00][01][0E]ï[15][08]ßÈÀ¨[1D]/[00][00][00][00][00][00]À¨[1D]ª[00][00][00][00][00][00][00][00][00][00][00][00][00][00][00][00][00][00][00][00][00][00][00][00][00][00][00][00][00][00][00][00][00][00][00][00][00][00][00][00][00][00][00][00][00][00][00][00][00][00][00][00][00][00][00][00][00][00]

------------------- Rx Data ---------------Rx_next_packet: 70
Rx_packet_length: 60
Rx_pkt_count: 34
ÿÿÿÿÿÿ[0E]ï[15][08]ßÈ[08][06][00][01][08][00][06][04][00][01][0E]ï[15][08]ßÈÀ¨[1D]/[00][00][00][00][00][00]À¨[1D]ª[00][00][00][00][00][00][00][00][00][00][00][00][00][00][00][00][00][00][00][00][00][00][00][00][00][00][00][00][00][00][00][00][00][00][00][00][00][00][00][00][00][00][00][00][00][00][00][00][00][00][00][00][00][00][00][00][00][00]

------------------- Rx Data ---------------Rx_next_packet: 70
Rx_packet_length: 60
Rx_pkt_count: 36
ÿÿÿÿÿÿ[0E]ï[15][08]ßÈ[08][06][00][01][08][00][06][04][00][01][0E]ï[15][08]ßÈÀ¨[1D]/[00][00][00][00][00][00]À¨[1D]ª[00][00][00][00][00][00][00][00][00][00][00][00][00][00][00][00][00][00][00][00][00][00][00][00][00][00][00][00][00][00][00][00][00][00][00][00][00][00][00][00][00][00][00][00][00][00][00][00][00][00][00][00][00][00][00][00][00][00]

------------------- Rx Data ---------------Rx_next_packet: 70
Rx_packet_length: 60
Rx_pkt_count: 35
ÿÿÿÿÿÿ[0E]ï[15][08]ßÈ[08][06][00][01][08][00][06][04][00][01][0E]ï[15][08]ßÈÀ¨[1D]/[00][00][00][00][00][00]À¨[1D]ª[00][00][00][00][00][00][00][00][00][00][00][00][00][00][00][00][00][00][00][00][00][00][00][00][00][00][00][00][00][00][00][00][00][00][00][00][00][00][00][00][00][00][00][00][00][00][00][00][00][00][00][00][00][00][00][00][00][00]

------------------- Rx Data ---------------Rx_next_packet: 65283
Rx_packet_length: 1500
Rx_pkt_count: 37
ÿ[0E]ï[15][08]ßÈ[08][06][00][01][08][00][06][04][00][01][0E]ï[15][08]ßÈÀ¨[1D]/[00][00][00][00][00][00]À¨[1D]˜[00][00][00][00][00][00][00][00][00][00][00][00][00][00][00][00][00][00]e‰‡[07][00]"[01]Ú[00]À[03]ÿÿÿÿÿÿ[1C]ÿž|á[08][00]E[00][00]Èaó[00][00]ÿ[11]zÙÀ¨[1D]°ÿÿÿÿ

------------------- Rx Data ---------------Rx_next_packet: 65283
Rx_packet_length: 1500
Rx_pkt_count: 38
ÿ[0E]ï[15][08]ßÈ[08][06][00][01][08][00][06][04][00][01][0E]ï[15][08]ßÈÀ¨[1D]/[00][00][00][00][00][00]À¨[1D]˜[00][00][00][00][00][00][00][00][00][00][00][00][00][00][00][00][00][00]e‰‡[07][00]"[01]Ú[00]À[03]ÿÿÿÿÿÿ[1C]ÿž|á[08][00]E[00][00]Èaó[00][00]ÿ[11]zÙÀ¨[1D]°ÿÿÿÿ

------------------- Rx Data ---------------Rx_next_packet: 65283
Rx_packet_length: 1500
Rx_pkt_count: 37
ÿ[0E]ï[15][08]ßÈ[08][06][00][01][08][00][06][04][00][01][0E]ï[15][08]ßÈÀ¨[1D]/[00][00][00][00][00][00]À¨[1D]˜[00][00][00][00][00][00][00][00][00][00][00][00][00][00][00][00][00][00]e‰‡[07][00]"[01]Ú[00]À[03]ÿÿÿÿÿÿ[1C]ÿž|á[08][00]E[00][00]Èaó[00][00]ÿ[11]zÙÀ¨[1D]°ÿÿÿÿ

------------------- Rx Data ---------------Rx_next_packet: 65283
Rx_packet_length: 1500
Rx_pkt_count: 37
ÿ[0E]ï[15][08]ßÈ[08][06][00][01][08][00][06][04][00][01][0E]ï[15][08]ßÈÀ¨[1D]/[00][00][00][00][00][00]À¨[1D]˜[00][00][00][00][00][00][00][00][00][00][00][00][00][00][00][00][00][00]e‰‡[07][00]"[01]Ú[00]À[03]ÿÿÿÿÿÿ[1C]ÿž|á[08][00]E[00][00]Èaó[00][00]ÿ[11]zÙÀ¨[1D]°ÿÿÿÿ

------------------- Rx Data ---------------Rx_next_packet: 65283
Rx_packet_length: 1500
Rx_pkt_count: 37
ÿ[0E]ï[15][08]ßÈ[08][06][00][01][08][00][06][04][00][01][0E]ï[15][08]ßÈÀ¨[1D]/[00][00][00][00][00][00]À¨[1D]˜[00][00][00][00][00][00][00][00][00][00][00][00][00][00][00][00][00][00]e‰‡[07][00]"[01]Ú[00]À[03]ÿÿÿÿÿÿ[1C]ÿž|á[08][00]E[00][00]Èaó[00][00]ÿ[11]zÙÀ¨[1D]°ÿÿÿÿ

------------------- Rx Data ---------------Rx_next_packet: 65283
Rx_packet_length: 1500
Rx_pkt_count: 36
ÿ[0E]ï[15][08]ßÈ[08][06][00][01][08][00][06][04][00][01][0E]ï[15][08]ßÈÀ¨[1D]/[00][00][00][00][00][00]À¨[1D]˜[00][00][00][00][00][00][00][00][00][00][00][00][00][00][00][00][00][00]e‰‡[07][00]"[01]Ú[00]À[03]ÿÿÿÿÿÿ[1C]ÿž|á[08][00]E[00][00]Èaó[00][00]ÿ[11]zÙÀ¨[1D]°ÿÿÿÿ

------------------- Rx Data ---------------Rx_next_packet: 65283
Rx_packet_length: 1500
Rx_pkt_count: 36
ÿ[0E]ï[15][08]ßÈ[08][06][00][01][08][00][06][04][00][01][0E]ï[15][08]ßÈÀ¨[1D]/[00][00][00][00][00][00]À¨[1D]˜[00][00][00][00][00][00][00][00][00][00][00][00][00][00][00][00][00][00]e‰‡[07][00]"[01]Ú[00]À[03]ÿÿÿÿÿÿ[1C]ÿž|á[08][00]E[00][00]Èaó[00][00]ÿ[11]zÙÀ¨[1D]°ÿÿÿÿ

------------------- Rx Data ---------------Rx_next_packet: 65283
Rx_packet_length: 1500
Rx_pkt_count: 37
ÿ[0E]ï[15][08]ßÈ[08][06][00][01][08][00][06][04][00][01][0E]ï[15][08]ßÈÀ¨[1D]/[00][00][00][00][00][00]À¨[1D]˜[00][00][00][00][00][00][00][00][00][00][00][00][00][00][00][00][00][00]e‰‡[07][00]"[01]Ú[00]À[03]ÿÿÿÿÿÿ[1C]ÿž|á[08][00]E[00][00]Èaó[00][00]ÿ[11]zÙÀ¨[1D]°ÿÿÿÿ

------------------- Rx Data ---------------Rx_next_packet: 65283
Rx_packet_length: 1500
Rx_pkt_count: 38
ÿ[0E]ï[15][08]ßÈ[08][06][00][01][08][00][06][04][00][01][0E]ï[15][08]ßÈÀ¨[1D]/[00][00][00][00][00][00]À¨[1D]˜[00][00][00][00][00][00][00][00][00][00][00][00][00][00][00][00][00][00]e‰‡[07][00]"[01]Ú[00]À[03]ÿÿÿÿÿÿ[1C]ÿž|á[08][00]E[00][00]Èaó[00][00]ÿ[11]zÙÀ¨[1D]°ÿÿÿÿ

------------------- Rx Data ---------------Rx_next_packet: 65283
Rx_packet_length: 1500
Rx_pkt_count: 45
ÿ[0E]ï[15][08]ßÈ[08][06][00][01][08][00][06][04][00][01][0E]ï[15][08]ßÈÀ¨[1D]/[00][00][00][00][00][00]À¨[1D]˜[00][00][00][00][00][00][00][00][00][00][00][00][00][00][00][00][00][00]e‰‡[07][00]"[01]Ú[00]À[03]ÿÿÿÿÿÿ[1C]ÿž|á[08][00]E[00][00]Èaó[00][00]ÿ[11]zÙÀ¨[1D]°ÿÿÿÿ

------------------- Rx Data ---------------Rx_next_packet: 65283
Rx_packet_length: 1500
Rx_pkt_count: 44
ÿ[0E]ï[15][08]ßÈ[08][06][00][01][08][00][06][04][00][01][0E]ï[15][08]ßÈÀ¨[1D]/[00][00][00][00][00][00]À¨[1D]˜[00][00][00][00][00][00][00][00][00][00][00][00][00][00][00][00][00][00]e‰‡[07][00]"[01]Ú[00]À[03]ÿÿÿÿÿÿ[1C]ÿž|á[08][00]E[00][00]Èaó[00][00]ÿ[11]zÙÀ¨[1D]°ÿÿÿÿ

------------------- Rx Data ---------------Rx_next_packet: 65283
Rx_packet_length: 1500
Rx_pkt_count: 48
ÿ[0E]ï[15][08]ßÈ[08][06][00][01][08][00][06][04][00][01][0E]ï[15][08]ßÈÀ¨[1D]/[00][00][00][00][00][00]À¨[1D]˜[00][00][00][00][00][00][00][00][00][00][00][00][00][00][00][00][00][00]e‰‡[07][00]"[01]Ú[00]À[03]ÿÿÿÿÿÿ[1C]ÿž|á[08][00]E[00][00]Èaó[00][00]ÿ[11]zÙÀ¨[1D]°ÿÿÿÿ

------------------- Rx Data ---------------Rx_next_packet: 65283
Rx_packet_length: 1500
Rx_pkt_count: 51
ÿ[0E]ï[15][08]ßÈ[08][06][00][01][08][00][06][04][00][01][0E]ï[15][08]ßÈÀ¨[1D]/[00][00][00][00][00][00]À¨[1D]˜[00][00][00][00][00][00][00][00][00][00][00][00][00][00][00][00][00][00]e‰‡[07][00]"[01]Ú[00]À[03]ÿÿÿÿÿÿ[1C]ÿž|á[08][00]E[00][00]Èaó[00][00]ÿ[11]zÙÀ¨[1D]°ÿÿÿÿ

------------------- Rx Data ---------------Rx_next_packet: 65283
Rx_packet_length: 1500
Rx_pkt_count: 50
ÿ[0E]ï[15][08]ßÈ[08][06][00][01][08][00][06][04][00][01][0E]ï[15][08]ßÈÀ¨[1D]/[00][00][00][00][00][00]À¨[1D]˜[00][00][00][00][00][00][00][00][00][00][00][00][00][00][00][00][00][00]e‰‡[07][00]"[01]Ú[00]À[03]ÿÿÿÿÿÿ[1C]ÿž|á[08][00]E[00][00]Èaó[00][00]ÿ[11]zÙÀ¨[1D]°ÿÿÿÿ

------------------- Rx Data ---------------Rx_next_packet: 65283
Rx_packet_length: 1500
Rx_pkt_count: 52
ÿ[0E]ï[15][08]ßÈ[08][06][00][01][08][00][06][04][00][01][0E]ï[15][08]ßÈÀ¨[1D]/[00][00][00][00][00][00]À¨[1D]˜[00][00][00][00][00][00][00][00][00][00][00][00][00][00][00][00][00][00]e‰‡[07][00]"[01]Ú[00]À[03]ÿÿÿÿÿÿ[1C]ÿž|á[08][00]E[00][00]Èaó[00][00]ÿ[11]zÙÀ¨[1D]°ÿÿÿÿ

------------------- Rx Data ---------------Rx_next_packet: 65283
Rx_packet_length: 1500
Rx_pkt_count: 52
ÿ[0E]ï[15][08]ßÈ[08][06][00][01][08][00][06][04][00][01][0E]ï[15][08]ßÈÀ¨[1D]/[00][00][00][00][00][00]À¨[1D]˜[00][00][00][00][00][00][00][00][00][00][00][00][00][00][00][00][00][00]e‰‡[07][00]"[01]Ú[00]À[03]ÿÿÿÿÿÿ[1C]ÿž|á[08][00]E[00][00]Èaó[00][00]ÿ[11]zÙÀ¨[1D]°ÿÿÿÿ

------------------- Rx Data ---------------Rx_next_packet: 65283
Rx_packet_length: 1500
Rx_pkt_count: 53
ÿ[0E]ï[15][08]ßÈ[08][06][00][01][08][00][06][04][00][01][0E]ï[15][08]ßÈÀ¨[1D]/[00][00][00][00][00][00]À¨[1D]˜[00][00][00][00][00][00][00][00][00][00][00][00][00][00][00][00][00][00]e‰‡[07][00]"[01]Ú[00]À[03]ÿÿÿÿÿÿ[1C]ÿž|á[08][00]E[00][00]Èaó[00][00]ÿ[11]zÙÀ¨[1D]°ÿÿÿÿ

------------------- Rx Data ---------------Rx_next_packet: 65283
Rx_packet_length: 1500
Rx_pkt_count: 56
ÿ[0E]ï[15][08]ßÈ[08][06][00][01][08][00][06][04][00][01][0E]ï[15][08]ßÈÀ¨[1D]/[00][00][00][00][00][00]À¨[1D]˜[00][00][00][00][00][00][00][00][00][00][00][00][00][00][00][00][00][00]e‰‡[07][00]"[01]Ú[00]À[03]ÿÿÿÿÿÿ[1C]ÿž|á[08][00]E[00][00]Èaó[00][00]ÿ[11]zÙÀ¨[1D]°ÿÿÿÿ

------------------- Rx Data ---------------Rx_next_packet: 65283
Rx_packet_length: 1500
Rx_pkt_count: 59
ÿ[0E]ï[15][08]ßÈ[08][06][00][01][08][00][06][04][00][01][0E]ï[15][08]ßÈÀ¨[1D]/[00][00][00][00][00][00]À¨[1D]˜[00][00][00][00][00][00][00][00][00][00][00][00][00][00][00][00][00][00]e‰‡[07][00]"[01]Ú[00]À[03]ÿÿÿÿÿÿ[1C]ÿž|á[08][00]E[00][00]Èaó[00][00]ÿ[11]zÙÀ¨[1D]°ÿÿÿÿ

------------------- Rx Data ---------------Rx_next_packet: 65283
Rx_packet_length: 1500
Rx_pkt_count: 59
ÿ[0E]ï[15][08]ßÈ[08][06][00][01][08][00][06][04][00][01][0E]ï[15][08]ßÈÀ¨[1D]/[00][00][00][00][00][00]À¨[1D]˜[00][00][00][00][00][00][00][00][00][00][00][00][00][00][00][00][00][00]e‰‡[07][00]"[01]Ú[00]À[03]ÿÿÿÿÿÿ[1C]ÿž|á[08][00]E[00][00]Èaó[00][00]ÿ[11]zÙÀ¨[1D]°ÿÿÿÿ

------------------- Rx Data ---------------Rx_next_packet: 65283
Rx_packet_length: 1500
Rx_pkt_count: 59
ÿ[0E]ï[15][08]ßÈ[08][06][00][01][08][00][06][04][00][01][0E]ï[15][08]ßÈÀ¨[1D]/[00][00][00][00][00][00]À¨[1D]˜[00][00][00][00][00][00][00][00][00][00][00][00][00][00][00][00][00][00]e‰‡[07][00]"[01]Ú[00]À[03]ÿÿÿÿÿÿ[1C]ÿž|á[08][00]E[00][00]Èaó[00][00]ÿ[11]zÙÀ¨[1D]°ÿÿÿÿ

------------------- Rx Data ---------------Rx_next_packet: 65283
Rx_packet_length: 1500
Rx_pkt_count: 59
ÿ[0E]ï[15][08]ßÈ[08][06][00][01][08][00][06][04][00][01][0E]ï[15][08]ßÈÀ¨[1D]/[00][00][00][00][00][00]À¨[1D]˜[00][00][00][00][00][00][00][00][00][00][00][00][00][00][00][00][00][00]e‰‡[07][00]"[01]Ú[00]À[03]ÿÿÿÿÿÿ[1C]ÿž|á[08][00]E[00][00]Èaó[00][00]ÿ[11]zÙÀ¨[1D]°ÿÿÿÿ

------------------- Rx Data ---------------Rx_next_packet: 65283
Rx_packet_length: 1500
Rx_pkt_count: 60
ÿ[0E]ï[15][08]ßÈ[08][06][00][01][08][00][06][04][00][01][0E]ï[15][08]ßÈÀ¨[1D]/[00][00][00][00][00][00]À¨[1D]˜[00][00][00][00][00][00][00][00][00][00][00][00][00][00][00][00][00][00]e‰‡[07][00]"[01]Ú[00]À[03]ÿÿÿÿÿÿ[1C]ÿž|á[08][00]E[00][00]Èaó[00][00]ÿ[11]zÙÀ¨[1D]°ÿÿÿÿ

------------------- Rx Data ---------------Rx_next_packet: 65283
Rx_packet_length: 1500
Rx_pkt_count: 63
ÿ[0E]ï[15][08]ßÈ[08][06][00][01][08][00][06][04][00][01][0E]ï[15][08]ßÈÀ¨[1D]/[00][00][00][00][00][00]À¨[1D]˜[00][00][00][00][00][00][00][00][00][00][00][00][00][00][00][00][00][00]e‰‡[07][00]"[01]Ú[00]À[03]ÿÿÿÿÿÿ[1C]ÿž|á[08][00]E[00][00]Èaó[00][00]ÿ[11]zÙÀ¨[1D]°ÿÿÿÿ

------------------- Rx Data ---------------Rx_next_packet: 65283
Rx_packet_length: 1500
Rx_pkt_count: 62
ÿ[0E]ï[15][08]ßÈ[08][06][00][01][08][00][06][04][00][01][0E]ï[15][08]ßÈÀ¨[1D]/[00][00][00][00][00][00]À¨[1D]˜[00][00][00][00][00][00][00][00][00][00][00][00][00][00][00][00][00][00]e‰‡[07][00]"[01]Ú[00]À[03]ÿÿÿÿÿÿ[1C]ÿž|á[08][00]E[00][00]Èaó[00][00]ÿ[11]zÙÀ¨[1D]°ÿÿÿÿ

------------------- Rx Data ---------------Rx_next_packet: 65283
Rx_packet_length: 1500
Rx_pkt_count: 62
ÿ[0E]ï[15][08]ßÈ[08][06][00][01][08][00][06][04][00][01][0E]ï[15][08]ßÈÀ¨[1D]/[00][00][00][00][00][00]À¨[1D]˜[00][00][00][00][00][00][00][00][00][00][00][00][00][00][00][00][00][00]e‰‡[07][00]"[01]Ú[00]À[03]ÿÿÿÿÿÿ[1C]ÿž|á[08][00]E[00][00]Èaó[00][00]ÿ[11]zÙÀ¨[1D]°ÿÿÿÿ

------------------- Rx Data ---------------Rx_next_packet: 65283
Rx_packet_length: 1500
Rx_pkt_count: 63
ÿ[0E]ï[15][08]ßÈ[08][06][00][01][08][00][06][04][00][01][0E]ï[15][08]ßÈÀ¨[1D]/[00][00][00][00][00][00]À¨[1D]˜[00][00][00][00][00][00][00][00][00][00][00][00][00][00][00][00][00][00]e‰‡[07][00]"[01]Ú[00]À[03]ÿÿÿÿÿÿ[1C]ÿž|á[08][00]E[00][00]Èaó[00][00]ÿ[11]zÙÀ¨[1D]°ÿÿÿÿ

------------------- Rx Data ---------------Rx_next_packet: 65283
Rx_packet_length: 1500
Rx_pkt_count: 62
ÿ[0E]ï[15][08]ßÈ[08][06][00][01][08][00][06][04][00][01][0E]ï[15][08]ßÈÀ¨[1D]/[00][00][00][00][00][00]À¨[1D]˜[00][00][00][00][00][00][00][00][00][00][00][00][00][00][00][00][00][00]e‰‡[07][00]"[01]Ú[00]À[03]ÿÿÿÿÿÿ[1C]ÿž|á[08][00]E[00][00]Èaó[00][00]ÿ[11]zÙÀ¨[1D]°ÿÿÿÿ

------------------- Rx Data ---------------Rx_next_packet: 65283
Rx_packet_length: 1500
Rx_pkt_count: 62
ÿ[0E]ï[15][08]ßÈ[08][06][00][01][08][00][06][04][00][01][0E]ï[15][08]ßÈÀ¨[1D]/[00][00][00][00][00][00]À¨[1D]˜[00][00][00][00][00][00][00][00][00][00][00][00][00][00][00][00][00][00]e‰‡[07][00]"[01]Ú[00]À[03]ÿÿÿÿÿÿ[1C]ÿž|á[08][00]E[00][00]Èaó[00][00]ÿ[11]zÙÀ¨[1D]°ÿÿÿÿ

------------------- Rx Data ---------------Rx_next_packet: 65283
Rx_packet_length: 1500
Rx_pkt_count: 62
ÿ[0E]ï[15][08]ßÈ[08][06][00][01][08][00][06][04][00][01][0E]ï[15][08]ßÈÀ¨[1D]/[00][00][00][00][00][00]À¨[1D]˜[00][00][00][00][00][00][00][00][00][00][00][00][00][00][00][00][00][00]e‰‡[07][00]"[01]Ú[00]À[03]ÿÿÿÿÿÿ[1C]ÿž|á[08][00]E[00][00]Èaó[00][00]ÿ[11]zÙÀ¨[1D]°ÿÿÿÿ

------------------- Rx Data ---------------Rx_next_packet: 65283
Rx_packet_length: 1500
Rx_pkt_count: 61
ÿ[0E]ï[15][08]ßÈ[08][06][00][01][08][00][06][04][00][01][0E]ï[15][08]ßÈÀ¨[1D]/[00][00][00][00][00][00]À¨[1D]˜[00][00][00][00][00][00][00][00][00][00][00][00][00][00][00][00][00][00]e‰‡[07][00]"[01]Ú[00]À[03]ÿÿÿÿÿÿ[1C]ÿž|á[08][00]E[00][00]Èaó[00][00]ÿ[11]zÙÀ¨[1D]°ÿÿÿÿ

------------------- Rx Data ---------------Rx_next_packet: 65283
Rx_packet_length: 1500
Rx_pkt_count: 61
ÿ[0E]ï[15][08]ßÈ[08][06][00][01][08][00][06][04][00][01][0E]ï[15][08]ßÈÀ¨[1D]/[00][00][00][00][00][00]À¨[1D]˜[00][00][00][00][00][00][00][00][00][00][00][00][00][00][00][00][00][00]e‰‡[07][00]"[01]Ú[00]À[03]ÿÿÿÿÿÿ[1C]ÿž|á[08][00]E[00][00]Èaó[00][00]ÿ[11]zÙÀ¨[1D]°ÿÿÿÿ

------------------- Rx Data ---------------Rx_next_packet: 65283
Rx_packet_length: 1500
Rx_pkt_count: 62
ÿ[0E]ï[15][08]ßÈ[08][06][00][01][08][00][06][04][00][01][0E]ï[15][08]ßÈÀ¨[1D]/[00][00][00][00][00][00]À¨[1D]˜[00][00][00][00][00][00][00][00][00][00][00][00][00][00][00][00][00][00]e‰‡[07][00]"[01]Ú[00]À[03]ÿÿÿÿÿÿ[1C]ÿž|á[08][00]E[00][00]Èaó[00][00]ÿ[11]zÙÀ¨[1D]°ÿÿÿÿ

------------------- Rx Data ---------------Rx_next_packet: 65283
Rx_packet_length: 1500
Rx_pkt_count: 61
ÿ[0E]ï[15][08]ßÈ[08][06][00][01][08][00][06][04][00][01][0E]ï[15][08]ßÈÀ¨[1D]/[00][00][00][00][00][00]À¨[1D]˜[00][00][00][00][00][00][00][00][00][00][00][00][00][00][00][00][00][00]e‰‡[07][00]"[01]Ú[00]À[03]ÿÿÿÿÿÿ[1C]ÿž|á[08][00]E[00][00]Èaó[00][00]ÿ[11]zÙÀ¨[1D]°ÿÿÿÿ

------------------- Rx Data ---------------Rx_next_packet: 65283
Rx_packet_length: 1500
Rx_pkt_count: 61
ÿ[0E]ï[15][08]ßÈ[08][06][00][01][08][00][06][04][00][01][0E]ï[15][08]ßÈÀ¨[1D]/[00][00][00][00][00][00]À¨[1D]˜[00][00][00][00][00][00][00][00][00][00][00][00][00][00][00][00][00][00]e‰‡[07][00]"[01]Ú[00]À[03]ÿÿÿÿÿÿ[1C]ÿž|á[08][00]E[00][00]Èaó[00][00]ÿ[11]zÙÀ¨[1D]°ÿÿÿÿ

------------------- Rx Data ---------------Rx_next_packet: 65283
Rx_packet_length: 1500
Rx_pkt_count: 61
ÿ[0E]ï[15][08]ßÈ[08][06][00][01][08][00][06][04][00][01][0E]ï[15][08]ßÈÀ¨[1D]/[00][00][00][00][00][00]À¨[1D]˜[00][00][00][00][00][00][00][00][00][00][00][00][00][00][00][00][00][00]e‰‡[07][00]"[01]Ú[00]À[03]ÿÿÿÿÿÿ[1C]ÿž|á[08][00]E[00][00]Èaó[00][00]ÿ[11]zÙÀ¨[1D]°ÿÿÿÿ

------------------- Rx Data ---------------Rx_next_packet: 65283
Rx_packet_length: 1500
Rx_pkt_count: 63
ÿ[0E]ï[15][08]ßÈ[08][06][00][01][08][00][06][04][00][01][0E]ï[15][08]ßÈÀ¨[1D]/[00][00][00][00][00][00]À¨[1D]˜[00][00][00][00][00][00][00][00][00][00][00][00][00][00][00][00][00][00]e‰‡[07][00]"[01]Ú[00]À[03]ÿÿÿÿÿÿ[1C]ÿž|á[08][00]E[00][00]Èaó[00][00]ÿ[11]zÙÀ¨[1D]°ÿÿÿÿ

------------------- Rx Data ---------------Rx_next_packet: 65283
Rx_packet_length: 1500
Rx_pkt_count: 63
ÿ[0E]ï[15][08]ßÈ[08][06][00][01][08][00][06][04][00][01][0E]ï[15][08]ßÈÀ¨[1D]/[00][00][00][00][00][00]À¨[1D]˜[00][00][00][00][00][00][00][00][00][00][00][00][00][00][00][00][00][00]e‰‡[07][00]"[01]Ú[00]À[03]ÿÿÿÿÿÿ[1C]ÿž|á[08][00]E[00][00]Èaó[00][00]ÿ[11]zÙÀ¨[1D]°ÿÿÿÿ

------------------- Rx Data ---------------Rx_next_packet: 65283
Rx_packet_length: 1500
Rx_pkt_count: 62
ÿ[0E]ï[15][08]ßÈ[08][06][00][01][08][00][06][04][00][01][0E]ï[15][08]ßÈÀ¨[1D]/[00][00][00][00][00][00]À¨[1D]˜[00][00][00][00][00][00][00][00][00][00][00][00][00][00][00][00][00][00]e‰‡[07][00]"[01]Ú[00]À[03]ÿÿÿÿÿÿ[1C]ÿž|á[08][00]E[00][00]Èaó[00][00]ÿ[11]zÙÀ¨[1D]°ÿÿÿÿ

------------------- Rx Data ---------------Rx_next_packet: 65283
Rx_packet_length: 1500
Rx_pkt_count: 65
ÿ[0E]ï[15][08]ßÈ[08][06][00][01][08][00][06][04][00][01][0E]ï[15][08]ßÈÀ¨[1D]/[00][00][00][00][00][00]À¨[1D]˜[00][00][00][00][00][00][00][00][00][00][00][00][00][00][00][00][00][00]e‰‡[07][00]"[01]Ú[00]À[03]ÿÿÿÿÿÿ[1C]ÿž|á[08][00]E[00][00]Èaó[00][00]ÿ[11]zÙÀ¨[1D]°ÿÿÿÿ

------------------- Rx Data ---------------Rx_next_packet: 65283
Rx_packet_length: 1500
Rx_pkt_count: 64
ÿ[0E]ï[15][08]ßÈ[08][06][00][01][08][00][06][04][00][01][0E]ï[15][08]ßÈÀ¨[1D]/[00][00][00][00][00][00]À¨[1D]˜[00][00][00][00][00][00][00][00][00][00][00][00][00][00][00][00][00][00]e‰‡[07][00]"[01]Ú[00]À[03]ÿÿÿÿÿÿ[1C]ÿž|á[08][00]E[00][00]Èaó[00][00]ÿ[11]zÙÀ¨[1D]°ÿÿÿÿ

------------------- Rx Data ---------------Rx_next_packet: 65283
Rx_packet_length: 1500
Rx_pkt_count: 63
ÿ[0E]ï[15][08]ßÈ[08][06][00][01][08][00][06][04][00][01][0E]ï[15][08]ßÈÀ¨[1D]/[00][00][00][00][00][00]À¨[1D]˜[00][00][00][00][00][00][00][00][00][00][00][00][00][00][00][00][00][00]e‰‡[07][00]"[01]Ú[00]À[03]ÿÿÿÿÿÿ[1C]ÿž|á[08][00]E[00][00]Èaó[00][00]ÿ[11]zÙÀ¨[1D]°ÿÿÿÿ

------------------- Rx Data ---------------Rx_next_packet: 65283
Rx_packet_length: 1500
Rx_pkt_count: 64
ÿ[0E]ï[15][08]ßÈ[08][06][00][01][08][00][06][04][00][01][0E]ï[15][08]ßÈÀ¨[1D]/[00][00][00][00][00][00]À¨[1D]˜[00][00][00][00][00][00][00][00][00][00][00][00][00][00][00][00][00][00]e‰‡[07][00]"[01]Ú[00]À[03]ÿÿÿÿÿÿ[1C]ÿž|á[08][00]E[00][00]Èaó[00][00]ÿ[11]zÙÀ¨[1D]°ÿÿÿÿ

------------------- Rx Data ---------------Rx_next_packet: 65283
Rx_packet_length: 1500
Rx_pkt_count: 64
ÿ[0E]ï[15][08]ßÈ[08][06][00][01][08][00][06][04][00][01][0E]ï[15][08]ßÈÀ¨[1D]/[00][00][00][00][00][00]À¨[1D]˜[00][00][00][00][00][00][00][00][00][00][00][00][00][00][00][00][00][00]e‰‡[07][00]"[01]Ú[00]À[03]ÿÿÿÿÿÿ[1C]ÿž|á[08][00]E[00][00]Èaó[00][00]ÿ[11]zÙÀ¨[1D]°ÿÿÿÿ

------------------- Rx Data ---------------Rx_next_packet: 65283
Rx_packet_length: 1500
Rx_pkt_count: 63
ÿ[0E]ï[15][08]ßÈ[08][06][00][01][08][00][06][04][00][01][0E]ï[15][08]ßÈÀ¨[1D]/[00][00][00][00][00][00]À¨[1D]˜[00][00][00][00][00][00][00][00][00][00][00][00][00][00][00][00][00][00]e‰‡[07][00]"[01]Ú[00]À[03]ÿÿÿÿÿÿ[1C]ÿž|á[08][00]E[00][00]Èaó[00][00]ÿ[11]zÙÀ¨[1D]°ÿÿÿÿ

------------------- Rx Data ---------------Rx_next_packet: 65283
Rx_packet_length: 1500
Rx_pkt_count: 64
ÿ[0E]ï[15][08]ßÈ[08][06][00][01][08][00][06][04][00][01][0E]ï[15][08]ßÈÀ¨[1D]/[00][00][00][00][00][00]À¨[1D]˜[00][00][00][00][00][00][00][00][00][00][00][00][00][00][00][00][00][00]e‰‡[07][00]"[01]Ú[00]À[03]ÿÿÿÿÿÿ[1C]ÿž|á[08][00]E[00][00]Èaó[00][00]ÿ[11]zÙÀ¨[1D]°ÿÿÿÿ

------------------- Rx Data ---------------Rx_next_packet: 65283
Rx_packet_length: 1500
Rx_pkt_count: 64
ÿ[0E]ï[15][08]ßÈ[08][06][00][01][08][00][06][04][00][01][0E]ï[15][08]ßÈÀ¨[1D]/[00][00][00][00][00][00]À¨[1D]˜[00][00][00][00][00][00][00][00][00][00][00][00][00][00][00][00][00][00]e‰‡[07][00]"[01]Ú[00]À[03]ÿÿÿÿÿÿ[1C]ÿž|á[08][00]E[00][00]Èaó[00][00]ÿ[11]zÙÀ¨[1D]°ÿÿÿÿ

------------------- Rx Data ---------------Rx_next_packet: 65283
Rx_packet_length: 1500
Rx_pkt_count: 63
ÿ[0E]ï[15][08]ßÈ[08][06][00][01][08][00][06][04][00][01][0E]ï[15][08]ßÈÀ¨[1D]/[00][00][00][00][00][00]À¨[1D]˜[00][00][00][00][00][00][00][00][00][00][00][00][00][00][00][00][00][00]e‰‡[07][00]"[01]Ú[00]À[03]ÿÿÿÿÿÿ[1C]ÿž|á[08][00]E[00][00]Èaó[00][00]ÿ[11]zÙÀ¨[1D]°ÿÿÿÿ

------------------- Rx Data ---------------Rx_next_packet: 65283
Rx_packet_length: 1500
Rx_pkt_count: 62
ÿ[0E]ï[15][08]ßÈ[08][06][00][01][08][00][06][04][00][01][0E]ï[15][08]ßÈÀ¨[1D]/[00][00][00][00][00][00]À¨[1D]˜[00][00][00][00][00][00][00][00][00][00][00][00][00][00][00][00][00][00]e‰‡[07][00]"[01]Ú[00]À[03]ÿÿÿÿÿÿ[1C]ÿž|á[08][00]E[00][00]Èaó[00][00]ÿ[11]zÙÀ¨[1D]°ÿÿÿÿ

------------------- Rx Data ---------------Rx_next_packet: 65283
Rx_packet_length: 1500
Rx_pkt_count: 61
ÿ[0E]ï[15][08]ßÈ[08][06][00][01][08][00][06][04][00][01][0E]ï[15][08]ßÈÀ¨[1D]/[00][00][00][00][00][00]À¨[1D]˜[00][00][00][00][00][00][00][00][00][00][00][00][00][00][00][00][00][00]e‰‡[07][00]"[01]Ú[00]À[03]ÿÿÿÿÿÿ[1C]ÿž|á[08][00]E[00][00]Èaó[00][00]ÿ[11]zÙÀ¨[1D]°ÿÿÿÿ

------------------- Rx Data ---------------Rx_next_packet: 65283
Rx_packet_length: 1500
Rx_pkt_count: 60
ÿ[0E]ï[15][08]ßÈ[08][06][00][01][08][00][06][04][00][01][0E]ï[15][08]ßÈÀ¨[1D]/[00][00][00][00][00][00]À¨[1D]˜[00][00][00][00][00][00][00][00][00][00][00][00][00][00][00][00][00][00]e‰‡[07][00]"[01]Ú[00]À[03]ÿÿÿÿÿÿ[1C]ÿž|á[08][00]E[00][00]Èaó[00][00]ÿ[11]zÙÀ¨[1D]°ÿÿÿÿ

------------------- Rx Data ---------------Rx_next_packet: 65283
Rx_packet_length: 1500
Rx_pkt_count: 59
ÿ[0E]ï[15][08]ßÈ[08][06][00][01][08][00][06][04][00][01][0E]ï[15][08]ßÈÀ¨[1D]/[00][00][00][00][00][00]À¨[1D]˜[00][00][00][00][00][00][00][00][00][00][00][00][00][00][00][00][00][00]e‰‡[07][00]"[01]Ú[00]À[03]ÿÿÿÿÿÿ[1C]ÿž|á[08][00]E[00][00]Èaó[00][00]ÿ[11]zÙÀ¨[1D]°ÿÿÿÿ

------------------- Rx Data ---------------Rx_next_packet: 65283
Rx_packet_length: 1500
Rx_pkt_count: 58
ÿ[0E]ï[15][08]ßÈ[08][06][00][01][08][00][06][04][00][01][0E]ï[15][08]ßÈÀ¨[1D]/[00][00][00][00][00][00]À¨[1D]˜[00][00][00][00][00][00][00][00][00][00][00][00][00][00][00][00][00][00]e‰‡[07][00]"[01]Ú[00]À[03]ÿÿÿÿÿÿ[1C]ÿž|á[08][00]E[00][00]Èaó[00][00]ÿ[11]zÙÀ¨[1D]°ÿÿÿÿ

------------------- Rx Data ---------------Rx_next_packet: 65283
Rx_packet_length: 1500
Rx_pkt_count: 57
ÿ[0E]ï[15][08]ßÈ[08][06][00][01][08][00][06][04][00][01][0E]ï[15][08]ßÈÀ¨[1D]/[00][00][00][00][00][00]À¨[1D]˜[00][00][00][00][00][00][00][00][00][00][00][00][00][00][00][00][00][00]e‰‡[07][00]"[01]Ú[00]À[03]ÿÿÿÿÿÿ[1C]ÿž|á[08][00]E[00][00]Èaó[00][00]ÿ[11]zÙÀ¨[1D]°ÿÿÿÿ

------------------- Rx Data ---------------Rx_next_packet: 65283
Rx_packet_length: 1500
Rx_pkt_count: 56
ÿ[0E]ï[15][08]ßÈ[08][06][00][01][08][00][06][04][00][01][0E]ï[15][08]ßÈÀ¨[1D]/[00][00][00][00][00][00]À¨[1D]˜[00][00][00][00][00][00][00][00][00][00][00][00][00][00][00][00][00][00]e‰‡[07][00]"[01]Ú[00]À[03]ÿÿÿÿÿÿ[1C]ÿž|á[08][00]E[00][00]Èaó[00][00]ÿ[11]zÙÀ¨[1D]°ÿÿÿÿ

------------------- Rx Data ---------------Rx_next_packet: 65283
Rx_packet_length: 1500
Rx_pkt_count: 55
ÿ[0E]ï[15][08]ßÈ[08][06][00][01][08][00][06][04][00][01][0E]ï[15][08]ßÈÀ¨[1D]/[00][00][00][00][00][00]À¨[1D]˜[00][00][00][00][00][00][00][00][00][00][00][00][00][00][00][00][00][00]e‰‡[07][00]"[01]Ú[00]À[03]ÿÿÿÿÿÿ[1C]ÿž|á[08][00]E[00][00]Èaó[00][00]ÿ[11]zÙÀ¨[1D]°ÿÿÿÿ

------------------- Rx Data ---------------Rx_next_packet: 65283
Rx_packet_length: 1500
Rx_pkt_count: 54
ÿ[0E]ï[15][08]ßÈ[08][06][00][01][08][00][06][04][00][01][0E]ï[15][08]ßÈÀ¨[1D]/[00][00][00][00][00][00]À¨[1D]˜[00][00][00][00][00][00][00][00][00][00][00][00][00][00][00][00][00][00]e‰‡[07][00]"[01]Ú[00]À[03]ÿÿÿÿÿÿ[1C]ÿž|á[08][00]E[00][00]Èaó[00][00]ÿ[11]zÙÀ¨[1D]°ÿÿÿÿ

------------------- Rx Data ---------------Rx_next_packet: 65283
Rx_packet_length: 1500
Rx_pkt_count: 53
ÿ[0E]ï[15][08]ßÈ[08][06][00][01][08][00][06][04][00][01][0E]ï[15][08]ßÈÀ¨[1D]/[00][00][00][00][00][00]À¨[1D]˜[00][00][00][00][00][00][00][00][00][00][00][00][00][00][00][00][00][00]e‰‡[07][00]"[01]Ú[00]À[03]ÿÿÿÿÿÿ[1C]ÿž|á[08][00]E[00][00]Èaó[00][00]ÿ[11]zÙÀ¨[1D]°ÿÿÿÿ

------------------- Rx Data ---------------Rx_next_packet: 65283
Rx_packet_length: 1500
Rx_pkt_count: 52
ÿ[0E]ï[15][08]ßÈ[08][06][00][01][08][00][06][04][00][01][0E]ï[15][08]ßÈÀ¨[1D]/[00][00][00][00][00][00]À¨[1D]˜[00][00][00][00][00][00][00][00][00][00][00][00][00][00][00][00][00][00]e‰‡[07][00]"[01]Ú[00]À[03]ÿÿÿÿÿÿ[1C]ÿž|á[08][00]E[00][00]Èaó[00][00]ÿ[11]zÙÀ¨[1D]°ÿÿÿÿ

------------------- Rx Data ---------------Rx_next_packet: 65283
Rx_packet_length: 1500
Rx_pkt_count: 51
ÿ[0E]ï[15][08]ßÈ[08][06][00][01][08][00][06][04][00][01][0E]ï[15][08]ßÈÀ¨[1D]/[00][00][00][00][00][00]À¨[1D]˜[00][00][00][00][00][00][00][00][00][00][00][00][00][00][00][00][00][00]e‰‡[07][00]"[01]Ú[00]À[03]ÿÿÿÿÿÿ[1C]ÿž|á[08][00]E[00][00]Èaó[00][00]ÿ[11]zÙÀ¨[1D]°ÿÿÿÿ

------------------- Rx Data ---------------Rx_next_packet: 65283
Rx_packet_length: 1500
Rx_pkt_count: 50
ÿ[0E]ï[15][08]ßÈ[08][06][00][01][08][00][06][04][00][01][0E]ï[15][08]ßÈÀ¨[1D]/[00][00][00][00][00][00]À¨[1D]˜[00][00][00][00][00][00][00][00][00][00][00][00][00][00][00][00][00][00]e‰‡[07][00]"[01]Ú[00]À[03]ÿÿÿÿÿÿ[1C]ÿž|á[08][00]E[00][00]Èaó[00][00]ÿ[11]zÙÀ¨[1D]°ÿÿÿÿ

------------------- Rx Data ---------------Rx_next_packet: 65283
Rx_packet_length: 1500
Rx_pkt_count: 49
ÿ[0E]ï[15][08]ßÈ[08][06][00][01][08][00][06][04][00][01][0E]ï[15][08]ßÈÀ¨[1D]/[00][00][00][00][00][00]À¨[1D]˜[00][00][00][00][00][00][00][00][00][00][00][00][00][00][00][00][00][00]e‰‡[07][00]"[01]Ú[00]À[03]ÿÿÿÿÿÿ[1C]ÿž|á[08][00]E[00][00]Èaó[00][00]ÿ[11]zÙÀ¨[1D]°ÿÿÿÿ

------------------- Rx Data ---------------Rx_next_packet: 65283
Rx_packet_length: 1500
Rx_pkt_count: 48
ÿ[0E]ï[15][08]ßÈ[08][06][00][01][08][00][06][04][00][01][0E]ï[15][08]ßÈÀ¨[1D]/[00][00][00][00][00][00]À¨[1D]˜[00][00][00][00][00][00][00][00][00][00][00][00][00][00][00][00][00][00]e‰‡[07][00]"[01]Ú[00]À[03]ÿÿÿÿÿÿ[1C]ÿž|á[08][00]E[00][00]Èaó[00][00]ÿ[11]zÙÀ¨[1D]°ÿÿÿÿ

------------------- Rx Data ---------------Rx_next_packet: 65283
Rx_packet_length: 1500
Rx_pkt_count: 47
ÿ[0E]ï[15][08]ßÈ[08][06][00][01][08][00][06][04][00][01][0E]ï[15][08]ßÈÀ¨[1D]/[00][00][00][00][00][00]À¨[1D]˜[00][00][00][00][00][00][00][00][00][00][00][00][00][00][00][00][00][00]e‰‡[07][00]"[01]Ú[00]À[03]ÿÿÿÿÿÿ[1C]ÿž|á[08][00]E[00][00]Èaó[00][00]ÿ[11]zÙÀ¨[1D]°ÿÿÿÿ

------------------- Rx Data ---------------Rx_next_packet: 65283
Rx_packet_length: 1500
Rx_pkt_count: 46
ÿ[0E]ï[15][08]ßÈ[08][06][00][01][08][00][06][04][00][01][0E]ï[15][08]ßÈÀ¨[1D]/[00][00][00][00][00][00]À¨[1D]˜[00][00][00][00][00][00][00][00][00][00][00][00][00][00][00][00][00][00]e‰‡[07][00]"[01]Ú[00]À[03]ÿÿÿÿÿÿ[1C]ÿž|á[08][00]E[00][00]Èaó[00][00]ÿ[11]zÙÀ¨[1D]°ÿÿÿÿ

------------------- Rx Data ---------------Rx_next_packet: 65283
Rx_packet_length: 1500
Rx_pkt_count: 45
ÿ[0E]ï[15][08]ßÈ[08][06][00][01][08][00][06][04][00][01][0E]ï[15][08]ßÈÀ¨[1D]/[00][00][00][00][00][00]À¨[1D]˜[00][00][00][00][00][00][00][00][00][00][00][00][00][00][00][00][00][00]e‰‡[07][00]"[01]Ú[00]À[03]ÿÿÿÿÿÿ[1C]ÿž|á[08][00]E[00][00]Èaó[00][00]ÿ[11]zÙÀ¨[1D]°ÿÿÿÿ

------------------- Rx Data ---------------Rx_next_packet: 65283
Rx_packet_length: 1500
Rx_pkt_count: 44
ÿ[0E]ï[15][08]ßÈ[08][06][00][01][08][00][06][04][00][01][0E]ï[15][08]ßÈÀ¨[1D]/[00][00][00][00][00][00]À¨[1D]˜[00][00][00][00][00][00][00][00][00][00][00][00][00][00][00][00][00][00]e‰‡[07][00]"[01]Ú[00]À[03]ÿÿÿÿÿÿ[1C]ÿž|á[08][00]E[00][00]Èaó[00][00]ÿ[11]zÙÀ¨[1D]°ÿÿÿÿ

------------------- Rx Data ---------------Rx_next_packet: 65283
Rx_packet_length: 1500
Rx_pkt_count: 43
ÿ[0E]ï[15][08]ßÈ[08][06][00][01][08][00][06][04][00][01][0E]ï[15][08]ßÈÀ¨[1D]/[00][00][00][00][00][00]À¨[1D]˜[00][00][00][00][00][00][00][00][00][00][00][00][00][00][00][00][00][00]e‰‡[07][00]"[01]Ú[00]À[03]ÿÿÿÿÿÿ[1C]ÿž|á[08][00]E[00][00]Èaó[00][00]ÿ[11]zÙÀ¨[1D]°ÿÿÿÿ

------------------- Rx Data ---------------Rx_next_packet: 65283
Rx_packet_length: 1500
Rx_pkt_count: 42
ÿ[0E]ï[15][08]ßÈ[08][06][00][01][08][00][06][04][00][01][0E]ï[15][08]ßÈÀ¨[1D]/[00][00][00][00][00][00]À¨[1D]˜[00][00][00][00][00][00][00][00][00][00][00][00][00][00][00][00][00][00]e‰‡[07][00]"[01]Ú[00]À[03]ÿÿÿÿÿÿ[1C]ÿž|á[08][00]E[00][00]Èaó[00][00]ÿ[11]zÙÀ¨[1D]°ÿÿÿÿ

------------------- Rx Data ---------------Rx_next_packet: 65283
Rx_packet_length: 1500
Rx_pkt_count: 41
ÿ[0E]ï[15][08]ßÈ[08][06][00][01][08][00][06][04][00][01][0E]ï[15][08]ßÈÀ¨[1D]/[00][00][00][00][00][00]À¨[1D]˜[00][00][00][00][00][00][00][00][00][00][00][00][00][00][00][00][00][00]e‰‡[07][00]"[01]Ú[00]À[03]ÿÿÿÿÿÿ[1C]ÿž|á[08][00]E[00][00]Èaó[00][00]ÿ[11]zÙÀ¨[1D]°ÿÿÿÿ

------------------- Rx Data ---------------Rx_next_packet: 65283
Rx_packet_length: 1500
Rx_pkt_count: 40
ÿ[0E]ï[15][08]ßÈ[08][06][00][01][08][00][06][04][00][01][0E]ï[15][08]ßÈÀ¨[1D]/[00][00][00][00][00][00]À¨[1D]˜[00][00][00][00][00][00][00][00][00][00][00][00][00][00][00][00][00][00]e‰‡[07][00]"[01]Ú[00]À[03]ÿÿÿÿÿÿ[1C]ÿž|á[08][00]E[00][00]Èaó[00][00]ÿ[11]zÙÀ¨[1D]°ÿÿÿÿ

------------------- Rx Data ---------------Rx_next_packet: 65283
Rx_packet_length: 1500
Rx_pkt_count: 39
ÿ[0E]ï[15][08]ßÈ[08][06][00][01][08][00][06][04][00][01][0E]ï[15][08]ßÈÀ¨[1D]/[00][00][00][00][00][00]À¨[1D]˜[00][00][00][00][00][00][00][00][00][00][00][00][00][00][00][00][00][00]e‰‡[07][00]"[01]Ú[00]À[03]ÿÿÿÿÿÿ[1C]ÿž|á[08][00]E[00][00]Èaó[00][00]ÿ[11]zÙÀ¨[1D]°ÿÿÿÿ

------------------- Rx Data ---------------Rx_next_packet: 65283
Rx_packet_length: 1500
Rx_pkt_count: 38
ÿ[0E]ï[15][08]ßÈ[08][06][00][01][08][00][06][04][00][01][0E]ï[15][08]ßÈÀ¨[1D]/[00][00][00][00][00][00]À¨[1D]˜[00][00][00][00][00][00][00][00][00][00][00][00][00][00][00][00][00][00]e‰‡[07][00]"[01]Ú[00]À[03]ÿÿÿÿÿÿ[1C]ÿž|á[08][00]E[00][00]Èaó[00][00]ÿ[11]zÙÀ¨[1D]°ÿÿÿÿ

------------------- Rx Data ---------------Rx_next_packet: 65283
Rx_packet_length: 1500
Rx_pkt_count: 37
ÿ[0E]ï[15][08]ßÈ[08][06][00][01][08][00][06][04][00][01][0E]ï[15][08]ßÈÀ¨[1D]/[00][00][00][00][00][00]À¨[1D]˜[00][00][00][00][00][00][00][00][00][00][00][00][00][00][00][00][00][00]e‰‡[07][00]"[01]Ú[00]À[03]ÿÿÿÿÿÿ[1C]ÿž|á[08][00]E[00][00]Èaó[00][00]ÿ[11]zÙÀ¨[1D]°ÿÿÿÿ

------------------- Rx Data ---------------Rx_next_packet: 65283
Rx_packet_length: 1500
Rx_pkt_count: 36
ÿ[0E]ï[15][08]ßÈ[08][06][00][01][08][00][06][04][00][01][0E]ï[15][08]ßÈÀ¨[1D]/[00][00][00][00][00][00]À¨[1D]˜[00][00][00][00][00][00][00][00][00][00][00][00][00][00][00][00][00][00]e‰‡[07][00]"[01]Ú[00]À[03]ÿÿÿÿÿÿ[1C]ÿž|á[08][00]E[00][00]Èaó[00][00]ÿ[11]zÙÀ¨[1D]°ÿÿÿÿ

------------------- Rx Data ---------------Rx_next_packet: 65283
Rx_packet_length: 1500
Rx_pkt_count: 35
ÿ[0E]ï[15][08]ßÈ[08][06][00][01][08][00][06][04][00][01][0E]ï[15][08]ßÈÀ¨[1D]/[00][00][00][00][00][00]À¨[1D]˜[00][00][00][00][00][00][00][00][00][00][00][00][00][00][00][00][00][00]e‰‡[07][00]"[01]Ú[00]À[03]ÿÿÿÿÿÿ[1C]ÿž|á[08][00]E[00][00]Èaó[00][00]ÿ[11]zÙÀ¨[1D]°ÿÿÿÿ

------------------- Rx Data ---------------Rx_next_packet: 65283
Rx_packet_length: 1500
Rx_pkt_count: 34
ÿ[0E]ï[15][08]ßÈ[08][06][00][01][08][00][06][04][00][01][0E]ï[15][08]ßÈÀ¨[1D]/[00][00][00][00][00][00]À¨[1D]˜[00][00][00][00][00][00][00][00][00][00][00][00][00][00][00][00][00][00]e‰‡[07][00]"[01]Ú[00]À[03]ÿÿÿÿÿÿ[1C]ÿž|á[08][00]E[00][00]Èaó[00][00]ÿ[11]zÙÀ¨[1D]°ÿÿÿÿ

------------------- Rx Data ---------------Rx_next_packet: 65283
Rx_packet_length: 1500
Rx_pkt_count: 33
ÿ[0E]ï[15][08]ßÈ[08][06][00][01][08][00][06][04][00][01][0E]ï[15][08]ßÈÀ¨[1D]/[00][00][00][00][00][00]À¨[1D]˜[00][00][00][00][00][00][00][00][00][00][00][00][00][00][00][00][00][00]e‰‡[07][00]"[01]Ú[00]À[03]ÿÿÿÿÿÿ[1C]ÿž|á[08][00]E[00][00]Èaó[00][00]ÿ[11]zÙÀ¨[1D]°ÿÿÿÿ

------------------- Rx Data ---------------Rx_next_packet: 65283
Rx_packet_length: 1500
Rx_pkt_count: 32
ÿ[0E]ï[15][08]ßÈ[08][06][00][01][08][00][06][04][00][01][0E]ï[15][08]ßÈÀ¨[1D]/[00][00][00][00][00][00]À¨[1D]˜[00][00][00][00][00][00][00][00][00][00][00][00][00][00][00][00][00][00]e‰‡[07][00]"[01]Ú[00]À[03]ÿÿÿÿÿÿ[1C]ÿž|á[08][00]E[00][00]Èaó[00][00]ÿ[11]zÙÀ¨[1D]°ÿÿÿÿ

------------------- Rx Data ---------------Rx_next_packet: 65283
Rx_packet_length: 1500
Rx_pkt_count: 31
ÿ[0E]ï[15][08]ßÈ[08][06][00][01][08][00][06][04][00][01][0E]ï[15][08]ßÈÀ¨[1D]/[00][00][00][00][00][00]À¨[1D]˜[00][00][00][00][00][00][00][00][00][00][00][00][00][00][00][00][00][00]e‰‡[07][00]"[01]Ú[00]À[03]ÿÿÿÿÿÿ[1C]ÿž|á[08][00]E[00][00]Èaó[00][00]ÿ[11]zÙÀ¨[1D]°ÿÿÿÿ

------------------- Rx Data ---------------Rx_next_packet: 65283
Rx_packet_length: 1500
Rx_pkt_count: 30
ÿ[0E]ï[15][08]ßÈ[08][06][00][01][08][00][06][04][00][01][0E]ï[15][08]ßÈÀ¨[1D]/[00][00][00][00][00][00]À¨[1D]˜[00][00][00][00][00][00][00][00][00][00][00][00][00][00][00][00][00][00]e‰‡[07][00]"[01]Ú[00]À[03]ÿÿÿÿÿÿ[1C]ÿž|á[08][00]E[00][00]Èaó[00][00]ÿ[11]zÙÀ¨[1D]°ÿÿÿÿ

------------------- Rx Data ---------------Rx_next_packet: 65283
Rx_packet_length: 1500
Rx_pkt_count: 29
ÿ[0E]ï[15][08]ßÈ[08][06][00][01][08][00][06][04][00][01][0E]ï[15][08]ßÈÀ¨[1D]/[00][00][00][00][00][00]À¨[1D]˜[00][00][00][00][00][00][00][00][00][00][00][00][00][00][00][00][00][00]e‰‡[07][00]"[01]Ú[00]À[03]ÿÿÿÿÿÿ[1C]ÿž|á[08][00]E[00][00]Èaó[00][00]ÿ[11]zÙÀ¨[1D]°ÿÿÿÿ

------------------- Rx Data ---------------Rx_next_packet: 65283
Rx_packet_length: 1500
Rx_pkt_count: 28
ÿ[0E]ï[15][08]ßÈ[08][06][00][01][08][00][06][04][00][01][0E]ï[15][08]ßÈÀ¨[1D]/[00][00][00][00][00][00]À¨[1D]˜[00][00][00][00][00][00][00][00][00][00][00][00][00][00][00][00][00][00]e‰‡[07][00]"[01]Ú[00]À[03]ÿÿÿÿÿÿ[1C]ÿž|á[08][00]E[00][00]Èaó[00][00]ÿ[11]zÙÀ¨[1D]°ÿÿÿÿ

------------------- Rx Data ---------------Rx_next_packet: 65283
Rx_packet_length: 1500
Rx_pkt_count: 27
ÿ[0E]ï[15][08]ßÈ[08][06][00][01][08][00][06][04][00][01][0E]ï[15][08]ßÈÀ¨[1D]/[00][00][00][00][00][00]À¨[1D]˜[00][00][00][00][00][00][00][00][00][00][00][00][00][00][00][00][00][00]e‰‡[07][00]"[01]Ú[00]À[03]ÿÿÿÿÿÿ[1C]ÿž|á[08][00]E[00][00]Èaó[00][00]ÿ[11]zÙÀ¨[1D]°ÿÿÿÿ

------------------- Rx Data ---------------Rx_next_packet: 65283
Rx_packet_length: 1500
Rx_pkt_count: 26
ÿ[0E]ï[15][08]ßÈ[08][06][00][01][08][00][06][04][00][01][0E]ï[15][08]ßÈÀ¨[1D]/[00][00][00][00][00][00]À¨[1D]˜[00][00][00][00][00][00][00][00][00][00][00][00][00][00][00][00][00][00]e‰‡[07][00]"[01]Ú[00]À[03]ÿÿÿÿÿÿ[1C]ÿž|á[08][00]E[00][00]Èaó[00][00]ÿ[11]zÙÀ¨[1D]°ÿÿÿÿ

------------------- Rx Data ---------------Rx_next_packet: 65283
Rx_packet_length: 1500
Rx_pkt_count: 25
ÿ[0E]ï[15][08]ßÈ[08][06][00][01][08][00][06][04][00][01][0E]ï[15][08]ßÈÀ¨[1D]/[00][00][00][00][00][00]À¨[1D]˜[00][00][00][00][00][00][00][00][00][00][00][00][00][00][00][00][00][00]e‰‡[07][00]"[01]Ú[00]À[03]ÿÿÿÿÿÿ[1C]ÿž|á[08][00]E[00][00]Èaó[00][00]ÿ[11]zÙÀ¨[1D]°ÿÿÿÿ

------------------- Rx Data ---------------Rx_next_packet: 65283
Rx_packet_length: 1500
Rx_pkt_count: 24
ÿ[0E]ï[15][08]ßÈ[08][06][00][01][08][00][06][04][00][01][0E]ï[15][08]ßÈÀ¨[1D]/[00][00][00][00][00][00]À¨[1D]˜[00][00][00][00][00][00][00][00][00][00][00][00][00][00][00][00][00][00]e‰‡[07][00]"[01]Ú[00]À[03]ÿÿÿÿÿÿ[1C]ÿž|á[08][00]E[00][00]Èaó[00][00]ÿ[11]zÙÀ¨[1D]°ÿÿÿÿ

------------------- Rx Data ---------------Rx_next_packet: 65283
Rx_packet_length: 1500
Rx_pkt_count: 23
ÿ[0E]ï[15][08]ßÈ[08][06][00][01][08][00][06][04][00][01][0E]ï[15][08]ßÈÀ¨[1D]/[00][00][00][00][00][00]À¨[1D]˜[00][00][00][00][00][00][00][00][00][00][00][00][00][00][00][00][00][00]e‰‡[07][00]"[01]Ú[00]À[03]ÿÿÿÿÿÿ[1C]ÿž|á[08][00]E[00][00]Èaó[00][00]ÿ[11]zÙÀ¨[1D]°ÿÿÿÿ

------------------- Rx Data ---------------Rx_next_packet: 65283
Rx_packet_length: 1500
Rx_pkt_count: 22
ÿ[0E]ï[15][08]ßÈ[08][06][00][01][08][00][06][04][00][01][0E]ï[15][08]ßÈÀ¨[1D]/[00][00][00][00][00][00]À¨[1D]˜[00][00][00][00][00][00][00][00][00][00][00][00][00][00][00][00][00][00]e‰‡[07][00]"[01]Ú[00]À[03]ÿÿÿÿÿÿ[1C]ÿž|á[08][00]E[00][00]Èaó[00][00]ÿ[11]zÙÀ¨[1D]°ÿÿÿÿ

------------------- Rx Data ---------------Rx_next_packet: 65283
Rx_packet_length: 1500
Rx_pkt_count: 21
ÿ[0E]ï[15][08]ßÈ[08][06][00][01][08][00][06][04][00][01][0E]ï[15][08]ßÈÀ¨[1D]/[00][00][00][00][00][00]À¨[1D]˜[00][00][00][00][00][00][00][00][00][00][00][00][00][00][00][00][00][00]e‰‡[07][00]"[01]Ú[00]À[03]ÿÿÿÿÿÿ[1C]ÿž|á[08][00]E[00][00]Èaó[00][00]ÿ[11]zÙÀ¨[1D]°ÿÿÿÿ

------------------- Rx Data ---------------Rx_next_packet: 65283
Rx_packet_length: 1500
Rx_pkt_count: 20
ÿ[0E]ï[15][08]ßÈ[08][06][00][01][08][00][06][04][00][01][0E]ï[15][08]ßÈÀ¨[1D]/[00][00][00][00][00][00]À¨[1D]˜[00][00][00][00][00][00][00][00][00][00][00][00][00][00][00][00][00][00]e‰‡[07][00]"[01]Ú[00]À[03]ÿÿÿÿÿÿ[1C]ÿž|á[08][00]E[00][00]Èaó[00][00]ÿ[11]zÙÀ¨[1D]°ÿÿÿÿ

------------------- Rx Data ---------------Rx_next_packet: 65283
Rx_packet_length: 1500
Rx_pkt_count: 19
ÿ[0E]ï[15][08]ßÈ[08][06][00][01][08][00][06][04][00][01][0E]ï[15][08]ßÈÀ¨[1D]/[00][00][00][00][00][00]À¨[1D]˜[00][00][00][00][00][00][00][00][00][00][00][00][00][00][00][00][00][00]e‰‡[07][00]"[01]Ú[00]À[03]ÿÿÿÿÿÿ[1C]ÿž|á[08][00]E[00][00]Èaó[00][00]ÿ[11]zÙÀ¨[1D]°ÿÿÿÿ

------------------- Rx Data ---------------Rx_next_packet: 65283
Rx_packet_length: 1500
Rx_pkt_count: 18
ÿ[0E]ï[15][08]ßÈ[08][06][00][01][08][00][06][04][00][01][0E]ï[15][08]ßÈÀ¨[1D]/[00][00][00][00][00][00]À¨[1D]˜[00][00][00][00][00][00][00][00][00][00][00][00][00][00][00][00][00][00]e‰‡[07][00]"[01]Ú[00]À[03]ÿÿÿÿÿÿ[1C]ÿž|á[08][00]E[00][00]Èaó[00][00]ÿ[11]zÙÀ¨[1D]°ÿÿÿÿ

------------------- Rx Data ---------------Rx_next_packet: 65283
Rx_packet_length: 1500
Rx_pkt_count: 17
ÿ[0E]ï[15][08]ßÈ[08][06][00][01][08][00][06][04][00][01][0E]ï[15][08]ßÈÀ¨[1D]/[00][00][00][00][00][00]À¨[1D]˜[00][00][00][00][00][00][00][00][00][00][00][00][00][00][00][00][00][00]e‰‡[07][00]"[01]Ú[00]À[03]ÿÿÿÿÿÿ[1C]ÿž|á[08][00]E[00][00]Èaó[00][00]ÿ[11]zÙÀ¨[1D]°ÿÿÿÿ

------------------- Rx Data ---------------Rx_next_packet: 65283
Rx_packet_length: 1500
Rx_pkt_count: 16
ÿ[0E]ï[15][08]ßÈ[08][06][00][01][08][00][06][04][00][01][0E]ï[15][08]ßÈÀ¨[1D]/[00][00][00][00][00][00]À¨[1D]˜[00][00][00][00][00][00][00][00][00][00][00][00][00][00][00][00][00][00]e‰‡[07][00]"[01]Ú[00]À[03]ÿÿÿÿÿÿ[1C]ÿž|á[08][00]E[00][00]Èaó[00][00]ÿ[11]zÙÀ¨[1D]°ÿÿÿÿ

------------------- Rx Data ---------------Rx_next_packet: 65283
Rx_packet_length: 1500
Rx_pkt_count: 15
ÿ[0E]ï[15][08]ßÈ[08][06][00][01][08][00][06][04][00][01][0E]ï[15][08]ßÈÀ¨[1D]/[00][00][00][00][00][00]À¨[1D]˜[00][00][00][00][00][00][00][00][00][00][00][00][00][00][00][00][00][00]e‰‡[07][00]"[01]Ú[00]À[03]ÿÿÿÿÿÿ[1C]ÿž|á[08][00]E[00][00]Èaó[00][00]ÿ[11]zÙÀ¨[1D]°ÿÿÿÿ

------------------- Rx Data ---------------Rx_next_packet: 65283
Rx_packet_length: 1500
Rx_pkt_count: 14
ÿ[0E]ï[15][08]ßÈ[08][06][00][01][08][00][06][04][00][01][0E]ï[15][08]ßÈÀ¨[1D]/[00][00][00][00][00][00]À¨[1D]˜[00][00][00][00][00][00][00][00][00][00][00][00][00][00][00][00][00][00]e‰‡[07][00]"[01]Ú[00]À[03]ÿÿÿÿÿÿ[1C]ÿž|á[08][00]E[00][00]Èaó[00][00]ÿ[11]zÙÀ¨[1D]°ÿÿÿÿ

------------------- Rx Data ---------------Rx_next_packet: 65283
Rx_packet_length: 1500
Rx_pkt_count: 13
ÿ[0E]ï[15][08]ßÈ[08][06][00][01][08][00][06][04][00][01][0E]ï[15][08]ßÈÀ¨[1D]/[00][00][00][00][00][00]À¨[1D]˜[00][00][00][00][00][00][00][00][00][00][00][00][00][00][00][00][00][00]e‰‡[07][00]"[01]Ú[00]À[03]ÿÿÿÿÿÿ[1C]ÿž|á[08][00]E[00][00]Èaó[00][00]ÿ[11]zÙÀ¨[1D]°ÿÿÿÿ

------------------- Rx Data ---------------Rx_next_packet: 65283
Rx_packet_length: 1500
Rx_pkt_count: 12
ÿ[0E]ï[15][08]ßÈ[08][06][00][01][08][00][06][04][00][01][0E]ï[15][08]ßÈÀ¨[1D]/[00][00][00][00][00][00]À¨[1D]˜[00][00][00][00][00][00][00][00][00][00][00][00][00][00][00][00][00][00]e‰‡[07][00]"[01]Ú[00]À[03]ÿÿÿÿÿÿ[1C]ÿž|á[08][00]E[00][00]Èaó[00][00]ÿ[11]zÙÀ¨[1D]°ÿÿÿÿ

------------------- Rx Data ---------------Rx_next_packet: 65283
Rx_packet_length: 1500
Rx_pkt_count: 11
ÿ[0E]ï[15][08]ßÈ[08][06][00][01][08][00][06][04][00][01][0E]ï[15][08]ßÈÀ¨[1D]/[00][00][00][00][00][00]À¨[1D]˜[00][00][00][00][00][00][00][00][00][00][00][00][00][00][00][00][00][00]e‰‡[07][00]"[01]Ú[00]À[03]ÿÿÿÿÿÿ[1C]ÿž|á[08][00]E[00][00]Èaó[00][00]ÿ[11]zÙÀ¨[1D]°ÿÿÿÿ

------------------- Rx Data ---------------Rx_next_packet: 65283
Rx_packet_length: 1500
Rx_pkt_count: 10
ÿ[0E]ï[15][08]ßÈ[08][06][00][01][08][00][06][04][00][01][0E]ï[15][08]ßÈÀ¨[1D]/[00][00][00][00][00][00]À¨[1D]˜[00][00][00][00][00][00][00][00][00][00][00][00][00][00][00][00][00][00]e‰‡[07][00]"[01]Ú[00]À[03]ÿÿÿÿÿÿ[1C]ÿž|á[08][00]E[00][00]Èaó[00][00]ÿ[11]zÙÀ¨[1D]°ÿÿÿÿ

------------------- Rx Data ---------------Rx_next_packet: 65283
Rx_packet_length: 1500
Rx_pkt_count: 9
ÿ[0E]ï[15][08]ßÈ[08][06][00][01][08][00][06][04][00][01][0E]ï[15][08]ßÈÀ¨[1D]/[00][00][00][00][00][00]À¨[1D]˜[00][00][00][00][00][00][00][00][00][00][00][00][00][00][00][00][00][00]e‰‡[07][00]"[01]Ú[00]À[03]ÿÿÿÿÿÿ[1C]ÿž|á[08][00]E[00][00]Èaó[00][00]ÿ[11]zÙÀ¨[1D]°ÿÿÿÿ

------------------- Rx Data ---------------Rx_next_packet: 65283
Rx_packet_length: 1500
Rx_pkt_count: 8
ÿ[0E]ï[15][08]ßÈ[08][06][00][01][08][00][06][04][00][01][0E]ï[15][08]ßÈÀ¨[1D]/[00][00][00][00][00][00]À¨[1D]˜[00][00][00][00][00][00][00][00][00][00][00][00][00][00][00][00][00][00]e‰‡[07][00]"[01]Ú[00]À[03]ÿÿÿÿÿÿ[1C]ÿž|á[08][00]E[00][00]Èaó[00][00]ÿ[11]zÙÀ¨[1D]°ÿÿÿÿ

------------------- Rx Data ---------------Rx_next_packet: 65283
Rx_packet_length: 1500
Rx_pkt_count: 7
ÿ[0E]ï[15][08]ßÈ[08][06][00][01][08][00][06][04][00][01][0E]ï[15][08]ßÈÀ¨[1D]/[00][00][00][00][00][00]À¨[1D]˜[00][00][00][00][00][00][00][00][00][00][00][00][00][00][00][00][00][00]e‰‡[07][00]"[01]Ú[00]À[03]ÿÿÿÿÿÿ[1C]ÿž|á[08][00]E[00][00]Èaó[00][00]ÿ[11]zÙÀ¨[1D]°ÿÿÿÿ

------------------- Rx Data ---------------Rx_next_packet: 65283
Rx_packet_length: 1500
Rx_pkt_count: 6
ÿ[0E]ï[15][08]ßÈ[08][06][00][01][08][00][06][04][00][01][0E]ï[15][08]ßÈÀ¨[1D]/[00][00][00][00][00][00]À¨[1D]˜[00][00][00][00][00][00][00][00][00][00][00][00][00][00][00][00][00][00]e‰‡[07][00]"[01]Ú[00]À[03]ÿÿÿÿÿÿ[1C]ÿž|á[08][00]E[00][00]Èaó[00][00]ÿ[11]zÙÀ¨[1D]°ÿÿÿÿ

------------------- Rx Data ---------------Rx_next_packet: 65283
Rx_packet_length: 1500
Rx_pkt_count: 5
ÿ[0E]ï[15][08]ßÈ[08][06][00][01][08][00][06][04][00][01][0E]ï[15][08]ßÈÀ¨[1D]/[00][00][00][00][00][00]À¨[1D]˜[00][00][00][00][00][00][00][00][00][00][00][00][00][00][00][00][00][00]e‰‡[07][00]"[01]Ú[00]À[03]ÿÿÿÿÿÿ[1C]ÿž|á[08][00]E[00][00]Èaó[00][00]ÿ[11]zÙÀ¨[1D]°ÿÿÿÿ

------------------- Rx Data ---------------Rx_next_packet: 65283
Rx_packet_length: 1500
Rx_pkt_count: 4
ÿ[0E]ï[15][08]ßÈ[08][06][00][01][08][00][06][04][00][01][0E]ï[15][08]ßÈÀ¨[1D]/[00][00][00][00][00][00]À¨[1D]˜[00][00][00][00][00][00][00][00][00][00][00][00][00][00][00][00][00][00]e‰‡[07][00]"[01]Ú[00]À[03]ÿÿÿÿÿÿ[1C]ÿž|á[08][00]E[00][00]Èaó[00][00]ÿ[11]zÙÀ¨[1D]°ÿÿÿÿ

------------------- Rx Data ---------------Rx_next_packet: 65283
Rx_packet_length: 1500
Rx_pkt_count: 3
ÿ[0E]ï[15][08]ßÈ[08][06][00][01][08][00][06][04][00][01][0E]ï[15][08]ßÈÀ¨[1D]/[00][00][00][00][00][00]À¨[1D]˜[00][00][00][00][00][00][00][00][00][00][00][00][00][00][00][00][00][00]e‰‡[07][00]"[01]Ú[00]À[03]ÿÿÿÿÿÿ[1C]ÿž|á[08][00]E[00][00]Èaó[00][00]ÿ[11]zÙÀ¨[1D]°ÿÿÿÿ

------------------- Rx Data ---------------Rx_next_packet: 65283
Rx_packet_length: 1500
Rx_pkt_count: 2
ÿ[0E]ï[15][08]ßÈ[08][06][00][01][08][00][06][04][00][01][0E]ï[15][08]ßÈÀ¨[1D]/[00][00][00][00][00][00]À¨[1D]˜[00][00][00][00][00][00][00][00][00][00][00][00][00][00][00][00][00][00]e‰‡[07][00]"[01]Ú[00]À[03]ÿÿÿÿÿÿ[1C]ÿž|á[08][00]E[00][00]Èaó[00][00]ÿ[11]zÙÀ¨[1D]°ÿÿÿÿ

------------------- Rx Data ---------------Rx_next_packet: 65283
Rx_packet_length: 1500
Rx_pkt_count: 1
ÿ[0E]ï[15][08]ßÈ[08][06][00][01][08][00][06][04][00][01][0E]ï[15][08]ßÈÀ¨[1D]/[00][00][00][00][00][00]À¨[1D]˜[00][00][00][00][00][00][00][00][00][00][00][00][00][00][00][00][00][00]e‰‡[07][00]"[01]Ú[00]À[03]ÿÿÿÿÿÿ[1C]ÿž|á[08][00]E[00][00]Èaó[00][00]ÿ[11]zÙÀ¨[1D]°ÿÿÿÿ

System Starting...
rx_buffer_start: 0
rx_buffer_end: 6654
tx_buffer_start: 6655
tx_buffer_end: 8191
next_packet_ptr: 0

------------------- Rx Data ---------------Rx_next_packet: 70
Rx_packet_length: 60
Rx_pkt_count: 1
ÿÿÿÿÿÿ[0E]ï[15][08]ßÈ[08][06][00][01][08][00][06][04][00][01][0E]ï[15][08]ßÈÀ¨[1D]/[00][00][00][00][00][00]À¨[1D];[00][00][00][00][00][00][00][00][00][00][00][00][00][00][00][00][00][00][00][00][00][00][00][00][00][00][00][00][00][00][00][00][00][00][00][00][00][00][00][00][00][00][00][00][00][00][00][00][00][00][00][00][00][00][00][00][00][00]

------------------- Rx Data ---------------Rx_next_packet: 70
Rx_packet_length: 60
Rx_pkt_count: 1
ÿÿÿÿÿÿ[0E]ï[15][08]ßÈ[08][06][00][01][08][00][06][04][00][01][0E]ï[15][08]ßÈÀ¨[1D]/[00][00][00][00][00][00]À¨[1D];[00][00][00][00][00][00][00][00][00][00][00][00][00][00][00][00][00][00][00][00][00][00][00][00][00][00][00][00][00][00][00][00][00][00][00][00][00][00][00][00][00][00][00][00][00][00][00][00][00][00][00][00][00][00][00][00][00][00]

------------------- Rx Data ---------------Rx_next_packet: 70
Rx_packet_length: 60
Rx_pkt_count: 1
ÿÿÿÿÿÿ[0E]ï[15][08]ßÈ[08][06][00][01][08][00][06][04][00][01][0E]ï[15][08]ßÈÀ¨[1D]/[00][00][00][00][00][00]À¨[1D];[00][00][00][00][00][00][00][00][00][00][00][00][00][00][00][00][00][00][00][00][00][00][00][00][00][00][00][00][00][00][00][00][00][00][00][00][00][00][00][00][00][00][00][00][00][00][00][00][00][00][00][00][00][00][00][00][00][00]

------------------- Rx Data ---------------Rx_next_packet: 70
Rx_packet_length: 60
Rx_pkt_count: 1
ÿÿÿÿÿÿ[0E]ï[15][08]ßÈ[08][06][00][01][08][00][06][04][00][01][0E]ï[15][08]ßÈÀ¨[1D]/[00][00][00][00][00][00]À¨[1D];[00][00][00][00][00][00][00][00][00][00][00][00][00][00][00][00][00][00][00][00][00][00][00][00][00][00][00][00][00][00][00][00][00][00][00][00][00][00][00][00][00][00][00][00][00][00][00][00][00][00][00][00][00][00][00][00][00][00]

------------------- Rx Data ---------------Rx_next_packet: 70
Rx_packet_length: 60
Rx_pkt_count: 2
ÿÿÿÿÿÿ[0E]ï[15][08]ßÈ[08][06][00][01][08][00][06][04][00][01][0E]ï[15][08]ßÈÀ¨[1D]/[00][00][00][00][00][00]À¨[1D];[00][00][00][00][00][00][00][00][00][00][00][00][00][00][00][00][00][00][00][00][00][00][00][00][00][00][00][00][00][00][00][00][00][00][00][00][00][00][00][00][00][00][00][00][00][00][00][00][00][00][00][00][00][00][00][00][00][00]

------------------- Rx Data ---------------Rx_next_packet: 70
Rx_packet_length: 60
Rx_pkt_count: 1
ÿÿÿÿÿÿ[0E]ï[15][08]ßÈ[08][06][00][01][08][00][06][04][00][01][0E]ï[15][08]ßÈÀ¨[1D]/[00][00][00][00][00][00]À¨[1D];[00][00][00][00][00][00][00][00][00][00][00][00][00][00][00][00][00][00][00][00][00][00][00][00][00][00][00][00][00][00][00][00][00][00][00][00][00][00][00][00][00][00][00][00][00][00][00][00][00][00][00][00][00][00][00][00][00][00]

------------------- Rx Data ---------------Rx_next_packet: 70
Rx_packet_length: 60
Rx_pkt_count: 3
ÿÿÿÿÿÿ[0E]ï[15][08]ßÈ[08][06][00][01][08][00][06][04][00][01][0E]ï[15][08]ßÈÀ¨[1D]/[00][00][00][00][00][00]À¨[1D];[00][00][00][00][00][00][00][00][00][00][00][00][00][00][00][00][00][00][00][00][00][00][00][00][00][00][00][00][00][00][00][00][00][00][00][00][00][00][00][00][00][00][00][00][00][00][00][00][00][00][00][00][00][00][00][00][00][00]

------------------- Rx Data ---------------Rx_next_packet: 70
Rx_packet_length: 60
Rx_pkt_count: 2
ÿÿÿÿÿÿ[0E]ï[15][08]ßÈ[08][06][00][01][08][00][06][04][00][01][0E]ï[15][08]ßÈÀ¨[1D]/[00][00][00][00][00][00]À¨[1D];[00][00][00][00][00][00][00][00][00][00][00][00][00][00][00][00][00][00][00][00][00][00][00][00][00][00][00][00][00][00][00][00][00][00][00][00][00][00][00][00][00][00][00][00][00][00][00][00][00][00][00][00][00][00][00][00][00][00]

------------------- Rx Data ---------------Rx_next_packet: 70
Rx_packet_length: 60
Rx_pkt_count: 5
ÿÿÿÿÿÿ[0E]ï[15][08]ßÈ[08][06][00][01][08][00][06][04][00][01][0E]ï[15][08]ßÈÀ¨[1D]/[00][00][00][00][00][00]À¨[1D];[00][00][00][00][00][00][00][00][00][00][00][00][00][00][00][00][00][00][00][00][00][00][00][00][00][00][00][00][00][00][00][00][00][00][00][00][00][00][00][00][00][00][00][00][00][00][00][00][00][00][00][00][00][00][00][00][00][00]

------------------- Rx Data ---------------Rx_next_packet: 70
Rx_packet_length: 60
Rx_pkt_count: 4
ÿÿÿÿÿÿ[0E]ï[15][08]ßÈ[08][06][00][01][08][00][06][04][00][01][0E]ï[15][08]ßÈÀ¨[1D]/[00][00][00][00][00][00]À¨[1D];[00][00][00][00][00][00][00][00][00][00][00][00][00][00][00][00][00][00][00][00][00][00][00][00][00][00][00][00][00][00][00][00][00][00][00][00][00][00][00][00][00][00][00][00][00][00][00][00][00][00][00][00][00][00][00][00][00][00]

------------------- Rx Data ---------------Rx_next_packet: 70
Rx_packet_length: 60
Rx_pkt_count: 4
ÿÿÿÿÿÿ[0E]ï[15][08]ßÈ[08][06][00][01][08][00][06][04][00][01][0E]ï[15][08]ßÈÀ¨[1D]/[00][00][00][00][00][00]À¨[1D];[00][00][00][00][00][00][00][00][00][00][00][00][00][00][00][00][00][00][00][00][00][00][00][00][00][00][00][00][00][00][00][00][00][00][00][00][00][00][00][00][00][00][00][00][00][00][00][00][00][00][00][00][00][00][00][00][00][00]

------------------- Rx Data ---------------Rx_next_packet: 70
Rx_packet_length: 60
Rx_pkt_count: 4
ÿÿÿÿÿÿ[0E]ï[15][08]ßÈ[08][06][00][01][08][00][06][04][00][01][0E]ï[15][08]ßÈÀ¨[1D]/[00][00][00][00][00][00]À¨[1D];[00][00][00][00][00][00][00][00][00][00][00][00][00][00][00][00][00][00][00][00][00][00][00][00][00][00][00][00][00][00][00][00][00][00][00][00][00][00][00][00][00][00][00][00][00][00][00][00][00][00][00][00][00][00][00][00][00][00]

------------------- Rx Data ---------------Rx_next_packet: 70
Rx_packet_length: 60
Rx_pkt_count: 3
ÿÿÿÿÿÿ[0E]ï[15][08]ßÈ[08][06][00][01][08][00][06][04][00][01][0E]ï[15][08]ßÈÀ¨[1D]/[00][00][00][00][00][00]À¨[1D];[00][00][00][00][00][00][00][00][00][00][00][00][00][00][00][00][00][00][00][00][00][00][00][00][00][00][00][00][00][00][00][00][00][00][00][00][00][00][00][00][00][00][00][00][00][00][00][00][00][00][00][00][00][00][00][00][00][00]

------------------- Rx Data ---------------Rx_next_packet: 70
Rx_packet_length: 60
Rx_pkt_count: 4
ÿÿÿÿÿÿ[0E]ï[15][08]ßÈ[08][06][00][01][08][00][06][04][00][01][0E]ï[15][08]ßÈÀ¨[1D]/[00][00][00][00][00][00]À¨[1D];[00][00][00][00][00][00][00][00][00][00][00][00][00][00][00][00][00][00][00][00][00][00][00][00][00][00][00][00][00][00][00][00][00][00][00][00][00][00][00][00][00][00][00][00][00][00][00][00][00][00][00][00][00][00][00][00][00][00]

------------------- Rx Data ---------------Rx_next_packet: 70
Rx_packet_length: 60
Rx_pkt_count: 3
ÿÿÿÿÿÿ[0E]ï[15][08]ßÈ[08][06][00][01][08][00][06][04][00][01][0E]ï[15][08]ßÈÀ¨[1D]/[00][00][00][00][00][00]À¨[1D];[00][00][00][00][00][00][00][00][00][00][00][00][00][00][00][00][00][00][00][00][00][00][00][00][00][00][00][00][00][00][00][00][00][00][00][00][00][00][00][00][00][00][00][00][00][00][00][00][00][00][00][00][00][00][00][00][00][00]

------------------- Rx Data ---------------Rx_next_packet: 70
Rx_packet_length: 60
Rx_pkt_count: 3
ÿÿÿÿÿÿ[0E]ï[15][08]ßÈ[08][06][00][01][08][00][06][04][00][01][0E]ï[15][08]ßÈÀ¨[1D]/[00][00][00][00][00][00]À¨[1D];[00][00][00][00][00][00][00][00][00][00][00][00][00][00][00][00][00][00][00][00][00][00][00][00][00][00][00][00][00][00][00][00][00][00][00][00][00][00][00][00][00][00][00][00][00][00][00][00][00][00][00][00][00][00][00][00][00][00]

------------------- Rx Data ---------------Rx_next_packet: 70
Rx_packet_length: 60
Rx_pkt_count: 5
ÿÿÿÿÿÿ[0E]ï[15][08]ßÈ[08][06][00][01][08][00][06][04][00][01][0E]ï[15][08]ßÈÀ¨[1D]/[00][00][00][00][00][00]À¨[1D];[00][00][00][00][00][00][00][00][00][00][00][00][00][00][00][00][00][00][00][00][00][00][00][00][00][00][00][00][00][00][00][00][00][00][00][00][00][00][00][00][00][00][00][00][00][00][00][00][00][00][00][00][00][00][00][00][00][00]

------------------- Rx Data ---------------Rx_next_packet: 70
Rx_packet_length: 60
Rx_pkt_count: 7
ÿÿÿÿÿÿ[0E]ï[15][08]ßÈ[08][06][00][01][08][00][06][04][00][01][0E]ï[15][08]ßÈÀ¨[1D]/[00][00][00][00][00][00]À¨[1D];[00][00][00][00][00][00][00][00][00][00][00][00][00][00][00][00][00][00][00][00][00][00][00][00][00][00][00][00][00][00][00][00][00][00][00][00][00][00][00][00][00][00][00][00][00][00][00][00][00][00][00][00][00][00][00][00][00][00]

------------------- Rx Data ---------------Rx_next_packet: 70
Rx_packet_length: 60
Rx_pkt_count: 8
ÿÿÿÿÿÿ[0E]ï[15][08]ßÈ[08][06][00][01][08][00][06][04][00][01][0E]ï[15][08]ßÈÀ¨[1D]/[00][00][00][00][00][00]À¨[1D];[00][00][00][00][00][00][00][00][00][00][00][00][00][00][00][00][00][00][00][00][00][00][00][00][00][00][00][00][00][00][00][00][00][00][00][00][00][00][00][00][00][00][00][00][00][00][00][00][00][00][00][00][00][00][00][00][00][00]

------------------- Rx Data ---------------Rx_next_packet: 70
Rx_packet_length: 60
Rx_pkt_count: 7
ÿÿÿÿÿÿ[0E]ï[15][08]ßÈ[08][06][00][01][08][00][06][04][00][01][0E]ï[15][08]ßÈÀ¨[1D]/[00][00][00][00][00][00]À¨[1D];[00][00][00][00][00][00][00][00][00][00][00][00][00][00][00][00][00][00][00][00][00][00][00][00][00][00][00][00][00][00][00][00][00][00][00][00][00][00][00][00][00][00][00][00][00][00][00][00][00][00][00][00][00][00][00][00][00][00]

------------------- Rx Data ---------------Rx_next_packet: 70
Rx_packet_length: 60
Rx_pkt_count: 9
ÿÿÿÿÿÿ[0E]ï[15][08]ßÈ[08][06][00][01][08][00][06][04][00][01][0E]ï[15][08]ßÈÀ¨[1D]/[00][00][00][00][00][00]À¨[1D];[00][00][00][00][00][00][00][00][00][00][00][00][00][00][00][00][00][00][00][00][00][00][00][00][00][00][00][00][00][00][00][00][00][00][00][00][00][00][00][00][00][00][00][00][00][00][00][00][00][00][00][00][00][00][00][00][00][00]

------------------- Rx Data ---------------Rx_next_packet: 70
Rx_packet_length: 60
Rx_pkt_count: 12
ÿÿÿÿÿÿ[0E]ï[15][08]ßÈ[08][06][00][01][08][00][06][04][00][01][0E]ï[15][08]ßÈÀ¨[1D]/[00][00][00][00][00][00]À¨[1D];[00][00][00][00][00][00][00][00][00][00][00][00][00][00][00][00][00][00][00][00][00][00][00][00][00][00][00][00][00][00][00][00][00][00][00][00][00][00][00][00][00][00][00][00][00][00][00][00][00][00][00][00][00][00][00][00][00][00]

------------------- Rx Data ---------------Rx_next_packet: 70
Rx_packet_length: 60
Rx_pkt_count: 13
ÿÿÿÿÿÿ[0E]ï[15][08]ßÈ[08][06][00][01][08][00][06][04][00][01][0E]ï[15][08]ßÈÀ¨[1D]/[00][00][00][00][00][00]À¨[1D];[00][00][00][00][00][00][00][00][00][00][00][00][00][00][00][00][00][00][00][00][00][00][00][00][00][00][00][00][00][00][00][00][00][00][00][00][00][00][00][00][00][00][00][00][00][00][00][00][00][00][00][00][00][00][00][00][00][00]

------------------- Rx Data ---------------Rx_next_packet: 70
Rx_packet_length: 60
Rx_pkt_count: 15
ÿÿÿÿÿÿ[0E]ï[15][08]ßÈ[08][06][00][01][08][00][06][04][00][01][0E]ï[15][08]ßÈÀ¨[1D]/[00][00][00][00][00][00]À¨[1D];[00][00][00][00][00][00][00][00][00][00][00][00][00][00][00][00][00][00][00][00][00][00][00][00][00][00][00][00][00][00][00][00][00][00][00][00][00][00][00][00][00][00][00][00][00][00][00][00][00][00][00][00][00][00][00][00][00][00]

------------------- Rx Data ---------------Rx_next_packet: 70
Rx_packet_length: 60
Rx_pkt_count: 15
ÿÿÿÿÿÿ[0E]ï[15][08]ßÈ[08][06][00][01][08][00][06][04][00][01][0E]ï[15][08]ßÈÀ¨[1D]/[00][00][00][00][00][00]À¨[1D];[00][00][00][00][00][00][00][00][00][00][00][00][00][00][00][00][00][00][00][00][00][00][00][00][00][00][00][00][00][00][00][00][00][00][00][00][00][00][00][00][00][00][00][00][00][00][00][00][00][00][00][00][00][00][00][00][00][00]

------------------- Rx Data ---------------Rx_next_packet: 70
Rx_packet_length: 60
Rx_pkt_count: 17
ÿÿÿÿÿÿ[0E]ï[15][08]ßÈ[08][06][00][01][08][00][06][04][00][01][0E]ï[15][08]ßÈÀ¨[1D]/[00][00][00][00][00][00]À¨[1D];[00][00][00][00][00][00][00][00][00][00][00][00][00][00][00][00][00][00][00][00][00][00][00][00][00][00][00][00][00][00][00][00][00][00][00][00][00][00][00][00][00][00][00][00][00][00][00][00][00][00][00][00][00][00][00][00][00][00]

------------------- Rx Data ---------------Rx_next_packet: 70
Rx_packet_length: 60
Rx_pkt_count: 16
ÿÿÿÿÿÿ[0E]ï[15][08]ßÈ[08][06][00][01][08][00][06][04][00][01][0E]ï[15][08]ßÈÀ¨[1D]/[00][00][00][00][00][00]À¨[1D];[00][00][00][00][00][00][00][00][00][00][00][00][00][00][00][00][00][00][00][00][00][00][00][00][00][00][00][00][00][00][00][00][00][00][00][00][00][00][00][00][00][00][00][00][00][00][00][00][00][00][00][00][00][00][00][00][00][00]

------------------- Rx Data ---------------Rx_next_packet: 70
Rx_packet_length: 60
Rx_pkt_count: 18
ÿÿÿÿÿÿ[0E]ï[15][08]ßÈ[08][06][00][01][08][00][06][04][00][01][0E]ï[15][08]ßÈÀ¨[1D]/[00][00][00][00][00][00]À¨[1D];[00][00][00][00][00][00][00][00][00][00][00][00][00][00][00][00][00][00][00][00][00][00][00][00][00][00][00][00][00][00][00][00][00][00][00][00][00][00][00][00][00][00][00][00][00][00][00][00][00][00][00][00][00][00][00][00][00][00]

------------------- Rx Data ---------------Rx_next_packet: 70
Rx_packet_length: 60
Rx_pkt_count: 18
ÿÿÿÿÿÿ[0E]ï[15][08]ßÈ[08][06][00][01][08][00][06][04][00][01][0E]ï[15][08]ßÈÀ¨[1D]/[00][00][00][00][00][00]À¨[1D];[00][00][00][00][00][00][00][00][00][00][00][00][00][00][00][00][00][00][00][00][00][00][00][00][00][00][00][00][00][00][00][00][00][00][00][00][00][00][00][00][00][00][00][00][00][00][00][00][00][00][00][00][00][00][00][00][00][00]

------------------- Rx Data ---------------Rx_next_packet: 70
Rx_packet_length: 60
Rx_pkt_count: 17
ÿÿÿÿÿÿ[0E]ï[15][08]ßÈ[08][06][00][01][08][00][06][04][00][01][0E]ï[15][08]ßÈÀ¨[1D]/[00][00][00][00][00][00]À¨[1D];[00][00][00][00][00][00][00][00][00][00][00][00][00][00][00][00][00][00][00][00][00][00][00][00][00][00][00][00][00][00][00][00][00][00][00][00][00][00][00][00][00][00][00][00][00][00][00][00][00][00][00][00][00][00][00][00][00][00]

------------------- Rx Data ---------------Rx_next_packet: 70
Rx_packet_length: 60
Rx_pkt_count: 51
ÿÿÿÿÿÿ[0E]ï[15][08]ßÈ[08][06][00][01][08][00][06][04][00][01][0E]ï[15][08]ßÈÀ¨[1D]/[00][00][00][00][00][00]À¨[1D];[00][00][00][00][00][00][00][00][00][00][00][00][00][00][00][00][00][00][00][00][00][00][00][00][00][00][00][00][00][00][00][00][00][00][00][00][00][00][00][00][00][00][00][00][00][00][00][00][00][00][00][00][00][00][00][00][00][00]

------------------- Rx Data ---------------Rx_next_packet: 70
Rx_packet_length: 60
Rx_pkt_count: 50
ÿÿÿÿÿÿ[0E]ï[15][08]ßÈ[08][06][00][01][08][00][06][04][00][01][0E]ï[15][08]ßÈÀ¨[1D]/[00][00][00][00][00][00]À¨[1D];[00][00][00][00][00][00][00][00][00][00][00][00][00][00][00][00][00][00][00][00][00][00][00][00][00][00][00][00][00][00][00][00][00][00][00][00][00][00][00][00][00][00][00][00][00][00][00][00][00][00][00][00][00][00][00][00][00][00]

------------------- Rx Data ---------------Rx_next_packet: 70
Rx_packet_length: 60
Rx_pkt_count: 49
ÿÿÿÿÿÿ[0E]ï[15][08]ßÈ[08][06][00][01][08][00][06][04][00][01][0E]ï[15][08]ßÈÀ¨[1D]/[00][00][00][00][00][00]À¨[1D];[00][00][00][00][00][00][00][00][00][00][00][00][00][00][00][00][00][00][00][00][00][00][00][00][00][00][00][00][00][00][00][00][00][00][00][00][00][00][00][00][00][00][00][00][00][00][00][00][00][00][00][00][00][00][00][00][00][00]

------------------- Rx Data ---------------Rx_next_packet: 70
Rx_packet_length: 60
Rx_pkt_count: 48
ÿÿÿÿÿÿ[0E]ï[15][08]ßÈ[08][06][00][01][08][00][06][04][00][01][0E]ï[15][08]ßÈÀ¨[1D]/[00][00][00][00][00][00]À¨[1D];[00][00][00][00][00][00][00][00][00][00][00][00][00][00][00][00][00][00][00][00][00][00][00][00][00][00][00][00][00][00][00][00][00][00][00][00][00][00][00][00][00][00][00][00][00][00][00][00][00][00][00][00][00][00][00][00][00][00]

------------------- Rx Data ---------------Rx_next_packet: 70
Rx_packet_length: 60
Rx_pkt_count: 47
ÿÿÿÿÿÿ[0E]ï[15][08]ßÈ[08][06][00][01][08][00][06][04][00][01][0E]ï[15][08]ßÈÀ¨[1D]/[00][00][00][00][00][00]À¨[1D];[00][00][00][00][00][00][00][00][00][00][00][00][00][00][00][00][00][00][00][00][00][00][00][00][00][00][00][00][00][00][00][00][00][00][00][00][00][00][00][00][00][00][00][00][00][00][00][00][00][00][00][00][00][00][00][00][00][00]

------------------- Rx Data ---------------Rx_next_packet: 70
Rx_packet_length: 60
Rx_pkt_count: 46
ÿÿÿÿÿÿ[0E]ï[15][08]ßÈ[08][06][00][01][08][00][06][04][00][01][0E]ï[15][08]ßÈÀ¨[1D]/[00][00][00][00][00][00]À¨[1D];[00][00][00][00][00][00][00][00][00][00][00][00][00][00][00][00][00][00][00][00][00][00][00][00][00][00][00][00][00][00][00][00][00][00][00][00][00][00][00][00][00][00][00][00][00][00][00][00][00][00][00][00][00][00][00][00][00][00]

------------------- Rx Data ---------------Rx_next_packet: 70
Rx_packet_length: 60
Rx_pkt_count: 45
ÿÿÿÿÿÿ[0E]ï[15][08]ßÈ[08][06][00][01][08][00][06][04][00][01][0E]ï[15][08]ßÈÀ¨[1D]/[00][00][00][00][00][00]À¨[1D];[00][00][00][00][00][00][00][00][00][00][00][00][00][00][00][00][00][00][00][00][00][00][00][00][00][00][00][00][00][00][00][00][00][00][00][00][00][00][00][00][00][00][00][00][00][00][00][00][00][00][00][00][00][00][00][00][00][00]

------------------- Rx Data ---------------Rx_next_packet: 70
Rx_packet_length: 60
Rx_pkt_count: 44
ÿÿÿÿÿÿ[0E]ï[15][08]ßÈ[08][06][00][01][08][00][06][04][00][01][0E]ï[15][08]ßÈÀ¨[1D]/[00][00][00][00][00][00]À¨[1D];[00][00][00][00][00][00][00][00][00][00][00][00][00][00][00][00][00][00][00][00][00][00][00][00][00][00][00][00][00][00][00][00][00][00][00][00][00][00][00][00][00][00][00][00][00][00][00][00][00][00][00][00][00][00][00][00][00][00]

------------------- Rx Data ---------------Rx_next_packet: 70
Rx_packet_length: 60
Rx_pkt_count: 43
ÿÿÿÿÿÿ[0E]ï[15][08]ßÈ[08][06][00][01][08][00][06][04][00][01][0E]ï[15][08]ßÈÀ¨[1D]/[00][00][00][00][00][00]À¨[1D];[00][00][00][00][00][00][00][00][00][00][00][00][00][00][00][00][00][00][00][00][00][00][00][00][00][00][00][00][00][00][00][00][00][00][00][00][00][00][00][00][00][00][00][00][00][00][00][00][00][00][00][00][00][00][00][00][00][00]

------------------- Rx Data ---------------Rx_next_packet: 70
Rx_packet_length: 60
Rx_pkt_count: 42
ÿÿÿÿÿÿ[0E]ï[15][08]ßÈ[08][06][00][01][08][00][06][04][00][01][0E]ï[15][08]ßÈÀ¨[1D]/[00][00][00][00][00][00]À¨[1D];[00][00][00][00][00][00][00][00][00][00][00][00][00][00][00][00][00][00][00][00][00][00][00][00][00][00][00][00][00][00][00][00][00][00][00][00][00][00][00][00][00][00][00][00][00][00][00][00][00][00][00][00][00][00][00][00][00][00]

------------------- Rx Data ---------------Rx_next_packet: 70
Rx_packet_length: 60
Rx_pkt_count: 41
ÿÿÿÿÿÿ[0E]ï[15][08]ßÈ[08][06][00][01][08][00][06][04][00][01][0E]ï[15][08]ßÈÀ¨[1D]/[00][00][00][00][00][00]À¨[1D];[00][00][00][00][00][00][00][00][00][00][00][00][00][00][00][00][00][00][00][00][00][00][00][00][00][00][00][00][00][00][00][00][00][00][00][00][00][00][00][00][00][00][00][00][00][00][00][00][00][00][00][00][00][00][00][00][00][00]

------------------- Rx Data ---------------Rx_next_packet: 70
Rx_packet_length: 60
Rx_pkt_count: 40
ÿÿÿÿÿÿ[0E]ï[15][08]ßÈ[08][06][00][01][08][00][06][04][00][01][0E]ï[15][08]ßÈÀ¨[1D]/[00][00][00][00][00][00]À¨[1D];[00][00][00][00][00][00][00][00][00][00][00][00][00][00][00][00][00][00][00][00][00][00][00][00][00][00][00][00][00][00][00][00][00][00][00][00][00][00][00][00][00][00][00][00][00][00][00][00][00][00][00][00][00][00][00][00][00][00]

------------------- Rx Data ---------------Rx_next_packet: 70
Rx_packet_length: 60
Rx_pkt_count: 39
ÿÿÿÿÿÿ[0E]ï[15][08]ßÈ[08][06][00][01][08][00][06][04][00][01][0E]ï[15][08]ßÈÀ¨[1D]/[00][00][00][00][00][00]À¨[1D];[00][00][00][00][00][00][00][00][00][00][00][00][00][00][00][00][00][00][00][00][00][00][00][00][00][00][00][00][00][00][00][00][00][00][00][00][00][00][00][00][00][00][00][00][00][00][00][00][00][00][00][00][00][00][00][00][00][00]

------------------- Rx Data ---------------Rx_next_packet: 70
Rx_packet_length: 60
Rx_pkt_count: 38
ÿÿÿÿÿÿ[0E]ï[15][08]ßÈ[08][06][00][01][08][00][06][04][00][01][0E]ï[15][08]ßÈÀ¨[1D]/[00][00][00][00][00][00]À¨[1D];[00][00][00][00][00][00][00][00][00][00][00][00][00][00][00][00][00][00][00][00][00][00][00][00][00][00][00][00][00][00][00][00][00][00][00][00][00][00][00][00][00][00][00][00][00][00][00][00][00][00][00][00][00][00][00][00][00][00]

------------------- Rx Data ---------------Rx_next_packet: 70
Rx_packet_length: 60
Rx_pkt_count: 37
ÿÿÿÿÿÿ[0E]ï[15][08]ßÈ[08][06][00][01][08][00][06][04][00][01][0E]ï[15][08]ßÈÀ¨[1D]/[00][00][00][00][00][00]À¨[1D];[00][00][00][00][00][00][00][00][00][00][00][00][00][00][00][00][00][00][00][00][00][00][00][00][00][00][00][00][00][00][00][00][00][00][00][00][00][00][00][00][00][00][00][00][00][00][00][00][00][00][00][00][00][00][00][00][00][00]

------------------- Rx Data ---------------Rx_next_packet: 70
Rx_packet_length: 60
Rx_pkt_count: 36
ÿÿÿÿÿÿ[0E]ï[15][08]ßÈ[08][06][00][01][08][00][06][04][00][01][0E]ï[15][08]ßÈÀ¨[1D]/[00][00][00][00][00][00]À¨[1D];[00][00][00][00][00][00][00][00][00][00][00][00][00][00][00][00][00][00][00][00][00][00][00][00][00][00][00][00][00][00][00][00][00][00][00][00][00][00][00][00][00][00][00][00][00][00][00][00][00][00][00][00][00][00][00][00][00][00]

------------------- Rx Data ---------------Rx_next_packet: 70
Rx_packet_length: 60
Rx_pkt_count: 35
ÿÿÿÿÿÿ[0E]ï[15][08]ßÈ[08][06][00][01][08][00][06][04][00][01][0E]ï[15][08]ßÈÀ¨[1D]/[00][00][00][00][00][00]À¨[1D];[00][00][00][00][00][00][00][00][00][00][00][00][00][00][00][00][00][00][00][00][00][00][00][00][00][00][00][00][00][00][00][00][00][00][00][00][00][00][00][00][00][00][00][00][00][00][00][00][00][00][00][00][00][00][00][00][00][00]

------------------- Rx Data ---------------Rx_next_packet: 70
Rx_packet_length: 60
Rx_pkt_count: 34
ÿÿÿÿÿÿ[0E]ï[15][08]ßÈ[08][06][00][01][08][00][06][04][00][01][0E]ï[15][08]ßÈÀ¨[1D]/[00][00][00][00][00][00]À¨[1D];[00][00][00][00][00][00][00][00][00][00][00][00][00][00][00][00][00][00][00][00][00][00][00][00][00][00][00][00][00][00][00][00][00][00][00][00][00][00][00][00][00][00][00][00][00][00][00][00][00][00][00][00][00][00][00][00][00][00]

------------------- Rx Data ---------------Rx_next_packet: 70
Rx_packet_length: 60
Rx_pkt_count: 33
ÿÿÿÿÿÿ[0E]ï[15][08]ßÈ[08][06][00][01][08][00][06][04][00][01][0E]ï[15][08]ßÈÀ¨[1D]/[00][00][00][00][00][00]À¨[1D];[00][00][00][00][00][00][00][00][00][00][00][00][00][00][00][00][00][00][00][00][00][00][00][00][00][00][00][00][00][00][00][00][00][00][00][00][00][00][00][00][00][00][00][00][00][00][00][00][00][00][00][00][00][00][00][00][00][00]

------------------- Rx Data ---------------Rx_next_packet: 70
Rx_packet_length: 60
Rx_pkt_count: 32
ÿÿÿÿÿÿ[0E]ï[15][08]ßÈ[08][06][00][01][08][00][06][04][00][01][0E]ï[15][08]ßÈÀ¨[1D]/[00][00][00][00][00][00]À¨[1D];[00][00][00][00][00][00][00][00][00][00][00][00][00][00][00][00][00][00][00][00][00][00][00][00][00][00][00][00][00][00][00][00][00][00][00][00][00][00][00][00][00][00][00][00][00][00][00][00][00][00][00][00][00][00][00][00][00][00]

------------------- Rx Data ---------------Rx_next_packet: 70
Rx_packet_length: 60
Rx_pkt_count: 31
ÿÿÿÿÿÿ[0E]ï[15][08]ßÈ[08][06][00][01][08][00][06][04][00][01][0E]ï[15][08]ßÈÀ¨[1D]/[00][00][00][00][00][00]À¨[1D];[00][00][00][00][00][00][00][00][00][00][00][00][00][00][00][00][00][00][00][00][00][00][00][00][00][00][00][00][00][00][00][00][00][00][00][00][00][00][00][00][00][00][00][00][00][00][00][00][00][00][00][00][00][00][00][00][00][00]

------------------- Rx Data ---------------Rx_next_packet: 70
Rx_packet_length: 60
Rx_pkt_count: 30
ÿÿÿÿÿÿ[0E]ï[15][08]ßÈ[08][06][00][01][08][00][06][04][00][01][0E]ï[15][08]ßÈÀ¨[1D]/[00][00][00][00][00][00]À¨[1D];[00][00][00][00][00][00][00][00][00][00][00][00][00][00][00][00][00][00][00][00][00][00][00][00][00][00][00][00][00][00][00][00][00][00][00][00][00][00][00][00][00][00][00][00][00][00][00][00][00][00][00][00][00][00][00][00][00][00]

------------------- Rx Data ---------------Rx_next_packet: 70
Rx_packet_length: 60
Rx_pkt_count: 29
ÿÿÿÿÿÿ[0E]ï[15][08]ßÈ[08][06][00][01][08][00][06][04][00][01][0E]ï[15][08]ßÈÀ¨[1D]/[00][00][00][00][00][00]À¨[1D];[00][00][00][00][00][00][00][00][00][00][00][00][00][00][00][00][00][00][00][00][00][00][00][00][00][00][00][00][00][00][00][00][00][00][00][00][00][00][00][00][00][00][00][00][00][00][00][00][00][00][00][00][00][00][00][00][00][00]

------------------- Rx Data ---------------Rx_next_packet: 70
Rx_packet_length: 60
Rx_pkt_count: 28
ÿÿÿÿÿÿ[0E]ï[15][08]ßÈ[08][06][00][01][08][00][06][04][00][01][0E]ï[15][08]ßÈÀ¨[1D]/[00][00][00][00][00][00]À¨[1D];[00][00][00][00][00][00][00][00][00][00][00][00][00][00][00][00][00][00][00][00][00][00][00][00][00][00][00][00][00][00][00][00][00][00][00][00][00][00][00][00][00][00][00][00][00][00][00][00][00][00][00][00][00][00][00][00][00][00]

------------------- Rx Data ---------------Rx_next_packet: 70
Rx_packet_length: 60
Rx_pkt_count: 27
ÿÿÿÿÿÿ[0E]ï[15][08]ßÈ[08][06][00][01][08][00][06][04][00][01][0E]ï[15][08]ßÈÀ¨[1D]/[00][00][00][00][00][00]À¨[1D];[00][00][00][00][00][00][00][00][00][00][00][00][00][00][00][00][00][00][00][00][00][00][00][00][00][00][00][00][00][00][00][00][00][00][00][00][00][00][00][00][00][00][00][00][00][00][00][00][00][00][00][00][00][00][00][00][00][00]

------------------- Rx Data ---------------Rx_next_packet: 70
Rx_packet_length: 60
Rx_pkt_count: 26
ÿÿÿÿÿÿ[0E]ï[15][08]ßÈ[08][06][00][01][08][00][06][04][00][01][0E]ï[15][08]ßÈÀ¨[1D]/[00][00][00][00][00][00]À¨[1D];[00][00][00][00][00][00][00][00][00][00][00][00][00][00][00][00][00][00][00][00][00][00][00][00][00][00][00][00][00][00][00][00][00][00][00][00][00][00][00][00][00][00][00][00][00][00][00][00][00][00][00][00][00][00][00][00][00][00]

------------------- Rx Data ---------------Rx_next_packet: 70
Rx_packet_length: 60
Rx_pkt_count: 25
ÿÿÿÿÿÿ[0E]ï[15][08]ßÈ[08][06][00][01][08][00][06][04][00][01][0E]ï[15][08]ßÈÀ¨[1D]/[00][00][00][00][00][00]À¨[1D];[00][00][00][00][00][00][00][00][00][00][00][00][00][00][00][00][00][00][00][00][00][00][00][00][00][00][00][00][00][00][00][00][00][00][00][00][00][00][00][00][00][00][00][00][00][00][00][00][00][00][00][00][00][00][00][00][00][00]

------------------- Rx Data ---------------Rx_next_packet: 70
Rx_packet_length: 60
Rx_pkt_count: 24
ÿÿÿÿÿÿ[0E]ï[15][08]ßÈ[08][06][00][01][08][00][06][04][00][01][0E]ï[15][08]ßÈÀ¨[1D]/[00][00][00][00][00][00]À¨[1D];[00][00][00][00][00][00][00][00][00][00][00][00][00][00][00][00][00][00][00][00][00][00][00][00][00][00][00][00][00][00][00][00][00][00][00][00][00][00][00][00][00][00][00][00][00][00][00][00][00][00][00][00][00][00][00][00][00][00]

------------------- Rx Data ---------------Rx_next_packet: 70
Rx_packet_length: 60
Rx_pkt_count: 23
ÿÿÿÿÿÿ[0E]ï[15][08]ßÈ[08][06][00][01][08][00][06][04][00][01][0E]ï[15][08]ßÈÀ¨[1D]/[00][00][00][00][00][00]À¨[1D];[00][00][00][00][00][00][00][00][00][00][00][00][00][00][00][00][00][00][00][00][00][00][00][00][00][00][00][00][00][00][00][00][00][00][00][00][00][00][00][00][00][00][00][00][00][00][00][00][00][00][00][00][00][00][00][00][00][00]

------------------- Rx Data ---------------Rx_next_packet: 70
Rx_packet_length: 60
Rx_pkt_count: 22
ÿÿÿÿÿÿ[0E]ï[15][08]ßÈ[08][06][00][01][08][00][06][04][00][01][0E]ï[15][08]ßÈÀ¨[1D]/[00][00][00][00][00][00]À¨[1D];[00][00][00][00][00][00][00][00][00][00][00][00][00][00][00][00][00][00][00][00][00][00][00][00][00][00][00][00][00][00][00][00][00][00][00][00][00][00][00][00][00][00][00][00][00][00][00][00][00][00][00][00][00][00][00][00][00][00]

------------------- Rx Data ---------------Rx_next_packet: 70
Rx_packet_length: 60
Rx_pkt_count: 21
ÿÿÿÿÿÿ[0E]ï[15][08]ßÈ[08][06][00][01][08][00][06][04][00][01][0E]ï[15][08]ßÈÀ¨[1D]/[00][00][00][00][00][00]À¨[1D];[00][00][00][00][00][00][00][00][00][00][00][00][00][00][00][00][00][00][00][00][00][00][00][00][00][00][00][00][00][00][00][00][00][00][00][00][00][00][00][00][00][00][00][00][00][00][00][00][00][00][00][00][00][00][00][00][00][00]

------------------- Rx Data ---------------Rx_next_packet: 70
Rx_packet_length: 60
Rx_pkt_count: 20
ÿÿÿÿÿÿ[0E]ï[15][08]ßÈ[08][06][00][01][08][00][06][04][00][01][0E]ï[15][08]ßÈÀ¨[1D]/[00][00][00][00][00][00]À¨[1D];[00][00][00][00][00][00][00][00][00][00][00][00][00][00][00][00][00][00][00][00][00][00][00][00][00][00][00][00][00][00][00][00][00][00][00][00][00][00][00][00][00][00][00][00][00][00][00][00][00][00][00][00][00][00][00][00][00][00]

------------------- Rx Data ---------------Rx_next_packet: 70
Rx_packet_length: 60
Rx_pkt_count: 19
ÿÿÿÿÿÿ[0E]ï[15][08]ßÈ[08][06][00][01][08][00][06][04][00][01][0E]ï[15][08]ßÈÀ¨[1D]/[00][00][00][00][00][00]À¨[1D];[00][00][00][00][00][00][00][00][00][00][00][00][00][00][00][00][00][00][00][00][00][00][00][00][00][00][00][00][00][00][00][00][00][00][00][00][00][00][00][00][00][00][00][00][00][00][00][00][00][00][00][00][00][00][00][00][00][00]

------------------- Rx Data ---------------Rx_next_packet: 70
Rx_packet_length: 60
Rx_pkt_count: 18
ÿÿÿÿÿÿ[0E]ï[15][08]ßÈ[08][06][00][01][08][00][06][04][00][01][0E]ï[15][08]ßÈÀ¨[1D]/[00][00][00][00][00][00]À¨[1D];[00][00][00][00][00][00][00][00][00][00][00][00][00][00][00][00][00][00][00][00][00][00][00][00][00][00][00][00][00][00][00][00][00][00][00][00][00][00][00][00][00][00][00][00][00][00][00][00][00][00][00][00][00][00][00][00][00][00]

------------------- Rx Data ---------------Rx_next_packet: 70
Rx_packet_length: 60
Rx_pkt_count: 17
ÿÿÿÿÿÿ[0E]ï[15][08]ßÈ[08][06][00][01][08][00][06][04][00][01][0E]ï[15][08]ßÈÀ¨[1D]/[00][00][00][00][00][00]À¨[1D];[00][00][00][00][00][00][00][00][00][00][00][00][00][00][00][00][00][00][00][00][00][00][00][00][00][00][00][00][00][00][00][00][00][00][00][00][00][00][00][00][00][00][00][00][00][00][00][00][00][00][00][00][00][00][00][00][00][00]

------------------- Rx Data ---------------Rx_next_packet: 70
Rx_packet_length: 60
Rx_pkt_count: 16
ÿÿÿÿÿÿ[0E]ï[15][08]ßÈ[08][06][00][01][08][00][06][04][00][01][0E]ï[15][08]ßÈÀ¨[1D]/[00][00][00][00][00][00]À¨[1D];[00][00][00][00][00][00][00][00][00][00][00][00][00][00][00][00][00][00][00][00][00][00][00][00][00][00][00][00][00][00][00][00][00][00][00][00][00][00][00][00][00][00][00][00][00][00][00][00][00][00][00][00][00][00][00][00][00][00]

------------------- Rx Data ---------------Rx_next_packet: 70
Rx_packet_length: 60
Rx_pkt_count: 15
ÿÿÿÿÿÿ[0E]ï[15][08]ßÈ[08][06][00][01][08][00][06][04][00][01][0E]ï[15][08]ßÈÀ¨[1D]/[00][00][00][00][00][00]À¨[1D];[00][00][00][00][00][00][00][00][00][00][00][00][00][00][00][00][00][00][00][00][00][00][00][00][00][00][00][00][00][00][00][00][00][00][00][00][00][00][00][00][00][00][00][00][00][00][00][00][00][00][00][00][00][00][00][00][00][00]

------------------- Rx Data ---------------Rx_next_packet: 70
Rx_packet_length: 60
Rx_pkt_count: 14
ÿÿÿÿÿÿ[0E]ï[15][08]ßÈ[08][06][00][01][08][00][06][04][00][01][0E]ï[15][08]ßÈÀ¨[1D]/[00][00][00][00][00][00]À¨[1D];[00][00][00][00][00][00][00][00][00][00][00][00][00][00][00][00][00][00][00][00][00][00][00][00][00][00][00][00][00][00][00][00][00][00][00][00][00][00][00][00][00][00][00][00][00][00][00][00][00][00][00][00][00][00][00][00][00][00]

------------------- Rx Data ---------------Rx_next_packet: 70
Rx_packet_length: 60
Rx_pkt_count: 13
ÿÿÿÿÿÿ[0E]ï[15][08]ßÈ[08][06][00][01][08][00][06][04][00][01][0E]ï[15][08]ßÈÀ¨[1D]/[00][00][00][00][00][00]À¨[1D];[00][00][00][00][00][00][00][00][00][00][00][00][00][00][00][00][00][00][00][00][00][00][00][00][00][00][00][00][00][00][00][00][00][00][00][00][00][00][00][00][00][00][00][00][00][00][00][00][00][00][00][00][00][00][00][00][00][00]

------------------- Rx Data ---------------Rx_next_packet: 70
Rx_packet_length: 60
Rx_pkt_count: 12
ÿÿÿÿÿÿ[0E]ï[15][08]ßÈ[08][06][00][01][08][00][06][04][00][01][0E]ï[15][08]ßÈÀ¨[1D]/[00][00][00][00][00][00]À¨[1D];[00][00][00][00][00][00][00][00][00][00][00][00][00][00][00][00][00][00][00][00][00][00][00][00][00][00][00][00][00][00][00][00][00][00][00][00][00][00][00][00][00][00][00][00][00][00][00][00][00][00][00][00][00][00][00][00][00][00]

------------------- Rx Data ---------------Rx_next_packet: 70
Rx_packet_length: 60
Rx_pkt_count: 11
ÿÿÿÿÿÿ[0E]ï[15][08]ßÈ[08][06][00][01][08][00][06][04][00][01][0E]ï[15][08]ßÈÀ¨[1D]/[00][00][00][00][00][00]À¨[1D];[00][00][00][00][00][00][00][00][00][00][00][00][00][00][00][00][00][00][00][00][00][00][00][00][00][00][00][00][00][00][00][00][00][00][00][00][00][00][00][00][00][00][00][00][00][00][00][00][00][00][00][00][00][00][00][00][00][00]

------------------- Rx Data ---------------Rx_next_packet: 70
Rx_packet_length: 60
Rx_pkt_count: 10
ÿÿÿÿÿÿ[0E]ï[15][08]ßÈ[08][06][00][01][08][00][06][04][00][01][0E]ï[15][08]ßÈÀ¨[1D]/[00][00][00][00][00][00]À¨[1D];[00][00][00][00][00][00][00][00]System Starting...
rx_buffer_start: 0
rx_buffer_end: 6654
tx_buffer_start: 6655
tx_buffer_end: 8191
next_packet_ptr: 0

------------------- Rx Data ---------------Rx_next_packet: 70
Rx_packet_length: 60
Rx_pkt_count: 1
ÿÿÿÿÿÿ[0E]ï[15][08]ßÈ[08][06][00][01][08][00][06][04][00][01][0E]ï[15][08]ßÈÀ¨[1D]/[00][00][00][00][00][00]À¨[1D][17][00][00][00][00][00][00][00][00][00][00][00][00][00][00][00][00][00][00][00][00][00][00][00][00][00][00][00][00][00][00][00][00][00][00][00][00][00][00][00][00][00][00][00][00][00][00][00][00][00][00][00][00][00][00][00][00][00][00]

------------------- Rx Data ---------------Rx_next_packet: 140
Rx_packet_length: 60
Rx_pkt_count: 17
ÿÿÿÿÿÿ[0E]ï[15][08]ßÈ[08][06][00][01][08][00][06][04][00][01][0E]ï[15][08]ßÈÀ¨[1D]/[00][00][00][00][00][00]À¨[1D][05][00][00][00][00][00][00][00][00][00][00][00][00][00][00][00][00][00][00][00][00][00][00][00][00][00][00][00][00][00][00][00][00][00][00][00][00][00][00][00][00][00][00][00][00][00][00][00][00][00][00][00][00][00][00][00][00][00][00]

------------------- Rx Data ---------------Rx_next_packet: 210
Rx_packet_length: 60
Rx_pkt_count: 17
ÿÿÿÿÿÿ[0E]ï[15][08]ßÈ[08][06][00][01][08][00][06][04][00][01][0E]ï[15][08]ßÈÀ¨[1D]/[00][00][00][00][00][00]À¨[1D][11][00][00][00][00][00][00][00][00][00][00][00][00][00][00][00][00][00][00][00][00][00][00][00][00][00][00][00][00][00][00][00][00][00][00][00][00][00][00][00][00][00][00][00][00][00][00][00][00][00][00][00][00][00][00][00][00][00][00]

------------------- Rx Data ---------------Rx_next_packet: 434
Rx_packet_length: 214
Rx_pkt_count: 17
ÿÿÿÿÿÿ[1C]ÿž|á[08][00]E[00][00]ÈbÅ[00][00]ÿ[11]z[07]À¨[1D]°ÿÿÿÿéO[1A][0B][00]´H…[00][00]Uª[00][00][00][00][00][00][00][13][00][00][00]œ[00][00][00][00]—¹?îKiÉ_î³Ó;Ú5)RCÞ•ß[03]vLurC„|Ðé[1D]¢ÏùFJÍà

------------------- Rx Data ---------------Rx_next_packet: 504
Rx_packet_length: 60
Rx_pkt_count: 16
ÿÿÿÿÿÿ[0E]ï[15][08]ßÈ[08][06][00][01][08][00][06][04][00][01][0E]ï[15][08]ßÈÀ¨[1D]/[00][00][00][00][00][00]À¨[1D][05][00][00][00][00][00][00][00][00][00][00][00][00][00][00][00][00][00][00][00][00]—¹?îKiÉ_î³Ó;Ú5)RCÞ•ß[03]vLurC„|Ðé[1D]¢ÏùFJÍà

------------------- Rx Data ---------------Rx_next_packet: 574
Rx_packet_length: 60
Rx_pkt_count: 17
[01][00]^[00][00][01]´§Æ†

[08][00]FÀ[00]$«Ä[00][00][01][02]º¤À¨[1D][01]à[00][00][01]”[04][00][00][11]då‡[00][00][00][00]	[14][00][00][00][00][00][00][00][00][00][00][00][00][00][00]—¹?îKiÉ_î³Ó;Ú5)RCÞ•ß[03]vLurC„|Ðé[1D]¢ÏùFJÍà

------------------- Rx Data ---------------Rx_next_packet: 644
Rx_packet_length: 60
Rx_pkt_count: 16
[01][00]^[00][00][16],`[0C]È»¶[08][00]F[00][00](·J[00][00][01][02]¯µÀ¨[1D][11]à[00][00][16]”[04][00][00]"[00]ì[03][00][00][00][01][02][00][00][00]ïÿÿú[00][00][00][00][00][00][00][00]—¹?îKiÉ_î³Ó;Ú5)RCÞ•ß[03]vLurC„|Ðé[1D]¢ÏùFJÍà

------------------- Rx Data ---------------Rx_next_packet: 714
Rx_packet_length: 60
Rx_pkt_count: 18
ÿÿÿÿÿÿ[0E]ï[15][08]ßÈ[08][06][00][01][08][00][06][04][00][01][0E]ï[15][08]ßÈÀ¨[1D]/[00][00][00][00][00][00]À¨[1D]Î[00][00][00][00][00][00][00][00][00][00][00][00][00][00][00][00][00][00][00][00]—¹?îKiÉ_î³Ó;Ú5)RCÞ•ß[03]vLurC„|Ðé[1D]¢ÏùFJÍà

------------------- Rx Data ---------------Rx_next_packet: 784
Rx_packet_length: 60
Rx_pkt_count: 19
ÿÿÿÿÿÿ[0E]ï[15][08]ßÈ[08][06][00][01][08][00][06][04][00][01][0E]ï[15][08]ßÈÀ¨[1D]/[00][00][00][00][00][00]À¨[1D][05][00][00][00][00][00][00][00][00][00][00][00][00][00][00][00][00][00][00][00][00]—¹?îKiÉ_î³Ó;Ú5)RCÞ•ß[03]vLurC„|Ðé[1D]¢ÏùFJÍà

------------------- Rx Data ---------------Rx_next_packet: 854
Rx_packet_length: 60
Rx_pkt_count: 18
[01][00]^[00][00][16].Àvš’ƒ[08][00]FÀ[00]([00][00]@[00][01][02]&.À¨[1D]#à[00][00][16]”[04][00][00]"[00]û[02][00][00][00][01][02][00][00][00]à[00][00]û[00][00][00][00][00][00][00][00]—¹?îKiÉ_î³Ó;Ú5)RCÞ•ß[03]vLurC„|Ðé[1D]¢ÏùFJÍà

------------------- Rx Data ---------------Rx_next_packet: 924
Rx_packet_length: 60
Rx_pkt_count: 18
[01][00]^[00][00][16],`[0C]È»¶[08][00]F[00][00](·K[00][00][01][02]¯´À¨[1D][11]à[00][00][16]”[04][00][00]"[00]û[01][00][00][00][01][02][00][00][00]à[00][00]ü[00][00][00][00][00][00][00][00]—¹?îKiÉ_î³Ó;Ú5)RCÞ•ß[03]vLurC„|Ðé[1D]¢ÏùFJÍà

------------------- Rx Data ---------------Rx_next_packet: 994
Rx_packet_length: 60
Rx_pkt_count: 17
ÿÿÿÿÿÿ[0E]ï[15][08]ßÈ[08][06][00][01][08][00][06][04][00][01][0E]ï[15][08]ßÈÀ¨[1D]/[00][00][00][00][00][00]À¨[1D]Î[00][00][00][00][00][00][00][00][00][00][00][00][00][00][00][00][00][00][00][00]—¹?îKiÉ_î³Ó;Ú5)RCÞ•ß[03]vLurC„|Ðé[1D]¢ÏùFJÍà

------------------- Rx Data ---------------Rx_next_packet: 1064
Rx_packet_length: 60
Rx_pkt_count: 16
ÿÿÿÿÿÿ[0E]ï[15][08]ßÈ[08][06][00][01][08][00][06][04][00][01][0E]ï[15][08]ßÈÀ¨[1D]/[00][00][00][00][00][00]À¨[1D]Î[00][00][00][00][00][00][00][00][00][00][00][00][00][00][00][00][00][00][00][00]—¹?îKiÉ_î³Ó;Ú5)RCÞ•ß[03]vLurC„|Ðé[1D]¢ÏùFJÍà

------------------- Rx Data ---------------Rx_next_packet: 1134
Rx_packet_length: 60
Rx_pkt_count: 15
ÿÿÿÿÿÿ[0E]ï[15][08]ßÈ[08][06][00][01][08][00][06][04][00][01][0E]ï[15][08]ßÈÀ¨[1D]/[00][00][00][00][00][00]À¨[1D]#[00][00][00][00][00][00][00][00][00][00][00][00][00][00][00][00][00][00][00][00]—¹?îKiÉ_î³Ó;Ú5)RCÞ•ß[03]vLurC„|Ðé[1D]¢ÏùFJÍà

------------------- Rx Data ---------------Rx_next_packet: 1358
Rx_packet_length: 214
Rx_pkt_count: 15
ÿÿÿÿÿÿ[1C]ÿž|á[08][00]E[00][00]ÈbÆ[00][00]ÿ[11]z[06]À¨[1D]°ÿÿÿÿéO[1A][0B][00]´H…[00][00]Uª[00][00][00][00][00][00][00][13][00][00][00]œ[00][00][00][00]—¹?îKiÉ_î³Ó;Ú5)RCÞ•ß[03]vLurC„|Ðé[1D]¢ÏùFJÍà

------------------- Rx Data ---------------Rx_next_packet: 1428
Rx_packet_length: 60
Rx_pkt_count: 15
[01][00]^[00][00][16]PF]LÖÐ[08][00]F[00][00](ŸÚ[00][00][01][02]Ç[1A]À¨[1D][1C]à[00][00][16]”[04][00][00]"[00]û[01][00][00][00][01][02][00][00][00]à[00][00]ü[00][00][00][00][00][00][00][00]—¹?îKiÉ_î³Ó;Ú5)RCÞ•ß[03]vLurC„|Ðé[1D]¢ÏùFJÍà

------------------- Rx Data ---------------Rx_next_packet: 1498
Rx_packet_length: 60
Rx_pkt_count: 15
ÿÿÿÿÿÿ[0E]ï[15][08]ßÈ[08][06][00][01][08][00][06][04][00][01][0E]ï[15][08]ßÈÀ¨[1D]/[00][00][00][00][00][00]À¨[1D];[00][00][00][00][00][00][00][00][00][00][00][00][00][00][00][00][00][00][00][00]—¹?îKiÉ_î³Ó;Ú5)RCÞ•ß[03]vLurC„|Ðé[1D]¢ÏùFJÍà

------------------- Rx Data ---------------Rx_next_packet: 1568
Rx_packet_length: 60
Rx_pkt_count: 16
ÿÿÿÿÿÿ[0E]ï[15][08]ßÈ[08][06][00][01][08][00][06][04][00][01][0E]ï[15][08]ßÈÀ¨[1D]/[00][00][00][00][00][00]À¨[1D][1C][00][00][00][00][00][00][00][00][00][00][00][00][00][00][00][00][00][00][00][00]—¹?îKiÉ_î³Ó;Ú5)RCÞ•ß[03]vLurC„|Ðé[1D]¢ÏùFJÍà

------------------- Rx Data ---------------Rx_next_packet: 1638
Rx_packet_length: 60
Rx_pkt_count: 15
[01][00]^[00][00][16],`[0C]È»¶[08][00]F[00][00](·L[00][00][01][02]¯³À¨[1D][11]à[00][00][16]”[04][00][00]"[00]û[02][00][00][00][01][02][00][00][00]à[00][00]û[00][00][00][00][00][00][00][00]—¹?îKiÉ_î³Ó;Ú5)RCÞ•ß[03]vLurC„|Ðé[1D]¢ÏùFJÍà

------------------- Rx Data ---------------Rx_next_packet: 1708
Rx_packet_length: 60
Rx_pkt_count: 16
ÿÿÿÿÿÿ[0E]ï[15][08]ßÈ[08][06][00][01][08][00][06][04][00][01][0E]ï[15][08]ßÈÀ¨[1D]/[00][00][00][00][00][00]À¨[1D]°[00][00][00][00][00][00][00][00][00][00][00][00][00][00][00][00][00][00][00][00]—¹?îKiÉ_î³Ó;Ú5)RCÞ•ß[03]vLurC„|Ðé[1D]¢ÏùFJÍà

------------------- Rx Data ---------------Rx_next_packet: 1778
Rx_packet_length: 60
Rx_pkt_count: 19
ÿÿÿÿÿÿ[0E]ï[15][08]ßÈ[08][06][00][01][08][00][06][04][00][01][0E]ï[15][08]ßÈÀ¨[1D]/[00][00][00][00][00][00]À¨[1D]Œ[00][00][00][00][00][00][00][00][00][00][00][00][00][00][00][00][00][00][00][00]—¹?îKiÉ_î³Ó;Ú5)RCÞ•ß[03]vLurC„|Ðé[1D]¢ÏùFJÍà

------------------- Rx Data ---------------Rx_next_packet: 1848
Rx_packet_length: 60
Rx_pkt_count: 18
ÿÿÿÿÿÿ[0E]ï[15][08]ßÈ[08][06][00][01][08][00][06][04][00][01][0E]ï[15][08]ßÈÀ¨[1D]/[00][00][00][00][00][00]À¨[1D]°[00][00][00][00][00][00][00][00][00][00][00][00][00][00][00][00][00][00][00][00]—¹?îKiÉ_î³Ó;Ú5)RCÞ•ß[03]vLurC„|Ðé[1D]¢ÏùFJÍà

------------------- Rx Data ---------------Rx_next_packet: 1918
Rx_packet_length: 60
Rx_pkt_count: 19
ÿÿÿÿÿÿ[0E]ï[15][08]ßÈ[08][06][00][01][08][00][06][04][00][01][0E]ï[15][08]ßÈÀ¨[1D]/[00][00][00][00][00][00]À¨[1D]Œ[00][00][00][00][00][00][00][00][00][00][00][00][00][00][00][00][00][00][00][00]—¹?îKiÉ_î³Ó;Ú5)RCÞ•ß[03]vLurC„|Ðé[1D]¢ÏùFJÍà

------------------- Rx Data ---------------Rx_next_packet: 1988
Rx_packet_length: 60
Rx_pkt_count: 18
[01][00]^[00][00][16]PF]LÖÐ[08][00]F[00][00](ŸÛ[00][00][01][02]Ç[19]À¨[1D][1C]à[00][00][16]”[04][00][00]"[00]û[02][00][00][00][01][02][00][00][00]à[00][00]û[00][00][00][00][00][00][00][00]—¹?îKiÉ_î³Ó;Ú5)RCÞ•ß[03]vLurC„|Ðé[1D]¢ÏùFJÍà

------------------- Rx Data ---------------Rx_next_packet: 2212
Rx_packet_length: 214
Rx_pkt_count: 19
ÿÿÿÿÿÿ[1C]ÿž|á[08][00]E[00][00]ÈbÊ[00][00]ÿ[11]z[02]À¨[1D]°ÿÿÿÿéO[1A][0B][00]´H…[00][00]Uª[00][00][00][00][00][00][00][13][00][00][00]œ[00][00][00][00]—¹?îKiÉ_î³Ó;Ú5)RCÞ•ß[03]vLurC„|Ðé[1D]¢ÏùFJÍà

------------------- Rx Data ---------------Rx_next_packet: 2282
Rx_packet_length: 60
Rx_pkt_count: 19
[01][00]^[00][00][16]PF]LÖÐ[08][00]F[00][00](ŸÜ[00][00][01][02]Ç[18]À¨[1D][1C]à[00][00][16]”[04][00][00]"[00]ì[03][00][00][00][01][02][00][00][00]ïÿÿú[00][00][00][00][00][00][00][00]—¹?îKiÉ_î³Ó;Ú5)RCÞ•ß[03]vLurC„|Ðé[1D]¢ÏùFJÍà

------------------- Rx Data ---------------Rx_next_packet: 2352
Rx_packet_length: 60
Rx_pkt_count: 21
ÿÿÿÿÿÿ[0E]ï[15][08]ßÈ[08][06][00][01][08][00][06][04][00][01][0E]ï[15][08]ßÈÀ¨[1D]/[00][00][00][00][00][00]À¨[1D]Œ[00][00][00][00][00][00][00][00][00][00][00][00][00][00][00][00][00][00][00][00]—¹?îKiÉ_î³Ó;Ú5)RCÞ•ß[03]vLurC„|Ðé[1D]¢ÏùFJÍà

------------------- Rx Data ---------------Rx_next_packet: 2422
Rx_packet_length: 60
Rx_pkt_count: 20
ÿÿÿÿÿÿ[0E]ï[15][08]ßÈ[08][06][00][01][08][00][06][04][00][01][0E]ï[15][08]ßÈÀ¨[1D]/[00][00][00][00][00][00]À¨[1D][11][00][00][00][00][00][00][00][00][00][00][00][00][00][00][00][00][00][00][00][00]—¹?îKiÉ_î³Ó;Ú5)RCÞ•ß[03]vLurC„|Ðé[1D]¢ÏùFJÍà

------------------- Rx Data ---------------Rx_next_packet: 2492
Rx_packet_length: 60
Rx_pkt_count: 20
ÿÿÿÿÿÿ[0E]ï[15][08]ßÈ[08][06][00][01][08][00][06][04][00][01][0E]ï[15][08]ßÈÀ¨[1D]/[00][00][00][00][00][00]À¨[1D]q[00][00][00][00][00][00][00][00][00][00][00][00][00][00][00][00][00][00][00][00]—¹?îKiÉ_î³Ó;Ú5)RCÞ•ß[03]vLurC„|Ðé[1D]¢ÏùFJÍà

------------------- Rx Data ---------------Rx_next_packet: 2562
Rx_packet_length: 60
Rx_pkt_count: 20
ÿÿÿÿÿÿ[0E]ï[15][08]ßÈ[08][06][00][01][08][00][06][04][00][01][0E]ï[15][08]ßÈÀ¨[1D]/[00][00][00][00][00][00]À¨[1D]q[00][00][00][00][00][00][00][00][00][00][00][00][00][00][00][00][00][00][00][00]—¹?îKiÉ_î³Ó;Ú5)RCÞ•ß[03]vLurC„|Ðé[1D]¢ÏùFJÍà

------------------- Rx Data ---------------Rx_next_packet: 2786
Rx_packet_length: 214
Rx_pkt_count: 21
ÿÿÿÿÿÿ[1C]ÿž|á[08][00]E[00][00]ÈbÍ[00][00]ÿ[11]yÿÀ¨[1D]°ÿÿÿÿéO[1A][0B][00]´H…[00][00]Uª[00][00][00][00][00][00][00][13][00][00][00]œ[00][00][00][00]—¹?îKiÉ_î³Ó;Ú5)RCÞ•ß[03]vLurC„|Ðé[1D]¢ÏùFJÍà

------------------- Rx Data ---------------Rx_next_packet: 2856
Rx_packet_length: 60
Rx_pkt_count: 23
ÿÿÿÿÿÿ[0E]ï[15][08]ßÈ[08][06][00][01][08][00][06][04][00][01][0E]ï[15][08]ßÈÀ¨[1D]/[00][00][00][00][00][00]À¨[1D]q[00][00][00][00][00][00][00][00][00][00][00][00][00][00][00][00][00][00][00][00]—¹?îKiÉ_î³Ó;Ú5)RCÞ•ß[03]vLurC„|Ðé[1D]¢ÏùFJÍà

------------------- Rx Data ---------------Rx_next_packet: 2926
Rx_packet_length: 60
Rx_pkt_count: 22
ÿÿÿÿÿÿ[0E]ï[15][08]ßÈ[08][06][00][01][08][00][06][04][00][01][0E]ï[15][08]ßÈÀ¨[1D]/[00][00][00][00][00][00]À¨[1D]S[00][00][00][00][00][00][00][00][00][00][00][00][00][00][00][00][00][00][00][00]—¹?îKiÉ_î³Ó;Ú5)RCÞ•ß[03]vLurC„|Ðé[1D]¢ÏùFJÍà

------------------- Rx Data ---------------Rx_next_packet: 2996
Rx_packet_length: 60
Rx_pkt_count: 26
ÿÿÿÿÿÿ[0E]ï[15][08]ßÈ[08][06][00][01][08][00][06][04][00][01][0E]ï[15][08]ßÈÀ¨[1D]/[00][00][00][00][00][00]À¨[1D]#[00][00][00][00][00][00][00][00][00][00][00][00][00][00][00][00][00][00][00][00]—¹?îKiÉ_î³Ó;Ú5)RCÞ•ß[03]vLurC„|Ðé[1D]¢ÏùFJÍà

------------------- Rx Data ---------------Rx_next_packet: 3066
Rx_packet_length: 60
Rx_pkt_count: 30
ÿÿÿÿÿÿ[0E]ï[15][08]ßÈ[08][06][00][01][08][00][06][04][00][01][0E]ï[15][08]ßÈÀ¨[1D]/[00][00][00][00][00][00]À¨[1D]S[00][00][00][00][00][00][00][00][00][00][00][00][00][00][00][00][00][00][00][00]—¹?îKiÉ_î³Ó;Ú5)RCÞ•ß[03]vLurC„|Ðé[1D]¢ÏùFJÍà

------------------- Rx Data ---------------Rx_next_packet: 3136
Rx_packet_length: 60
Rx_pkt_count: 29
ÿÿÿÿÿÿ[0E]ï[15][08]ßÈ[08][06][00][01][08][00][06][04][00][01][0E]ï[15][08]ßÈÀ¨[1D]/[00][00][00][00][00][00]À¨[1D]˜[00][00][00][00][00][00][00][00][00][00][00][00][00][00][00][00][00][00][00][00]—¹?îKiÉ_î³Ó;Ú5)RCÞ•ß[03]vLurC„|Ðé[1D]¢ÏùFJÍà

------------------- Rx Data ---------------Rx_next_packet: 3206
Rx_packet_length: 60
Rx_pkt_count: 32
ÿÿÿÿÿÿ[0E]ï[15][08]ßÈ[08][06][00][01][08][00][06][04][00][01][0E]ï[15][08]ßÈÀ¨[1D]/[00][00][00][00][00][00]À¨[1D]S[00][00][00][00][00][00][00][00][00][00][00][00][00][00][00][00][00][00][00][00]—¹?îKiÉ_î³Ó;Ú5)RCÞ•ß[03]vLurC„|Ðé[1D]¢ÏùFJÍà

------------------- Rx Data ---------------Rx_next_packet: 3276
Rx_packet_length: 60
Rx_pkt_count: 31
ÿÿÿÿÿÿ[0E]ï[15][08]ßÈ[08][06][00][01][08][00][06][04][00][01][0E]ï[15][08]ßÈÀ¨[1D]/[00][00][00][00][00][00]À¨[1D];[00][00][00][00][00][00][00][00][00][00][00][00][00][00][00][00][00][00][00][00]—¹?îKiÉ_î³Ó;Ú5)RCÞ•ß[03]vLurC„|Ðé[1D]¢ÏùFJÍà

------------------- Rx Data ---------------Rx_next_packet: 3346
Rx_packet_length: 60
Rx_pkt_count: 32
ÿÿÿÿÿÿ[0E]ï[15][08]ßÈ[08][06][00][01][08][00][06][04][00][01][0E]ï[15][08]ßÈÀ¨[1D]/[00][00][00][00][00][00]À¨[1D][1C][00][00][00][00][00][00][00][00][00][00][00][00][00][00][00][00][00][00][00][00]—¹?îKiÉ_î³Ó;Ú5)RCÞ•ß[03]vLurC„|Ðé[1D]¢ÏùFJÍà

------------------- Rx Data ---------------Rx_next_packet: 3416
Rx_packet_length: 60
Rx_pkt_count: 31
ÿÿÿÿÿÿ[0E]ï[15][08]ßÈ[08][06][00][01][08][00][06][04][00][01][0E]ï[15][08]ßÈÀ¨[1D]/[00][00][00][00][00][00]À¨[1D]e[00][00][00][00][00][00][00][00][00][00][00][00][00][00][00][00][00][00][00][00]—¹?îKiÉ_î³Ó;Ú5)RCÞ•ß[03]vLurC„|Ðé[1D]¢ÏùFJÍà

------------------- Rx Data ---------------Rx_next_packet: 3486
Rx_packet_length: 60
Rx_pkt_count: 32
ÿÿÿÿÿÿ[0E]ï[15][08]ßÈ[08][06][00][01][08][00][06][04][00][01][0E]ï[15][08]ßÈÀ¨[1D]/[00][00][00][00][00][00]À¨[1D]˜[00][00][00][00][00][00][00][00][00][00][00][00][00][00][00][00][00][00][00][00]—¹?îKiÉ_î³Ó;Ú5)RCÞ•ß[03]vLurC„|Ðé[1D]¢ÏùFJÍà

------------------- Rx Data ---------------Rx_next_packet: 3556
Rx_packet_length: 60
Rx_pkt_count: 33
ÿÿÿÿÿÿ[0E]ï[15][08]ßÈ[08][06][00][01][08][00][06][04][00][01][0E]ï[15][08]ßÈÀ¨[1D]/[00][00][00][00][00][00]À¨[1D]e[00][00][00][00][00][00][00][00][00][00][00][00][00][00][00][00][00][00][00][00]—¹?îKiÉ_î³Ó;Ú5)RCÞ•ß[03]vLurC„|Ðé[1D]¢ÏùFJÍà

------------------- Rx Data ---------------Rx_next_packet: 3626
Rx_packet_length: 60
Rx_pkt_count: 34
ÿÿÿÿÿÿ[0E]ï[15][08]ßÈ[08][06][00][01][08][00][06][04][00][01][0E]ï[15][08]ßÈÀ¨[1D]/[00][00][00][00][00][00]À¨[1D]˜[00][00][00][00][00][00][00][00][00][00][00][00][00][00][00][00][00][00][00][00]—¹?îKiÉ_î³Ó;Ú5)RCÞ•ß[03]vLurC„|Ðé[1D]¢ÏùFJÍà

------------------- Rx Data ---------------Rx_next_packet: 3850
Rx_packet_length: 214
Rx_pkt_count: 33
ÿÿÿÿÿÿ[1C]ÿž|á[08][00]E[00][00]ÈbÑ[00][00]ÿ[11]yûÀ¨[1D]°ÿÿÿÿéO[1A][0B][00]´H…[00][00]Uª[00][00][00][00][00][00][00][13][00][00][00]œ[00][00][00][00]—¹?îKiÉ_î³Ó;Ú5)RCÞ•ß[03]vLurC„|Ðé[1D]¢ÏùFJÍà

------------------- Rx Data ---------------Rx_next_packet: 3920
Rx_packet_length: 60
Rx_pkt_count: 32
ÿÿÿÿÿÿ[0E]ï[15][08]ßÈ[08][06][00][01][08][00][06][04][00][01][0E]ï[15][08]ßÈÀ¨[1D]/[00][00][00][00][00][00]À¨[1D]e[00][00][00][00][00][00][00][00][00][00][00][00][00][00][00][00][00][00][00][00]—¹?îKiÉ_î³Ó;Ú5)RCÞ•ß[03]vLurC„|Ðé[1D]¢ÏùFJÍà

------------------- Rx Data ---------------Rx_next_packet: 3990
Rx_packet_length: 60
Rx_pkt_count: 32
ÿÿÿÿÿÿ[0E]ï[15][08]ßÈ[08][06][00][01][08][00][06][04][00][01][0E]ï[15][08]ßÈÀ¨[1D]/[00][00][00][00][00][00]À¨[1D]°[00][00][00][00][00][00][00][00][00][00][00][00][00][00][00][00][00][00][00][00]—¹?îKiÉ_î³Ó;Ú5)RCÞ•ß[03]vLurC„|Ðé[1D]¢ÏùFJÍà

------------------- Rx Data ---------------Rx_next_packet: 4060
Rx_packet_length: 60
Rx_pkt_count: 33
[01][00]^[00][00][01]´§Æ†

[08][00]FÀ[00]$²À[00][00][01][02]³¨À¨[1D][01]à[00][00][01]”[04][00][00][11]då‡[00][00][00][00]	[14][00][00][00][00][00][00][00][00][00][00][00][00][00][00]—¹?îKiÉ_î³Ó;Ú5)RCÞ•ß[03]vLurC„|Ðé[1D]¢ÏùFJÍà

------------------- Rx Data ---------------Rx_next_packet: 4130
Rx_packet_length: 60
Rx_pkt_count: 32
[01][00]^[00][00][16],`[0C]È»¶[08][00]F[00][00](·M[00][00][01][02]¯²À¨[1D][11]à[00][00][16]”[04][00][00]"[00]û[02][00][00][00][01][02][00][00][00]à[00][00]û[00][00][00][00][00][00][00][00]—¹?îKiÉ_î³Ó;Ú5)RCÞ•ß[03]vLurC„|Ðé[1D]¢ÏùFJÍà

------------------- Rx Data ---------------Rx_next_packet: 4200
Rx_packet_length: 60
Rx_pkt_count: 33
ÿÿÿÿÿÿ[0E]ï[15][08]ßÈ[08][06][00][01][08][00][06][04][00][01][0E]ï[15][08]ßÈÀ¨[1D]/[00][00][00][00][00][00]À¨[1D]ª[00][00][00][00][00][00][00][00][00][00][00][00][00][00][00][00][00][00][00][00]—¹?îKiÉ_î³Ó;Ú5)RCÞ•ß[03]vLurC„|Ðé[1D]¢ÏùFJÍà

------------------- Rx Data ---------------Rx_next_packet: 4270
Rx_packet_length: 60
Rx_pkt_count: 32
[01][00]^[00][00][16].Àvš’ƒ[08][00]FÀ[00]([00][00]@[00][01][02]&.À¨[1D]#à[00][00][16]”[04][00][00]"[00]û[02][00][00][00][01][02][00][00][00]à[00][00]û[00][00][00][00][00][00][00][00]—¹?îKiÉ_î³Ó;Ú5)RCÞ•ß[03]vLurC„|Ðé[1D]¢ÏùFJÍà

------------------- Rx Data ---------------Rx_next_packet: 4340
Rx_packet_length: 60
Rx_pkt_count: 32
[01][00]^[00][00][16],`[0C]È»¶[08][00]F[00][00](·N[00][00][01][02]¯±À¨[1D][11]à[00][00][16]”[04][00][00]"[00]ì[03][00][00][00][01][02][00][00][00]ïÿÿú[00][00][00][00][00][00][00][00]—¹?îKiÉ_î³Ó;Ú5)RCÞ•ß[03]vLurC„|Ðé[1D]¢ÏùFJÍà

------------------- Rx Data ---------------Rx_next_packet: 4410
Rx_packet_length: 60
Rx_pkt_count: 32
ÿÿÿÿÿÿ[0E]ï[15][08]ßÈ[08][06][00][01][08][00][06][04][00][01][0E]ï[15][08]ßÈÀ¨[1D]/[00][00][00][00][00][00]À¨[1D][01][00][00][00][00][00][00][00][00][00][00][00][00][00][00][00][00][00][00][00][00]—¹?îKiÉ_î³Ó;Ú5)RCÞ•ß[03]vLurC„|Ðé[1D]¢ÏùFJÍà

------------------- Rx Data ---------------Rx_next_packet: 4480
Rx_packet_length: 60
Rx_pkt_count: 33
ÿÿÿÿÿÿ[0E]ï[15][08]ßÈ[08][06][00][01][08][00][06][04][00][01][0E]ï[15][08]ßÈÀ¨[1D]/[00][00][00][00][00][00]À¨[1D]ª[00][00][00][00][00][00][00][00][00][00][00][00][00][00][00][00][00][00][00][00]—¹?îKiÉ_î³Ó;Ú5)RCÞ•ß[03]vLurC„|Ðé[1D]¢ÏùFJÍà

------------------- Rx Data ---------------Rx_next_packet: 4550
Rx_packet_length: 60
Rx_pkt_count: 32
ÿÿÿÿÿÿ[0E]ï[15][08]ßÈ[08][06][00][01][08][00][06][04][00][01][0E]ï[15][08]ßÈÀ¨[1D]/[00][00][00][00][00][00]À¨[1D][11][00][00][00][00][00][00][00][00][00][00][00][00][00][00][00][00][00][00][00][00]—¹?îKiÉ_î³Ó;Ú5)RCÞ•ß[03]vLurC„|Ðé[1D]¢ÏùFJÍà

------------------- Rx Data ---------------Rx_next_packet: 4620
Rx_packet_length: 60
Rx_pkt_count: 31
ÿÿÿÿÿÿ[0E]ï[15][08]ßÈ[08][06][00][01][08][00][06][04][00][01][0E]ï[15][08]ßÈÀ¨[1D]/[00][00][00][00][00][00]À¨[1D]Å[00][00][00][00][00][00][00][00][00][00][00][00][00][00][00][00][00][00][00][00]—¹?îKiÉ_î³Ó;Ú5)RCÞ•ß[03]vLurC„|Ðé[1D]¢ÏùFJÍà

------------------- Rx Data ---------------Rx_next_packet: 4690
Rx_packet_length: 60
Rx_pkt_count: 30
ÿÿÿÿÿÿ[0E]ï[15][08]ßÈ[08][06][00][01][08][00][06][04][00][01][0E]ï[15][08]ßÈÀ¨[1D]/[00][00][00][00][00][00]À¨[1D][01][00][00][00][00][00][00][00][00][00][00][00][00][00][00][00][00][00][00][00][00]—¹?îKiÉ_î³Ó;Ú5)RCÞ•ß[03]vLurC„|Ðé[1D]¢ÏùFJÍà

------------------- Rx Data ---------------Rx_next_packet: 4760
Rx_packet_length: 60
Rx_pkt_count: 29
ÿÿÿÿÿÿ[0E]ï[15][08]ßÈ[08][06][00][01][08][00][06][04][00][01][0E]ï[15][08]ßÈÀ¨[1D]/[00][00][00][00][00][00]À¨[1D]ª[00][00][00][00][00][00][00][00][00][00][00][00][00][00][00][00][00][00][00][00]—¹?îKiÉ_î³Ó;Ú5)RCÞ•ß[03]vLurC„|Ðé[1D]¢ÏùFJÍà

------------------- Rx Data ---------------Rx_next_packet: 4830
Rx_packet_length: 60
Rx_pkt_count: 28
ÿÿÿÿÿÿ[0E]ï[15][08]ßÈ[08][06][00][01][08][00][06][04][00][01][0E]ï[15][08]ßÈÀ¨[1D]/[00][00][00][00][00][00]À¨[1D]Ý[00][00][00][00][00][00][00][00][00][00][00][00][00][00][00][00][00][00][00][00]—¹?îKiÉ_î³Ó;Ú5)RCÞ•ß[03]vLurC„|Ðé[1D]¢ÏùFJÍà

------------------- Rx Data ---------------Rx_next_packet: 5054
Rx_packet_length: 214
Rx_pkt_count: 27
ÿÿÿÿÿÿ[1C]ÿž|á[08][00]E[00][00]ÈbÔ[00][00]ÿ[11]yøÀ¨[1D]°ÿÿÿÿéO[1A][0B][00]´H…[00][00]Uª[00][00][00][00][00][00][00][13][00][00][00]œ[00][00][00][00]—¹?îKiÉ_î³Ó;Ú5)RCÞ•ß[03]vLurC„|Ðé[1D]¢ÏùFJÍà

------------------- Rx Data ---------------Rx_next_packet: 5124
Rx_packet_length: 60
Rx_pkt_count: 27
ÿÿÿÿÿÿ[0E]ï[15][08]ßÈ[08][06][00][01][08][00][06][04][00][01][0E]ï[15][08]ßÈÀ¨[1D]/[00][00][00][00][00][00]À¨[1D]Å[00][00][00][00][00][00][00][00][00][00][00][00][00][00][00][00][00][00][00][00]—¹?îKiÉ_î³Ó;Ú5)RCÞ•ß[03]vLurC„|Ðé[1D]¢ÏùFJÍà

------------------- Rx Data ---------------Rx_next_packet: 5194
Rx_packet_length: 60
Rx_pkt_count: 28
ÿÿÿÿÿÿ[0E]ï[15][08]ßÈ[08][06][00][01][08][00][06][04][00][01][0E]ï[15][08]ßÈÀ¨[1D]/[00][00][00][00][00][00]À¨[1D][01][00][00][00][00][00][00][00][00][00][00][00][00][00][00][00][00][00][00][00][00]—¹?îKiÉ_î³Ó;Ú5)RCÞ•ß[03]vLurC„|Ðé[1D]¢ÏùFJÍà

------------------- Rx Data ---------------Rx_next_packet: 5264
Rx_packet_length: 60
Rx_pkt_count: 28
ÿÿÿÿÿÿ[0E]ï[15][08]ßÈ[08][06][00][01][08][00][06][04][00][01][0E]ï[15][08]ßÈÀ¨[1D]/[00][00][00][00][00][00]À¨[1D]Ý[00][00][00][00][00][00][00][00][00][00][00][00][00][00][00][00][00][00][00][00]—¹?îKiÉ_î³Ó;Ú5)RCÞ•ß[03]vLurC„|Ðé[1D]¢ÏùFJÍà

------------------- Rx Data ---------------Rx_next_packet: 5334
Rx_packet_length: 60
Rx_pkt_count: 30
ÿÿÿÿÿÿ[0E]ï[15][08]ßÈ[08][06][00][01][08][00][06][04][00][01][0E]ï[15][08]ßÈÀ¨[1D]/[00][00][00][00][00][00]À¨[1D]8[00][00][00][00][00][00][00][00][00][00][00][00][00][00][00][00][00][00][00][00]—¹?îKiÉ_î³Ó;Ú5)RCÞ•ß[03]vLurC„|Ðé[1D]¢ÏùFJÍà

------------------- Rx Data ---------------Rx_next_packet: 5404
Rx_packet_length: 60
Rx_pkt_count: 31
[01][00]^[00][00][16],`[0C]È»¶[08][00]F[00][00](·O[00][00][01][02]¯°À¨[1D][11]à[00][00][16]”[04][00][00]"[00]û[01][00][00][00][01][02][00][00][00]à[00][00]ü[00][00][00][00][00][00][00][00]—¹?îKiÉ_î³Ó;Ú5)RCÞ•ß[03]vLurC„|Ðé[1D]¢ÏùFJÍà

------------------- Rx Data ---------------Rx_next_packet: 5474
Rx_packet_length: 60
Rx_pkt_count: 32
ÿÿÿÿÿÿ[0E]ï[15][08]ßÈ[08][06][00][01][08][00][06][04][00][01][0E]ï[15][08]ßÈÀ¨[1D]/[00][00][00][00][00][00]À¨[1D]Å[00][00][00][00][00][00][00][00][00][00][00][00][00][00][00][00][00][00][00][00]—¹?îKiÉ_î³Ó;Ú5)RCÞ•ß[03]vLurC„|Ðé[1D]¢ÏùFJÍà

------------------- Rx Data ---------------Rx_next_packet: 5544
Rx_packet_length: 60
Rx_pkt_count: 31
ÿÿÿÿÿÿ[0E]ï[15][08]ßÈ[08][06][00][01][08][00][06][04][00][01][0E]ï[15][08]ßÈÀ¨[1D]/[00][00][00][00][00][00]À¨[1D][17][00][00][00][00][00][00][00][00][00][00][00][00][00][00][00][00][00][00][00][00]—¹?îKiÉ_î³Ó;Ú5)RCÞ•ß[03]vLurC„|Ðé[1D]¢ÏùFJÍà

------------------- Rx Data ---------------Rx_next_packet: 5614
Rx_packet_length: 60
Rx_pkt_count: 30
ÿÿÿÿÿÿ[0E]ï[15][08]ßÈ[08][06][00][01][08][00][06][04][00][01][0E]ï[15][08]ßÈÀ¨[1D]/[00][00][00][00][00][00]À¨[1D]Ý[00][00][00][00][00][00][00][00][00][00][00][00][00][00][00][00][00][00][00][00]—¹?îKiÉ_î³Ó;Ú5)RCÞ•ß[03]vLurC„|Ðé[1D]¢ÏùFJÍà

------------------- Rx Data ---------------Rx_next_packet: 5684
Rx_packet_length: 60
Rx_pkt_count: 30
ÿÿÿÿÿÿ[0E]ï[15][08]ßÈ[08][06][00][01][08][00][06][04][00][01][0E]ï[15][08]ßÈÀ¨[1D]/[00][00][00][00][00][00]À¨[1D]8[00][00][00][00][00][00][00][00][00][00][00][00][00][00][00][00][00][00][00][00]—¹?îKiÉ_î³Ó;Ú5)RCÞ•ß[03]vLurC„|Ðé[1D]¢ÏùFJÍà

------------------- Rx Data ---------------Rx_next_packet: 5754
Rx_packet_length: 60
Rx_pkt_count: 30
ÿÿÿÿÿÿ[0E]ï[15][08]ßÈ[08][06][00][01][08][00][06][04][00][01][0E]ï[15][08]ßÈÀ¨[1D]/[00][00][00][00][00][00]À¨[1D][17][00][00][00][00][00][00][00][00][00][00][00][00][00][00][00][00][00][00][00][00]—¹?îKiÉ_î³Ó;Ú5)RCÞ•ß[03]vLurC„|Ðé[1D]¢ÏùFJÍà

------------------- Rx Data ---------------Rx_next_packet: 5824
Rx_packet_length: 60
Rx_pkt_count: 30
ÿÿÿÿÿÿ[0E]ï[15][08]ßÈ[08][06][00][01][08][00][06][04][00][01][0E]ï[15][08]ßÈÀ¨[1D]/[00][00][00][00][00][00]À¨[1D]8[00][00][00][00][00][00][00][00][00][00][00][00][00][00][00][00][00][00][00][00]—¹?îKiÉ_î³Ó;Ú5)RCÞ•ß[03]vLurC„|Ðé[1D]¢ÏùFJÍà

------------------- Rx Data ---------------Rx_next_packet: 5894
Rx_packet_length: 60
Rx_pkt_count: 29
ÿÿÿÿÿÿ[0E]ï[15][08]ßÈ[08][06][00][01][08][00][06][04][00][01][0E]ï[15][08]ßÈÀ¨[1D]/[00][00][00][00][00][00]À¨[1D]#[00][00][00][00][00][00][00][00][00][00][00][00][00][00][00][00][00][00][00][00]—¹?îKiÉ_î³Ó;Ú5)RCÞ•ß[03]vLurC„|Ðé[1D]¢ÏùFJÍà

------------------- Rx Data ---------------Rx_next_packet: 5964
Rx_packet_length: 60
Rx_pkt_count: 29
ÿÿÿÿÿÿ[0E]ï[15][08]ßÈ[08][06][00][01][08][00][06][04][00][01][0E]ï[15][08]ßÈÀ¨[1D]/[00][00][00][00][00][00]À¨[1D][17][00][00][00][00][00][00][00][00][00][00][00][00][00][00][00][00][00][00][00][00]—¹?îKiÉ_î³Ó;Ú5)RCÞ•ß[03]vLurC„|Ðé[1D]¢ÏùFJÍà

------------------- Rx Data ---------------Rx_next_packet: 6034
Rx_packet_length: 60
Rx_pkt_count: 32
ÿÿÿÿÿÿ[0E]ï[15][08]ßÈ[08][06][00][01][08][00][06][04][00][01][0E]ï[15][08]ßÈÀ¨[1D]/[00][00][00][00][00][00]À¨[1D];[00][00][00][00][00][00][00][00][00][00][00][00][00][00][00][00][00][00][00][00]—¹?îKiÉ_î³Ó;Ú5)RCÞ•ß[03]vLurC„|Ðé[1D]¢ÏùFJÍà

------------------- Rx Data ---------------Rx_next_packet: 6104
Rx_packet_length: 60
Rx_pkt_count: 32
ÿÿÿÿÿÿ[0E]ï[15][08]ßÈ[08][06][00][01][08][00][06][04][00][01][0E]ï[15][08]ßÈÀ¨[1D]/[00][00][00][00][00][00]À¨[1D][1C][00][00][00][00][00][00][00][00][00][00][00][00][00][00][00][00][00][00][00][00]—¹?îKiÉ_î³Ó;Ú5)RCÞ•ß[03]vLurC„|Ðé[1D]¢ÏùFJÍà

------------------- Rx Data ---------------Rx_next_packet: 6328
Rx_packet_length: 214
Rx_pkt_count: 32
ÿÿÿÿÿÿ[1C]ÿž|á[08][00]E[00][00]ÈbÕ[00][00]ÿ[11]y÷À¨[1D]°ÿÿÿÿéO[1A][0B][00]´H…[00][00]Uª[00][00][00][00][00][00][00][13][00][00][00]œ[00][00][00][00]—¹?îKiÉ_î³Ó;Ú5)RCÞ•ß[03]vLurC„|Ðé[1D]¢ÏùFJÍà

------------------- Rx Data ---------------Rx_next_packet: 6398
Rx_packet_length: 60
Rx_pkt_count: 33
[01][00]^[00][00][16]PF]LÖÐ[08][00]F[00][00](ŸÞ[00][00][01][02]Ç[16]À¨[1D][1C]à[00][00][16]”[04][00][00]"[00]ì[03][00][00][00][01][02][00][00][00]ïÿÿú[00][00][00][00][00][00][00][00]—¹?îKiÉ_î³Ó;Ú5)RCÞ•ß[03]vLurC„|Ðé[1D]¢ÏùFJÍà

------------------- Rx Data ---------------Rx_next_packet: 6468
Rx_packet_length: 60
Rx_pkt_count: 40
ÿÿÿÿÿÿ[0E]ï[15][08]ßÈ[08][06][00][01][08][00][06][04][00][01][0E]ï[15][08]ßÈÀ¨[1D]/[00][00][00][00][00][00]À¨[1D][05][00][00][00][00][00][00][00][00][00][00][00][00][00][00][00][00][00][00][00][00]—¹?îKiÉ_î³Ó;Ú5)RCÞ•ß[03]vLurC„|Ðé[1D]¢ÏùFJÍà

------------------- Rx Data ---------------Rx_next_packet: 6538
Rx_packet_length: 60
Rx_pkt_count: 44
ÿÿÿÿÿÿ[0E]ï[15][08]ßÈ[08][06][00][01][08][00][06][04][00][01][0E]ï[15][08]ßÈÀ¨[1D]/[00][00][00][00][00][00]À¨[1D]°[00][00][00][00][00][00][00][00][00][00][00][00][00][00][00][00][00][00][00][00]—¹?îKiÉ_î³Ó;Ú5)RCÞ•ß[03]vLurC„|Ðé[1D]¢ÏùFJÍà

------------------- Rx Data ---------------Rx_next_packet: 6608
Rx_packet_length: 60
Rx_pkt_count: 49
ÿÿÿÿÿÿ[0E]ï[15][08]ßÈ[08][06][00][01][08][00][06][04][00][01][0E]ï[15][08]ßÈÀ¨[1D]/[00][00][00][00][00][00]À¨[1D][05][00][00][00][00][00][00][00][00][00][00][00][00][00][00][00][00][00][00][00][00]—¹?îKiÉ_î³Ó;Ú5)RCÞ•ß[03]vLurC„|Ðé[1D]¢ÏùFJÍà

------------------- Rx Data ---------------Rx_next_packet: 24
Rx_packet_length: 60
Rx_pkt_count: 57
ÿÿÿÿÿÿ[0E]ï[15][08]ßÈ[08][06][00][01][08][00][06][04][00][01][0E]ï[15][08]ßÈÀ¨[1D]/[00][00][00][00][00][00]À¨[1D]Î[00][00][00][00][00][00][00][00][00][00][00][00][00][00][00][00][00][00][00][00]—¹?îKiÉ_î³Ó;Ú5)RCÞ•ß[03]vLurC„|Ðé[1D]¢ÏùFJÍà

------------------- Rx Data ---------------Rx_next_packet: 94
Rx_packet_length: 60
Rx_pkt_count: 57
ÿÿÿÿÿÿ[0E]ï[15][08]ßÈ[08][06][00][01][08][00][06][04][00][01][0E]ï[15][08]ßÈÀ¨[1D]/[00][00][00][00][00][00]À¨[1D][05][00][00][00][00][00][00][00][00][00][00][00][00][00][00][00][00][00][00][00][00]—¹?îKiÉ_î³Ó;Ú5)RCÞ•ß[03]vLurC„|Ðé[1D]¢ÏùFJÍà

------------------- Rx Data ---------------Rx_next_packet: 164
Rx_packet_length: 60
Rx_pkt_count: 58
ÿÿÿÿÿÿ[0E]ï[15][08]ßÈ[08][06][00][01][08][00][06][04][00][01][0E]ï[15][08]ßÈÀ¨[1D]/[00][00][00][00][00][00]À¨[1D]Î[00][00][00][00][00][00][00][00][00][00][00][00][00][00][00][00][00][00][00][00]—¹?îKiÉ_î³Ó;Ú5)RCÞ•ß[03]vLurC„|Ðé[1D]¢ÏùFJÍà

------------------- Rx Data ---------------Rx_next_packet: 388
Rx_packet_length: 214
Rx_pkt_count: 57
ÿÿÿÿÿÿ[1C]ÿž|á[08][00]E[00][00]ÈbÖ[00][00]ÿ[11]yöÀ¨[1D]°ÿÿÿÿéO[1A][0B][00]´H…[00][00]Uª[00][00][00][00][00][00][00][13][00][00][00]œ[00][00][00][00]—¹?îKiÉ_î³Ó;Ú5)RCÞ•ß[03]vLurC„|Ðé[1D]¢ÏùFJÍà

------------------- Rx Data ---------------Rx_next_packet: 458
Rx_packet_length: 60
Rx_pkt_count: 58
ÿÿÿÿÿÿ[0E]ï[15][08]ßÈ[08][06][00][01][08][00][06][04][00][01][0E]ï[15][08]ßÈÀ¨[1D]/[00][00][00][00][00][00]À¨[1D]Î[00][00][00][00][00][00][00][00][00][00][00][00][00][00][00][00][00][00][00][00]—¹?îKiÉ_î³Ó;Ú5)RCÞ•ß[03]vLurC„|Ðé[1D]¢ÏùFJÍà

------------------- Rx Data ---------------Rx_next_packet: 528
Rx_packet_length: 60
Rx_pkt_count: 57
ÿÿÿÿÿÿ[0E]ï[15][08]ßÈ[08][06][00][01][08][00][06][04][00][01][0E]ï[15][08]ßÈÀ¨[1D]/[00][00][00][00][00][00]À¨[1D][11][00][00][00][00][00][00][00][00][00][00][00][00][00][00][00][00][00][00][00][00]—¹?îKiÉ_î³Ó;Ú5)RCÞ•ß[03]vLurC„|Ðé[1D]¢ÏùFJÍà

------------------- Rx Data ---------------Rx_next_packet: 752
Rx_packet_length: 214
Rx_pkt_count: 58
ÿÿÿÿÿÿ[1C]ÿž|á[08][00]E[00][00]ÈbØ[00][00]ÿ[11]yôÀ¨[1D]°ÿÿÿÿéO[1A][0B][00]´H…[00][00]Uª[00][00][00][00][00][00][00][13][00][00][00]œ[00][00][00][00]—¹?îKiÉ_î³Ó;Ú5)RCÞ•ß[03]vLurC„|Ðé[1D]¢ÏùFJÍà

------------------- Rx Data ---------------Rx_next_packet: 822
Rx_packet_length: 60
Rx_pkt_count: 59
ÿÿÿÿÿÿ[0E]ï[15][08]ßÈ[08][06][00][01][08][00][06][04][00][01][0E]ï[15][08]ßÈÀ¨[1D]/[00][00][00][00][00][00]À¨[1D]Œ[00][00][00][00][00][00][00][00][00][00][00][00][00][00][00][00][00][00][00][00]—¹?îKiÉ_î³Ó;Ú5)RCÞ•ß[03]vLurC„|Ðé[1D]¢ÏùFJÍà

------------------- Rx Data ---------------Rx_next_packet: 892
Rx_packet_length: 60
Rx_pkt_count: 58
ÿÿÿÿÿÿ[0E]ï[15][08]ßÈ[08][06][00][01][08][00][06][04][00][01][0E]ï[15][08]ßÈÀ¨[1D]/[00][00][00][00][00][00]À¨[1D]#[00][00][00][00][00][00][00][00][00][00][00][00][00][00][00][00][00][00][00][00]—¹?îKiÉ_î³Ó;Ú5)RCÞ•ß[03]vLurC„|Ðé[1D]¢ÏùFJÍà

------------------- Rx Data ---------------Rx_next_packet: 962
Rx_packet_length: 60
Rx_pkt_count: 62
[01][00]^[00][00][01]´§Æ†

[08][00]FÀ[00]$´ë[00][00][01][02]±}À¨[1D][01]à[00][00][01]”[04][00][00][11]då‡[00][00][00][00]	[14][00][00][00][00][00][00][00][00][00][00][00][00][00][00]—¹?îKiÉ_î³Ó;Ú5)RCÞ•ß[03]vLurC„|Ðé[1D]¢ÏùFJÍà

------------------- Rx Data ---------------Rx_next_packet: 1032
Rx_packet_length: 60
Rx_pkt_count: 61
ÿÿÿÿÿÿ[0E]ï[15][08]ßÈ[08][06][00][01][08][00][06][04][00][01][0E]ï[15][08]ßÈÀ¨[1D]/[00][00][00][00][00][00]À¨[1D]Œ[00][00][00][00][00][00][00][00][00][00][00][00][00][00][00][00][00][00][00][00]—¹?îKiÉ_î³Ó;Ú5)RCÞ•ß[03]vLurC„|Ðé[1D]¢ÏùFJÍà

------------------- Rx Data ---------------Rx_next_packet: 1102
Rx_packet_length: 60
Rx_pkt_count: 64
ÿÿÿÿÿÿ[0E]ï[15][08]ßÈ[08][06][00][01][08][00][06][04][00][01][0E]ï[15][08]ßÈÀ¨[1D]/[00][00][00][00][00][00]À¨[1D];[00][00][00][00][00][00][00][00][00][00][00][00][00][00][00][00][00][00][00][00]—¹?îKiÉ_î³Ó;Ú5)RCÞ•ß[03]vLurC„|Ðé[1D]¢ÏùFJÍà

------------------- Rx Data ---------------Rx_next_packet: 1172
Rx_packet_length: 60
Rx_pkt_count: 67
ÿÿÿÿÿÿ[0E]ï[15][08]ßÈ[08][06][00][01][08][00][06][04][00][01][0E]ï[15][08]ßÈÀ¨[1D]/[00][00][00][00][00][00]À¨[1D][1C][00][00][00][00][00][00][00][00][00][00][00][00][00][00][00][00][00][00][00][00]—¹?îKiÉ_î³Ó;Ú5)RCÞ•ß[03]vLurC„|Ðé[1D]¢ÏùFJÍà

------------------- Rx Data ---------------Rx_next_packet: 1242
Rx_packet_length: 60
Rx_pkt_count: 66
[01][00]^[00][00][16],`[0C]È»¶[08][00]F[00][00](·P[00][00][01][02]¯¯À¨[1D][11]à[00][00][16]”[04][00][00]"[00]ì[03][00][00][00][01][02][00][00][00]ïÿÿú[00][00][00][00][00][00][00][00]—¹?îKiÉ_î³Ó;Ú5)RCÞ•ß[03]vLurC„|Ðé[1D]¢ÏùFJÍà

------------------- Rx Data ---------------Rx_next_packet: 1312
Rx_packet_length: 60
Rx_pkt_count: 69
[01][00]^[00][00][16].Àvš’ƒ[08][00]FÀ[00]([00][00]@[00][01][02]&.À¨[1D]#à[00][00][16]”[04][00][00]"[00]û[02][00][00][00][01][02][00][00][00]à[00][00]û[00][00][00][00][00][00][00][00]—¹?îKiÉ_î³Ó;Ú5)RCÞ•ß[03]vLurC„|Ðé[1D]¢ÏùFJÍà

------------------- Rx Data ---------------Rx_next_packet: 1382
Rx_packet_length: 60
Rx_pkt_count: 69
ÿÿÿÿÿÿ[0E]ï[15][08]ßÈ[08][06][00][01][08][00][06][04][00][01][0E]ï[15][08]ßÈÀ¨[1D]/[00][00][00][00][00][00]À¨[1D]Œ[00][00][00][00][00][00][00][00][00][00][00][00][00][00][00][00][00][00][00][00]—¹?îKiÉ_î³Ó;Ú5)RCÞ•ß[03]vLurC„|Ðé[1D]¢ÏùFJÍà

------------------- Rx Data ---------------Rx_next_packet: 1452
Rx_packet_length: 60
Rx_pkt_count: 69
[01][00]^[00][00][16]PF]LÖÐ[08][00]F[00][00](Ÿà[00][00][01][02]Ç[14]À¨[1D][1C]à[00][00][16]”[04][00][00]"[00]û[01][00][00][00][01][02][00][00][00]à[00][00]ü[00][00][00][00][00][00][00][00]—¹?îKiÉ_î³Ó;Ú5)RCÞ•ß[03]vLurC„|Ðé[1D]¢ÏùFJÍà

------------------- Rx Data ---------------Rx_next_packet: 1522
Rx_packet_length: 60
Rx_pkt_count: 69
ÿÿÿÿÿÿ[0E]ï[15][08]ßÈ[08][06][00][01][08][00][06][04][00][01][0E]ï[15][08]ßÈÀ¨[1D]/[00][00][00][00][00][00]À¨[1D]°[00][00][00][00][00][00][00][00][00][00][00][00][00][00][00][00][00][00][00][00]—¹?îKiÉ_î³Ó;Ú5)RCÞ•ß[03]vLurC„|Ðé[1D]¢ÏùFJÍà

------------------- Rx Data ---------------Rx_next_packet: 1746
Rx_packet_length: 214
Rx_pkt_count: 68
ÿÿÿÿÿÿ[1C]ÿž|á[08][00]E[00][00]ÈbÛ[00][00]ÿ[11]yñÀ¨[1D]°ÿÿÿÿéO[1A][0B][00]´H…[00][00]Uª[00][00][00][00][00][00][00][13][00][00][00]œ[00][00][00][00]—¹?îKiÉ_î³Ó;Ú5)RCÞ•ß[03]vLurC„|Ðé[1D]¢ÏùFJÍà

------------------- Rx Data ---------------Rx_next_packet: 1816
Rx_packet_length: 60
Rx_pkt_count: 67
ÿÿÿÿÿÿ[0E]ï[15][08]ßÈ[08][06][00][01][08][00][06][04][00][01][0E]ï[15][08]ßÈÀ¨[1D]/[00][00][00][00][00][00]À¨[1D]q[00][00][00][00][00][00][00][00][00][00][00][00][00][00][00][00][00][00][00][00]—¹?îKiÉ_î³Ó;Ú5)RCÞ•ß[03]vLurC„|Ðé[1D]¢ÏùFJÍà

------------------- Rx Data ---------------Rx_next_packet: 1886
Rx_packet_length: 60
Rx_pkt_count: 66
ÿÿÿÿÿÿ[0E]ï[15][08]ßÈ[08][06][00][01][08][00][06][04][00][01][0E]ï[15][08]ßÈÀ¨[1D]/[00][00][00][00][00][00]À¨[1D]q[00][00][00][00][00][00][00][00][00][00][00][00][00][00][00][00][00][00][00][00]—¹?îKiÉ_î³Ó;Ú5)RCÞ•ß[03]vLurC„|Ðé[1D]¢ÏùFJÍà

------------------- Rx Data ---------------Rx_next_packet: 1956
Rx_packet_length: 60
Rx_pkt_count: 66
[01][00]^[00][00][16],`[0C]È»¶[08][00]F[00][00](·Q[00][00][01][02]¯®À¨[1D][11]à[00][00][16]”[04][00][00]"[00]û[01][00][00][00][01][02][00][00][00]à[00][00]ü[00][00][00][00][00][00][00][00]—¹?îKiÉ_î³Ó;Ú5)RCÞ•ß[03]vLurC„|Ðé[1D]¢ÏùFJÍà

------------------- Rx Data ---------------Rx_next_packet: 2026
Rx_packet_length: 60
Rx_pkt_count: 67
ÿÿÿÿÿÿ[0E]ï[15][08]ßÈ[08][06][00][01][08][00][06][04][00][01][0E]ï[15][08]ßÈÀ¨[1D]/[00][00][00][00][00][00]À¨[1D]q[00][00][00][00][00][00][00][00][00][00][00][00][00][00][00][00][00][00][00][00]—¹?îKiÉ_î³Ó;Ú5)RCÞ•ß[03]vLurC„|Ðé[1D]¢ÏùFJÍà

------------------- Rx Data ---------------Rx_next_packet: 2096
Rx_packet_length: 60
Rx_pkt_count: 69
ÿÿÿÿÿÿ[0E]ï[15][08]ßÈ[08][06][00][01][08][00][06][04][00][01][0E]ï[15][08]ßÈÀ¨[1D]/[00][00][00][00][00][00]À¨[1D]S[00][00][00][00][00][00][00][00][00][00][00][00][00][00][00][00][00][00][00][00]—¹?îKiÉ_î³Ó;Ú5)RCÞ•ß[03]vLurC„|Ðé[1D]¢ÏùFJÍà

------------------- Rx Data ---------------Rx_next_packet: 2166
Rx_packet_length: 60
Rx_pkt_count: 69
ÿÿÿÿÿÿ[0E]ï[15][08]ßÈ[08][06][00][01][08][00][06][04][00][01][0E]ï[15][08]ßÈÀ¨[1D]/[00][00][00][00][00][00]À¨[1D][11][00][00][00][00][00][00][00][00][00][00][00][00][00][00][00][00][00][00][00][00]—¹?îKiÉ_î³Ó;Ú5)RCÞ•ß[03]vLurC„|Ðé[1D]¢ÏùFJÍà

------------------- Rx Data ---------------Rx_next_packet: 2236
Rx_packet_length: 60
Rx_pkt_count: 73
[01][00]^[00][00][16],`[0C]È»¶[08][00]F[00][00](·R[00][00][01][02]¯­À¨[1D][11]à[00][00][16]”[04][00][00]"[00]û[02][00][00][00][01][02][00][00][00]à[00][00]û[00][00][00][00][00][00][00][00]—¹?îKiÉ_î³Ó;Ú5)RCÞ•ß[03]vLurC„|Ðé[1D]¢ÏùFJÍà

------------------- Rx Data ---------------Rx_next_packet: 2306
Rx_packet_length: 60
Rx_pkt_count: 73
ÿÿÿÿÿÿ[0E]ï[15][08]ßÈ[08][06][00][01][08][00][06][04][00][01][0E]ï[15][08]ßÈÀ¨[1D]/[00][00][00][00][00][00]À¨[1D]S[00][00][00][00][00][00][00][00][00][00][00][00][00][00][00][00][00][00][00][00]—¹?îKiÉ_î³Ó;Ú5)RCÞ•ß[03]vLurC„|Ðé[1D]¢ÏùFJÍà

------------------- Rx Data ---------------Rx_next_packet: 2376
Rx_packet_length: 60
Rx_pkt_count: 72
ÿÿÿÿÿÿ´§Æ†

[08][06][00][01][08][00][06][04][00][01]´§Æ†

À¨[1D][01][00][00][00][00][00][00]À¨[1D][17][00][00][00][00][00][00][00][00][00][00][00][00][00][00][00][00][00][00][00][00]—¹?îKiÉ_î³Ó;Ú5)RCÞ•ß[03]vLurC„|Ðé[1D]¢ÏùFJÍà

------------------- Rx Data ---------------Rx_next_packet: 2446
Rx_packet_length: 60
Rx_pkt_count: 73
ÿÿÿÿÿÿ´§Æ†

[08][06][00][01][08][00][06][04][00][01]´§Æ†

À¨[1D][01][00][00][00][00][00][00]À¨[1D][05][00][00][00][00][00][00][00][00][00][00][00][00][00][00][00][00][00][00][00][00]—¹?îKiÉ_î³Ó;Ú5)RCÞ•ß[03]vLurC„|Ðé[1D]¢ÏùFJÍà

------------------- Rx Data ---------------Rx_next_packet: 2516
Rx_packet_length: 60
Rx_pkt_count: 74
ÿÿÿÿÿÿ´§Æ†

[08][06][00][01][08][00][06][04][00][01]´§Æ†

À¨[1D][01][00][00][00][00][00][00]À¨[1D]˜[00][00][00][00][00][00][00][00][00][00][00][00][00][00][00][00][00][00][00][00]—¹?îKiÉ_î³Ó;Ú5)RCÞ•ß[03]vLurC„|Ðé[1D]¢ÏùFJÍà

------------------- Rx Data ---------------Rx_next_packet: 2586
Rx_packet_length: 60
Rx_pkt_count: 75
ÿÿÿÿÿÿ´§Æ†

[08][06][00][01][08][00][06][04][00][01]´§Æ†

À¨[1D][01][00][00][00][00][00][00]À¨[1D]Œ[00][00][00][00][00][00][00][00][00][00][00][00][00][00][00][00][00][00][00][00]—¹?îKiÉ_î³Ó;Ú5)RCÞ•ß[03]vLurC„|Ðé[1D]¢ÏùFJÍà

------------------- Rx Data ---------------Rx_next_packet: 2656
Rx_packet_length: 60
Rx_pkt_count: 74
ÿÿÿÿÿÿ´§Æ†

[08][06][00][01][08][00][06][04][00][01]´§Æ†

À¨[1D][01][00][00][00][00][00][00]À¨[1D]q[00][00][00][00][00][00][00][00][00][00][00][00][00][00][00][00][00][00][00][00]—¹?îKiÉ_î³Ó;Ú5)RCÞ•ß[03]vLurC„|Ðé[1D]¢ÏùFJÍà

------------------- Rx Data ---------------Rx_next_packet: 2726
Rx_packet_length: 60
Rx_pkt_count: 74
ÿÿÿÿÿÿ´§Æ†

[08][06][00][01][08][00][06][04][00][01]´§Æ†

À¨[1D][01][00][00][00][00][00][00]À¨[1D]Î[00][00][00][00][00][00][00][00][00][00][00][00][00][00][00][00][00][00][00][00]—¹?îKiÉ_î³Ó;Ú5)RCÞ•ß[03]vLurC„|Ðé[1D]¢ÏùFJÍà

------------------- Rx Data ---------------Rx_next_packet: 2796
Rx_packet_length: 60
Rx_pkt_count: 74
ÿÿÿÿÿÿ[0E]ï[15][08]ßÈ[08][06][00][01][08][00][06][04][00][01][0E]ï[15][08]ßÈÀ¨[1D]/[00][00][00][00][00][00]À¨[1D]˜[00][00][00][00][00][00][00][00][00][00][00][00][00][00][00][00][00][00][00][00]—¹?îKiÉ_î³Ó;Ú5)RCÞ•ß[03]vLurC„|Ðé[1D]¢ÏùFJÍà

------------------- Rx Data ---------------Rx_next_packet: 2866
Rx_packet_length: 60
Rx_pkt_count: 73
ÿÿÿÿÿÿ[0E]ï[15][08]ßÈ[08][06][00][01][08][00][06][04][00][01][0E]ï[15][08]ßÈÀ¨[1D]/[00][00][00][00][00][00]À¨[1D]S[00][00][00][00][00][00][00][00][00][00][00][00][00][00][00][00][00][00][00][00]—¹?îKiÉ_î³Ó;Ú5)RCÞ•ß[03]vLurC„|Ðé[1D]¢ÏùFJÍà

------------------- Rx Data ---------------Rx_next_packet: 2936
Rx_packet_length: 60
Rx_pkt_count: 73
ÿÿÿÿÿÿ´§Æ†

[08][06][00][01][08][00][06][04][00][01]´§Æ†

À¨[1D][01][00][00][00][00][00][00]À¨[1D]S[00][00][00][00][00][00][00][00][00][00][00][00][00][00][00][00][00][00][00][00]—¹?îKiÉ_î³Ó;Ú5)RCÞ•ß[03]vLurC„|Ðé[1D]¢ÏùFJÍà

------------------- Rx Data ---------------Rx_next_packet: 3006
Rx_packet_length: 60
Rx_pkt_count: 73
ÿÿÿÿÿÿ´§Æ†

[08][06][00][01][08][00][06][04][00][01]´§Æ†

À¨[1D][01][00][00][00][00][00][00]À¨[1D]Å[00][00][00][00][00][00][00][00][00][00][00][00][00][00][00][00][00][00][00][00]—¹?îKiÉ_î³Ó;Ú5)RCÞ•ß[03]vLurC„|Ðé[1D]¢ÏùFJÍà

------------------- Rx Data ---------------Rx_next_packet: 3230
Rx_packet_length: 214
Rx_pkt_count: 73
ÿÿÿÿÿÿ[1C]ÿž|á[08][00]E[00][00]Èbà[00][00]ÿ[11]yìÀ¨[1D]°ÿÿÿÿéO[1A][0B][00]´H…[00][00]Uª[00][00][00][00][00][00][00][13][00][00][00]œ[00][00][00][00]—¹?îKiÉ_î³Ó;Ú5)RCÞ•ß[03]vLurC„|Ðé[1D]¢ÏùFJÍà

------------------- Rx Data ---------------Rx_next_packet: 3300
Rx_packet_length: 60
Rx_pkt_count: 73
ÿÿÿÿÿÿ´§Æ†

[08][06][00][01][08][00][06][04][00][01]´§Æ†

À¨[1D][01][00][00][00][00][00][00]À¨[1D][17][00][00][00][00][00][00][00][00][00][00][00][00][00][00][00][00][00][00][00][00]—¹?îKiÉ_î³Ó;Ú5)RCÞ•ß[03]vLurC„|Ðé[1D]¢ÏùFJÍà

------------------- Rx Data ---------------Rx_next_packet: 3370
Rx_packet_length: 60
Rx_pkt_count: 72
ÿÿÿÿÿÿ´§Æ†

[08][06][00][01][08][00][06][04][00][01]´§Æ†

À¨[1D][01][00][00][00][00][00][00]À¨[1D][05][00][00][00][00][00][00][00][00][00][00][00][00][00][00][00][00][00][00][00][00]—¹?îKiÉ_î³Ó;Ú5)RCÞ•ß[03]vLurC„|Ðé[1D]¢ÏùFJÍà

------------------- Rx Data ---------------Rx_next_packet: 3440
Rx_packet_length: 60
Rx_pkt_count: 73
ÿÿÿÿÿÿ´§Æ†

[08][06][00][01][08][00][06][04][00][01]´§Æ†

À¨[1D][01][00][00][00][00][00][00]À¨[1D]˜[00][00][00][00][00][00][00][00][00][00][00][00][00][00][00][00][00][00][00][00]—¹?îKiÉ_î³Ó;Ú5)RCÞ•ß[03]vLurC„|Ðé[1D]¢ÏùFJÍà

------------------- Rx Data ---------------Rx_next_packet: 3510
Rx_packet_length: 60
Rx_pkt_count: 73
ÿÿÿÿÿÿ´§Æ†

[08][06][00][01][08][00][06][04][00][01]´§Æ†

À¨[1D][01][00][00][00][00][00][00]À¨[1D]Œ[00][00][00][00][00][00][00][00][00][00][00][00][00][00][00][00][00][00][00][00]—¹?îKiÉ_î³Ó;Ú5)RCÞ•ß[03]vLurC„|Ðé[1D]¢ÏùFJÍà

------------------- Rx Data ---------------Rx_next_packet: 3580
Rx_packet_length: 60
Rx_pkt_count: 72
ÿÿÿÿÿÿ´§Æ†

[08][06][00][01][08][00][06][04][00][01]´§Æ†

À¨[1D][01][00][00][00][00][00][00]À¨[1D]q[00][00][00][00][00][00][00][00][00][00][00][00][00][00][00][00][00][00][00][00]—¹?îKiÉ_î³Ó;Ú5)RCÞ•ß[03]vLurC„|Ðé[1D]¢ÏùFJÍà

------------------- Rx Data ---------------Rx_next_packet: 3650
Rx_packet_length: 60
Rx_pkt_count: 71
ÿÿÿÿÿÿ´§Æ†

[08][06][00][01][08][00][06][04][00][01]´§Æ†

À¨[1D][01][00][00][00][00][00][00]À¨[1D]Î[00][00][00][00][00][00][00][00][00][00][00][00][00][00][00][00][00][00][00][00]—¹?îKiÉ_î³Ó;Ú5)RCÞ•ß[03]vLurC„|Ðé[1D]¢ÏùFJÍà

------------------- Rx Data ---------------Rx_next_packet: 3720
Rx_packet_length: 60
Rx_pkt_count: 72
ÿÿÿÿÿÿ[0E]ï[15][08]ßÈ[08][06][00][01][08][00][06][04][00][01][0E]ï[15][08]ßÈÀ¨[1D]/[00][00][00][00][00][00]À¨[1D]e[00][00][00][00][00][00][00][00][00][00][00][00][00][00][00][00][00][00][00][00]—¹?îKiÉ_î³Ó;Ú5)RCÞ•ß[03]vLurC„|Ðé[1D]¢ÏùFJÍà

------------------- Rx Data ---------------Rx_next_packet: 3790
Rx_packet_length: 60
Rx_pkt_count: 74
ÿÿÿÿÿÿ[0E]ï[15][08]ßÈ[08][06][00][01][08][00][06][04][00][01][0E]ï[15][08]ßÈÀ¨[1D]/[00][00][00][00][00][00]À¨[1D]˜[00][00][00][00][00][00][00][00][00][00][00][00][00][00][00][00][00][00][00][00]—¹?îKiÉ_î³Ó;Ú5)RCÞ•ß[03]vLurC„|Ðé[1D]¢ÏùFJÍà

------------------- Rx Data ---------------Rx_next_packet: 3860
Rx_packet_length: 60
Rx_pkt_count: 73
ÿÿÿÿÿÿ´§Æ†

[08][06][00][01][08][00][06][04][00][01]´§Æ†

À¨[1D][01][00][00][00][00][00][00]À¨[1D]S[00][00][00][00][00][00][00][00][00][00][00][00][00][00][00][00][00][00][00][00]—¹?îKiÉ_î³Ó;Ú5)RCÞ•ß[03]vLurC„|Ðé[1D]¢ÏùFJÍà

------------------- Rx Data ---------------Rx_next_packet: 3930
Rx_packet_length: 60
Rx_pkt_count: 73
ÿÿÿÿÿÿ´§Æ†

[08][06][00][01][08][00][06][04][00][01]´§Æ†

À¨[1D][01][00][00][00][00][00][00]À¨[1D]Å[00][00][00][00][00][00][00][00][00][00][00][00][00][00][00][00][00][00][00][00]—¹?îKiÉ_î³Ó;Ú5)RCÞ•ß[03]vLurC„|Ðé[1D]¢ÏùFJÍà

------------------- Rx Data ---------------Rx_next_packet: 4000
Rx_packet_length: 60
Rx_pkt_count: 73
ÿÿÿÿÿÿ´§Æ†

[08][06][00][01][08][00][06][04][00][01]´§Æ†

À¨[1D][01][00][00][00][00][00][00]À¨[1D][17][00][00][00][00][00][00][00][00][00][00][00][00][00][00][00][00][00][00][00][00]—¹?îKiÉ_î³Ó;Ú5)RCÞ•ß[03]vLurC„|Ðé[1D]¢ÏùFJÍà

------------------- Rx Data ---------------Rx_next_packet: 4070
Rx_packet_length: 60
Rx_pkt_count: 74
ÿÿÿÿÿÿ´§Æ†

[08][06][00][01][08][00][06][04][00][01]´§Æ†

À¨[1D][01][00][00][00][00][00][00]À¨[1D][05][00][00][00][00][00][00][00][00][00][00][00][00][00][00][00][00][00][00][00][00]—¹?îKiÉ_î³Ó;Ú5)RCÞ•ß[03]vLurC„|Ðé[1D]¢ÏùFJÍà

------------------- Rx Data ---------------Rx_next_packet: 4140
Rx_packet_length: 60
Rx_pkt_count: 74
ÿÿÿÿÿÿ´§Æ†

[08][06][00][01][08][00][06][04][00][01]´§Æ†

À¨[1D][01][00][00][00][00][00][00]À¨[1D]˜[00][00][00][00][00][00][00][00][00][00][00][00][00][00][00][00][00][00][00][00]—¹?îKiÉ_î³Ó;Ú5)RCÞ•ß[03]vLurC„|Ðé[1D]¢ÏùFJÍà

------------------- Rx Data ---------------Rx_next_packet: 4210
Rx_packet_length: 60
Rx_pkt_count: 75
ÿÿÿÿÿÿ´§Æ†

[08][06][00][01][08][00][06][04][00][01]´§Æ†

À¨[1D][01][00][00][00][00][00][00]À¨[1D]Œ[00][00][00][00][00][00][00][00][00][00][00][00][00][00][00][00][00][00][00][00]—¹?îKiÉ_î³Ó;Ú5)RCÞ•ß[03]vLurC„|Ðé[1D]¢ÏùFJÍà

------------------- Rx Data ---------------Rx_next_packet: 4280
Rx_packet_length: 60
Rx_pkt_count: 77
ÿÿÿÿÿÿ´§Æ†

[08][06][00][01][08][00][06][04][00][01]´§Æ†

À¨[1D][01][00][00][00][00][00][00]À¨[1D]q[00][00][00][00][00][00][00][00][00][00][00][00][00][00][00][00][00][00][00][00]—¹?îKiÉ_î³Ó;Ú5)RCÞ•ß[03]vLurC„|Ðé[1D]¢ÏùFJÍà

------------------- Rx Data ---------------Rx_next_packet: 4350
Rx_packet_length: 60
Rx_pkt_count: 76
ÿÿÿÿÿÿ´§Æ†

[08][06][00][01][08][00][06][04][00][01]´§Æ†

À¨[1D][01][00][00][00][00][00][00]À¨[1D]Î[00][00][00][00][00][00][00][00][00][00][00][00][00][00][00][00][00][00][00][00]—¹?îKiÉ_î³Ó;Ú5)RCÞ•ß[03]vLurC„|Ðé[1D]¢ÏùFJÍà

------------------- Rx Data ---------------Rx_next_packet: 4420
Rx_packet_length: 60
Rx_pkt_count: 77
ÿÿÿÿÿÿ[0E]ï[15][08]ßÈ[08][06][00][01][08][00][06][04][00][01][0E]ï[15][08]ßÈÀ¨[1D]/[00][00][00][00][00][00]À¨[1D]e[00][00][00][00][00][00][00][00][00][00][00][00][00][00][00][00][00][00][00][00]—¹?îKiÉ_î³Ó;Ú5)RCÞ•ß[03]vLurC„|Ðé[1D]¢ÏùFJÍà

------------------- Rx Data ---------------Rx_next_packet: 4490
Rx_packet_length: 60
Rx_pkt_count: 76
ÿÿÿÿÿÿ[0E]ï[15][08]ßÈ[08][06][00][01][08][00][06][04][00][01][0E]ï[15][08]ßÈÀ¨[1D]/[00][00][00][00][00][00]À¨[1D]˜[00][00][00][00][00][00][00][00][00][00][00][00][00][00][00][00][00][00][00][00]—¹?îKiÉ_î³Ó;Ú5)RCÞ•ß[03]vLurC„|Ðé[1D]¢ÏùFJÍà

------------------- Rx Data ---------------Rx_next_packet: 4560
Rx_packet_length: 60
Rx_pkt_count: 78
ÿÿÿÿÿÿ´§Æ†

[08][06][00][01][08][00][06][04][00][01]´§Æ†

À¨[1D][01][00][00][00][00][00][00]À¨[1D]S[00][00][00][00][00][00][00][00][00][00][00][00][00][00][00][00][00][00][00][00]—¹?îKiÉ_î³Ó;Ú5)RCÞ•ß[03]vLurC„|Ðé[1D]¢ÏùFJÍà

------------------- Rx Data ---------------Rx_next_packet: 4630
Rx_packet_length: 60
Rx_pkt_count: 79
ÿÿÿÿÿÿ´§Æ†

[08][06][00][01][08][00][06][04][00][01]´§Æ†

À¨[1D][01][00][00][00][00][00][00]À¨[1D]Å[00][00][00][00][00][00][00][00][00][00][00][00][00][00][00][00][00][00][00][00]—¹?îKiÉ_î³Ó;Ú5)RCÞ•ß[03]vLurC„|Ðé[1D]¢ÏùFJÍà

------------------- Rx Data ---------------Rx_next_packet: 4700
Rx_packet_length: 60
Rx_pkt_count: 79
ÿÿÿÿÿÿ[0E]ï[15][08]ßÈ[08][06][00][01][08][00][06][04][00][01][0E]ï[15][08]ßÈÀ¨[1D]/[00][00][00][00][00][00]À¨[1D]e[00][00][00][00][00][00][00][00][00][00][00][00][00][00][00][00][00][00][00][00]—¹?îKiÉ_î³Ó;Ú5)RCÞ•ß[03]vLurC„|Ðé[1D]¢ÏùFJÍà

------------------- Rx Data ---------------Rx_next_packet: 4770
Rx_packet_length: 60
Rx_pkt_count: 78
ÿÿÿÿÿÿ[0E]ï[15][08]ßÈ[08][06][00][01][08][00][06][04][00][01][0E]ï[15][08]ßÈÀ¨[1D]/[00][00][00][00][00][00]À¨[1D]#[00][00][00][00][00][00][00][00][00][00][00][00][00][00][00][00][00][00][00][00]—¹?îKiÉ_î³Ó;Ú5)RCÞ•ß[03]vLurC„|Ðé[1D]¢ÏùFJÍà

------------------- Rx Data ---------------Rx_next_packet: 4840
Rx_packet_length: 60
Rx_pkt_count: 77
ÿÿÿÿÿÿ[0E]ï[15][08]ßÈ[08][06][00][01][08][00][06][04][00][01][0E]ï[15][08]ßÈÀ¨[1D]/[00][00][00][00][00][00]À¨[1D];[00][00][00][00][00][00][00][00][00][00][00][00][00][00][00][00][00][00][00][00]—¹?îKiÉ_î³Ó;Ú5)RCÞ•ß[03]vLurC„|Ðé[1D]¢ÏùFJÍà

------------------- Rx Data ---------------Rx_next_packet: 4910
Rx_packet_length: 60
Rx_pkt_count: 78
ÿÿÿÿÿÿ[0E]ï[15][08]ßÈ[08][06][00][01][08][00][06][04][00][01][0E]ï[15][08]ßÈÀ¨[1D]/[00][00][00][00][00][00]À¨[1D][1C][00][00][00][00][00][00][00][00][00][00][00][00][00][00][00][00][00][00][00][00]—¹?îKiÉ_î³Ó;Ú5)RCÞ•ß[03]vLurC„|Ðé[1D]¢ÏùFJÍà

------------------- Rx Data ---------------Rx_next_packet: 4980
Rx_packet_length: 60
Rx_pkt_count: 78
ÿÿÿÿÿÿ[0E]ï[15][08]ßÈ[08][06][00][01][08][00][06][04][00][01][0E]ï[15][08]ßÈÀ¨[1D]/[00][00][00][00][00][00]À¨[1D]ª[00][00][00][00][00][00][00][00][00][00][00][00][00][00][00][00][00][00][00][00]—¹?îKiÉ_î³Ó;Ú5)RCÞ•ß[03]vLurC„|Ðé[1D]¢ÏùFJÍà

------------------- Rx Data ---------------Rx_next_packet: 5204
Rx_packet_length: 214
Rx_pkt_count: 79
ÿÿÿÿÿÿ[1C]ÿž|á[08][00]E[00][00]Èbã[00][00]ÿ[11]yéÀ¨[1D]°ÿÿÿÿéO[1A][0B][00]´H…[00][00]Uª[00][00][00][00][00][00][00][13][00][00][00]œ[00][00][00][00]—¹?îKiÉ_î³Ó;Ú5)RCÞ•ß[03]vLurC„|Ðé[1D]¢ÏùFJÍà

------------------- Rx Data ---------------Rx_next_packet: 5274
Rx_packet_length: 60
Rx_pkt_count: 81
ÿÿÿÿÿÿ[0E]ï[15][08]ßÈ[08][06][00][01][08][00][06][04][00][01][0E]ï[15][08]ßÈÀ¨[1D]/[00][00][00][00][00][00]À¨[1D][01][00][00][00][00][00][00][00][00][00][00][00][00][00][00][00][00][00][00][00][00]—¹?îKiÉ_î³Ó;Ú5)RCÞ•ß[03]vLurC„|Ðé[1D]¢ÏùFJÍà

------------------- Rx Data ---------------Rx_next_packet: 5344
Rx_packet_length: 60
Rx_pkt_count: 80
ÿÿÿÿÿÿ[0E]ï[15][08]ßÈ[08][06][00][01][08][00][06][04][00][01][0E]ï[15][08]ßÈÀ¨[1D]/[00][00][00][00][00][00]À¨[1D]ª[00][00][00][00][00][00][00][00][00][00][00][00][00][00][00][00][00][00][00][00]—¹?îKiÉ_î³Ó;Ú5)RCÞ•ß[03]vLurC„|Ðé[1D]¢ÏùFJÍà

------------------- Rx Data ---------------Rx_next_packet: 5414
Rx_packet_length: 60
Rx_pkt_count: 81
ÿÿÿÿÿÿ[0E]ï[15][08]ßÈ[08][06][00][01][08][00][06][04][00][01][0E]ï[15][08]ßÈÀ¨[1D]/[00][00][00][00][00][00]À¨[1D]Å[00][00][00][00][00][00][00][00][00][00][00][00][00][00][00][00][00][00][00][00]—¹?îKiÉ_î³Ó;Ú5)RCÞ•ß[03]vLurC„|Ðé[1D]¢ÏùFJÍà

------------------- Rx Data ---------------Rx_next_packet: 5484
Rx_packet_length: 60
Rx_pkt_count: 80
ÿÿÿÿÿÿ[0E]ï[15][08]ßÈ[08][06][00][01][08][00][06][04][00][01][0E]ï[15][08]ßÈÀ¨[1D]/[00][00][00][00][00][00]À¨[1D][01][00][00][00][00][00][00][00][00][00][00][00][00][00][00][00][00][00][00][00][00]—¹?îKiÉ_î³Ó;Ú5)RCÞ•ß[03]vLurC„|Ðé[1D]¢ÏùFJÍà

------------------- Rx Data ---------------Rx_next_packet: 5554
Rx_packet_length: 60
Rx_pkt_count: 81
ÿÿÿÿÿÿ[0E]ï[15][08]ßÈ[08][06][00][01][08][00][06][04][00][01][0E]ï[15][08]ßÈÀ¨[1D]/[00][00][00][00][00][00]À¨[1D]°[00][00][00][00][00][00][00][00][00][00][00][00][00][00][00][00][00][00][00][00]—¹?îKiÉ_î³Ó;Ú5)RCÞ•ß[03]vLurC„|Ðé[1D]¢ÏùFJÍà

------------------- Rx Data ---------------Rx_next_packet: 5624
Rx_packet_length: 60
Rx_pkt_count: 80
ÿÿÿÿÿÿ[0E]ï[15][08]ßÈ[08][06][00][01][08][00][06][04][00][01][0E]ï[15][08]ßÈÀ¨[1D]/[00][00][00][00][00][00]À¨[1D]ª[00][00][00][00][00][00][00][00][00][00][00][00][00][00][00][00][00][00][00][00]—¹?îKiÉ_î³Ó;Ú5)RCÞ•ß[03]vLurC„|Ðé[1D]¢ÏùFJÍà

------------------- Rx Data ---------------Rx_next_packet: 5694
Rx_packet_length: 60
Rx_pkt_count: 80
ÿÿÿÿÿÿ[0E]ï[15][08]ßÈ[08][06][00][01][08][00][06][04][00][01][0E]ï[15][08]ßÈÀ¨[1D]/[00][00][00][00][00][00]À¨[1D]Ý[00][00][00][00][00][00][00][00][00][00][00][00][00][00][00][00][00][00][00][00]—¹?îKiÉ_î³Ó;Ú5)RCÞ•ß[03]vLurC„|Ðé[1D]¢ÏùFJÍà

------------------- Rx Data ---------------Rx_next_packet: 5764
Rx_packet_length: 60
Rx_pkt_count: 81
ÿÿÿÿÿÿ[0E]ï[15][08]ßÈ[08][06][00][01][08][00][06][04][00][01][0E]ï[15][08]ßÈÀ¨[1D]/[00][00][00][00][00][00]À¨[1D]Å[00][00][00][00][00][00][00][00][00][00][00][00][00][00][00][00][00][00][00][00]—¹?îKiÉ_î³Ó;Ú5)RCÞ•ß[03]vLurC„|Ðé[1D]¢ÏùFJÍà

------------------- Rx Data ---------------Rx_next_packet: 5834
Rx_packet_length: 60
Rx_pkt_count: 80
ÿÿÿÿÿÿ[0E]ï[15][08]ßÈ[08][06][00][01][08][00][06][04][00][01][0E]ï[15][08]ßÈÀ¨[1D]/[00][00][00][00][00][00]À¨[1D][01][00][00][00][00][00][00][00][00][00][00][00][00][00][00][00][00][00][00][00][00]—¹?îKiÉ_î³Ó;Ú5)RCÞ•ß[03]vLurC„|Ðé[1D]¢ÏùFJÍà

------------------- Rx Data ---------------Rx_next_packet: 5904
Rx_packet_length: 60
Rx_pkt_count: 79
ÿÿÿÿÿÿ[0E]ï[15][08]ßÈ[08][06][00][01][08][00][06][04][00][01][0E]ï[15][08]ßÈÀ¨[1D]/[00][00][00][00][00][00]À¨[1D]Ý[00][00][00][00][00][00][00][00][00][00][00][00][00][00][00][00][00][00][00][00]—¹?îKiÉ_î³Ó;Ú5)RCÞ•ß[03]vLurC„|Ðé[1D]¢ÏùFJÍà

------------------- Rx Data ---------------Rx_next_packet: 5974
Rx_packet_length: 60
Rx_pkt_count: 78
ÿÿÿÿÿÿ[0E]ï[15][08]ßÈ[08][06][00][01][08][00][06][04][00][01][0E]ï[15][08]ßÈÀ¨[1D]/[00][00][00][00][00][00]À¨[1D]8[00][00][00][00][00][00][00][00][00][00][00][00][00][00][00][00][00][00][00][00]—¹?îKiÉ_î³Ó;Ú5)RCÞ•ß[03]vLurC„|Ðé[1D]¢ÏùFJÍà

------------------- Rx Data ---------------Rx_next_packet: 6044
Rx_packet_length: 60
Rx_pkt_count: 77
ÿÿÿÿÿÿ[0E]ï[15][08]ßÈ[08][06][00][01][08][00][06][04][00][01][0E]ï[15][08]ßÈÀ¨[1D]/[00][00][00][00][00][00]À¨[1D]Å[00][00][00][00][00][00][00][00][00][00][00][00][00][00][00][00][00][00][00][00]—¹?îKiÉ_î³Ó;Ú5)RCÞ•ß[03]vLurC„|Ðé[1D]¢ÏùFJÍà

------------------- Rx Data ---------------Rx_next_packet: 6114
Rx_packet_length: 60
Rx_pkt_count: 77
ÿÿÿÿÿÿ[0E]ï[15][08]ßÈ[08][06][00][01][08][00][06][04][00][01][0E]ï[15][08]ßÈÀ¨[1D]/[00][00][00][00][00][00]À¨[1D][17][00][00][00][00][00][00][00][00][00][00][00][00][00][00][00][00][00][00][00][00]—¹?îKiÉ_î³Ó;Ú5)RCÞ•ß[03]vLurC„|Ðé[1D]¢ÏùFJÍà

------------------- Rx Data ---------------Rx_next_packet: 6184
Rx_packet_length: 60
Rx_pkt_count: 78
ÿÿÿÿÿÿ[0E]ï[15][08]ßÈ[08][06][00][01][08][00][06][04][00][01][0E]ï[15][08]ßÈÀ¨[1D]/[00][00][00][00][00][00]À¨[1D]Ý[00][00][00][00][00][00][00][00][00][00][00][00][00][00][00][00][00][00][00][00]—¹?îKiÉ_î³Ó;Ú5)RCÞ•ß[03]vLurC„|Ðé[1D]¢ÏùFJÍà

------------------- Rx Data ---------------Rx_next_packet: 6254
Rx_packet_length: 60
Rx_pkt_count: 79
ÿÿÿÿÿÿ[0E]ï[15][08]ßÈ[08][06][00][01][08][00][06][04][00][01][0E]ï[15][08]ßÈÀ¨[1D]/[00][00][00][00][00][00]À¨[1D]8[00][00][00][00][00][00][00][00][00][00][00][00][00][00][00][00][00][00][00][00]—¹?îKiÉ_î³Ó;Ú5)RCÞ•ß[03]vLurC„|Ðé[1D]¢ÏùFJÍà

------------------- Rx Data ---------------Rx_next_packet: 6324
Rx_packet_length: 60
Rx_pkt_count: 79
ÿÿÿÿÿÿ[0E]ï[15][08]ßÈ[08][06][00][01][08][00][06][04][00][01][0E]ï[15][08]ßÈÀ¨[1D]/[00][00][00][00][00][00]À¨[1D][17][00][00][00][00][00][00][00][00][00][00][00][00][00][00][00][00][00][00][00][00]—¹?îKiÉ_î³Ó;Ú5)RCÞ•ß[03]vLurC„|Ðé[1D]¢ÏùFJÍà

------------------- Rx Data ---------------Rx_next_packet: 6394
Rx_packet_length: 60
Rx_pkt_count: 79
ÿÿÿÿÿÿ[0E]ï[15][08]ßÈ[08][06][00][01][08][00][06][04][00][01][0E]ï[15][08]ßÈÀ¨[1D]/[00][00][00][00][00][00]À¨[1D][11][00][00][00][00][00][00][00][00][00][00][00][00][00][00][00][00][00][00][00][00]—¹?îKiÉ_î³Ó;Ú5)RCÞ•ß[03]vLurC„|Ðé[1D]¢ÏùFJÍà

------------------- Rx Data ---------------Rx_next_packet: 6464
Rx_packet_length: 60
Rx_pkt_count: 79
ÿÿÿÿÿÿ[0E]ï[15][08]ßÈ[08][06][00][01][08][00][06][04][00][01][0E]ï[15][08]ßÈÀ¨[1D]/[00][00][00][00][00][00]À¨[1D]8[00][00][00][00][00][00][00][00][00][00][00][00][00][00][00][00][00][00][00][00]—¹?îKiÉ_î³Ó;Ú5)RCÞ•ß[03]vLurC„|Ðé[1D]¢ÏùFJÍà

------------------- Rx Data ---------------Rx_next_packet: 6534
Rx_packet_length: 60
Rx_pkt_count: 79
ÿÿÿÿÿÿ´§Æ†

[08][06][00][01][08][00][06][04][00][01]´§Æ†

À¨[1D][01]ÿÿÿÿÿÿÀ¨[1D]M[00][00][00][00][00][00][00][00][00][00][00][00][00][00][00][00][00][00][00][00]—¹?îKiÉ_î³Ó;Ú5)RCÞ•ß[03]vLurC„|Ðé[1D]¢ÏùFJÍà

------------------- Rx Data ---------------Rx_next_packet: 104
Rx_packet_length: 214
Rx_pkt_count: 79
ÿÿÿÿÿÿ[1C]ÿž|á[08][00]E[00][00]Èbè[00][00]ÿ[11]yäÀ¨[1D]°ÿÿÿÿéO[1A][0B][00]´H…[00][00]Uª[00][00][00][00][00][00][00][13][00][00][00]œ[00][00][00][00]—¹?îKiÉ_î³Ó;Ú5)RCÞ•ß[03]vLurC„|Ðé[1D]¢ÏùFJÍà

------------------- Rx Data ---------------Rx_next_packet: 174
Rx_packet_length: 60
Rx_pkt_count: 79
ÿÿÿÿÿÿ[0E]ï[15][08]ßÈ[08][06][00][01][08][00][06][04][00][01][0E]ï[15][08]ßÈÀ¨[1D]/[00][00][00][00][00][00]À¨[1D][17][00][00][00][00][00][00][00][00][00][00][00][00][00][00][00][00][00][00][00][00]—¹?îKiÉ_î³Ó;Ú5)RCÞ•ß[03]vLurC„|Ðé[1D]¢ÏùFJÍà

------------------- Rx Data ---------------Rx_next_packet: 244
Rx_packet_length: 60
Rx_pkt_count: 79
[01][00]^[00][00][01]´§Æ†

[08][00]FÀ[00]$¶ê[00][00][01][02]¯~À¨[1D][01]à[00][00][01]”[04][00][00][11]då‡[00][00][00][00]	[14][00][00][00][00][00][00][00][00][00][00][00][00][00][00]—¹?îKiÉ_î³Ó;Ú5)RCÞ•ß[03]vLurC„|Ðé[1D]¢ÏùFJÍà

------------------- Rx Data ---------------Rx_next_packet: 314
Rx_packet_length: 60
Rx_pkt_count: 79
ÿÿÿÿÿÿ[0E]ï[15][08]ßÈ[08][06][00][01][08][00][06][04][00][01][0E]ï[15][08]ßÈÀ¨[1D]/[00][00][00][00][00][00]À¨[1D][05][00][00][00][00][00][00][00][00][00][00][00][00][00][00][00][00][00][00][00][00]—¹?îKiÉ_î³Ó;Ú5)RCÞ•ß[03]vLurC„|Ðé[1D]¢ÏùFJÍà

------------------- Rx Data ---------------Rx_next_packet: 384
Rx_packet_length: 60
Rx_pkt_count: 79
ÿÿÿÿÿÿ´§Æ†

[08][06][00][01][08][00][06][04][00][01]´§Æ†

À¨[1D][01]ÿÿÿÿÿÿÀ¨[1D]/[00][00][00][00][00][00][00][00][00][00][00][00][00][00][00][00][00][00][00][00]—¹?îKiÉ_î³Ó;Ú5)RCÞ•ß[03]vLurC„|Ðé[1D]¢ÏùFJÍà

------------------- Rx Data ---------------Rx_next_packet: 454
Rx_packet_length: 60
Rx_pkt_count: 78
[01][00]^[00][00][16]PF]LÖÐ[08][00]F[00][00](Ÿá[00][00][01][02]Ç[13]À¨[1D][1C]à[00][00][16]”[04][00][00]"[00]ì[03][00][00][00][01][02][00][00][00]ïÿÿú[00][00][00][00][00][00][00][00]—¹?îKiÉ_î³Ó;Ú5)RCÞ•ß[03]vLurC„|Ðé[1D]¢ÏùFJÍà

------------------- Rx Data ---------------Rx_next_packet: 524
Rx_packet_length: 60
Rx_pkt_count: 77
ÿÿÿÿÿÿ[0E]ï[15][08]ßÈ[08][06][00][01][08][00][06][04][00][01][0E]ï[15][08]ßÈÀ¨[1D]/[00][00][00][00][00][00]À¨[1D]#[00][00][00][00][00][00][00][00][00][00][00][00][00][00][00][00][00][00][00][00]—¹?îKiÉ_î³Ó;Ú5)RCÞ•ß[03]vLurC„|Ðé[1D]¢ÏùFJÍà

------------------- Rx Data ---------------Rx_next_packet: 594
Rx_packet_length: 60
Rx_pkt_count: 77
ÿÿÿÿÿÿ[0E]ï[15][08]ßÈ[08][06][00][01][08][00][06][04][00][01][0E]ï[15][08]ßÈÀ¨[1D]/[00][00][00][00][00][00]À¨[1D][05][00][00][00][00][00][00][00][00][00][00][00][00][00][00][00][00][00][00][00][00]—¹?îKiÉ_î³Ó;Ú5)RCÞ•ß[03]vLurC„|Ðé[1D]¢ÏùFJÍà

------------------- Rx Data ---------------Rx_next_packet: 818
Rx_packet_length: 214
Rx_pkt_count: 76
ÿÿÿÿÿÿ[1C]ÿž|á[08][00]E[00][00]Èbë[00][00]ÿ[11]yáÀ¨[1D]°ÿÿÿÿéO[1A][0B][00]´H…[00][00]Uª[00][00][00][00][00][00][00][13][00][00][00]œ[00][00][00][00]—¹?îKiÉ_î³Ó;Ú5)RCÞ•ß[03]vLurC„|Ðé[1D]¢ÏùFJÍà

------------------- Rx Data ---------------Rx_next_packet: 888
Rx_packet_length: 60
Rx_pkt_count: 78
[01][00]^[00][00][16].Àvš’ƒ[08][00]FÀ[00]([00][00]@[00][01][02]&.À¨[1D]#à[00][00][16]”[04][00][00]"[00]û[02][00][00][00][01][02][00][00][00]à[00][00]û[00][00][00][00][00][00][00][00]—¹?îKiÉ_î³Ó;Ú5)RCÞ•ß[03]vLurC„|Ðé[1D]¢ÏùFJÍà

------------------- Rx Data ---------------Rx_next_packet: 958
Rx_packet_length: 60
Rx_pkt_count: 78
ÿÿÿÿÿÿ[0E]ï[15][08]ßÈ[08][06][00][01][08][00][06][04][00][01][0E]ï[15][08]ßÈÀ¨[1D]/[00][00][00][00][00][00]À¨[1D]Î[00][00][00][00][00][00][00][00][00][00][00][00][00][00][00][00][00][00][00][00]—¹?îKiÉ_î³Ó;Ú5)RCÞ•ß[03]vLurC„|Ðé[1D]¢ÏùFJÍà

------------------- Rx Data ---------------Rx_next_packet: 1028
Rx_packet_length: 60
Rx_pkt_count: 78
ÿÿÿÿÿÿ[0E]ï[15][08]ßÈ[08][06][00][01][08][00][06][04][00][01][0E]ï[15][08]ßÈÀ¨[1D]/[00][00][00][00][00][00]À¨[1D][05][00][00][00][00][00][00][00][00][00][00][00][00][00][00][00][00][00][00][00][00]—¹?îKiÉ_î³Ó;Ú5)RCÞ•ß[03]vLurC„|Ðé[1D]¢ÏùFJÍà

------------------- Rx Data ---------------Rx_next_packet: 1098
Rx_packet_length: 60
Rx_pkt_count: 77
ÿÿÿÿÿÿ[0E]ï[15][08]ßÈ[08][06][00][01][08][00][06][04][00][01][0E]ï[15][08]ßÈÀ¨[1D]/[00][00][00][00][00][00]À¨[1D];[00][00][00][00][00][00][00][00][00][00][00][00][00][00][00][00][00][00][00][00]—¹?îKiÉ_î³Ó;Ú5)RCÞ•ß[03]vLurC„|Ðé[1D]¢ÏùFJÍà

------------------- Rx Data ---------------Rx_next_packet: 1168
Rx_packet_length: 60
Rx_pkt_count: 77
ÿÿÿÿÿÿ[0E]ï[15][08]ßÈ[08][06][00][01][08][00][06][04][00][01][0E]ï[15][08]ßÈÀ¨[1D]/[00][00][00][00][00][00]À¨[1D][1C][00][00][00][00][00][00][00][00][00][00][00][00][00][00][00][00][00][00][00][00]—¹?îKiÉ_î³Ó;Ú5)RCÞ•ß[03]vLurC„|Ðé[1D]¢ÏùFJÍà

------------------- Rx Data ---------------Rx_next_packet: 1238
Rx_packet_length: 60
Rx_pkt_count: 77
ÿÿÿÿÿÿ´§Æ†

[08][06][00][01][08][00][06][04][00][01]´§Æ†

À¨[1D][01]ÿÿÿÿÿÿÀ¨[1D]#[00][00][00][00][00][00][00][00][00][00][00][00][00][00][00][00][00][00][00][00]—¹?îKiÉ_î³Ó;Ú5)RCÞ•ß[03]vLurC„|Ðé[1D]¢ÏùFJÍà

------------------- Rx Data ---------------Rx_next_packet: 1308
Rx_packet_length: 60
Rx_pkt_count: 76
ÿÿÿÿÿÿ[0E]ï[15][08]ßÈ[08][06][00][01][08][00][06][04][00][01][0E]ï[15][08]ßÈÀ¨[1D]/[00][00][00][00][00][00]À¨[1D]Î[00][00][00][00][00][00][00][00][00][00][00][00][00][00][00][00][00][00][00][00]—¹?îKiÉ_î³Ó;Ú5)RCÞ•ß[03]vLurC„|Ðé[1D]¢ÏùFJÍà

------------------- Rx Data ---------------Rx_next_packet: 1378
Rx_packet_length: 60
Rx_pkt_count: 77
ÿÿÿÿÿÿ[0E]ï[15][08]ßÈ[08][06][00][01][08][00][06][04][00][01][0E]ï[15][08]ßÈÀ¨[1D]/[00][00][00][00][00][00]À¨[1D]Î[00][00][00][00][00][00][00][00][00][00][00][00][00][00][00][00][00][00][00][00]—¹?îKiÉ_î³Ó;Ú5)RCÞ•ß[03]vLurC„|Ðé[1D]¢ÏùFJÍà

------------------- Rx Data ---------------Rx_next_packet: 1448
Rx_packet_length: 60
Rx_pkt_count: 76
[01][00]^[00][00][16],`[0C]È»¶[08][00]F[00][00](·T[00][00][01][02]¯«À¨[1D][11]à[00][00][16]”[04][00][00]"[00]û[01][00][00][00][01][02][00][00][00]à[00][00]ü[00][00][00][00][00][00][00][00]—¹?îKiÉ_î³Ó;Ú5)RCÞ•ß[03]vLurC„|Ðé[1D]¢ÏùFJÍà

------------------- Rx Data ---------------Rx_next_packet: 1518
Rx_packet_length: 60
Rx_pkt_count: 77
ÿÿÿÿÿÿ´§Æ†

[08][06][00][01][08][00][06][04][00][01]´§Æ†

À¨[1D][01]ÿÿÿÿÿÿÀ¨[1D];[00][00][00][00][00][00][00][00][00][00][00][00][00][00][00][00][00][00][00][00]—¹?îKiÉ_î³Ó;Ú5)RCÞ•ß[03]vLurC„|Ðé[1D]¢ÏùFJÍà

------------------- Rx Data ---------------Rx_next_packet: 1588
Rx_packet_length: 60
Rx_pkt_count: 76
[01][00]^[00][00][16]PF]LÖÐ[08][00]F[00][00](Ÿâ[00][00][01][02]Ç[12]À¨[1D][1C]à[00][00][16]”[04][00][00]"[00]û[02][00][00][00][01][02][00][00][00]à[00][00]û[00][00][00][00][00][00][00][00]—¹?îKiÉ_î³Ó;Ú5)RCÞ•ß[03]vLurC„|Ðé[1D]¢ÏùFJÍà

------------------- Rx Data ---------------Rx_next_packet: 1658
Rx_packet_length: 60
Rx_pkt_count: 76
ÿÿÿÿÿÿ[0E]ï[15][08]ßÈ[08][06][00][01][08][00][06][04][00][01][0E]ï[15][08]ßÈÀ¨[1D]/[00][00][00][00][00][00]À¨[1D]°[00][00][00][00][00][00][00][00][00][00][00][00][00][00][00][00][00][00][00][00]—¹?îKiÉ_î³Ó;Ú5)RCÞ•ß[03]vLurC„|Ðé[1D]¢ÏùFJÍà

------------------- Rx Data ---------------Rx_next_packet: 1728
Rx_packet_length: 60
Rx_pkt_count: 77
[01][00]^[00][00][16]PF]LÖÐ[08][00]F[00][00](Ÿã[00][00][01][02]Ç[11]À¨[1D][1C]à[00][00][16]”[04][00][00]"[00]û[01][00][00][00][01][02][00][00][00]à[00][00]ü[00][00][00][00][00][00][00][00]—¹?îKiÉ_î³Ó;Ú5)RCÞ•ß[03]vLurC„|Ðé[1D]¢ÏùFJÍà

------------------- Rx Data ---------------Rx_next_packet: 1952
Rx_packet_length: 214
Rx_pkt_count: 76
ÿÿÿÿÿÿ[1C]ÿž|á[08][00]E[00][00]Èbï[00][00]ÿ[11]yÝÀ¨[1D]°ÿÿÿÿéO[1A][0B][00]´H…[00][00]Uª[00][00][00][00][00][00][00][13][00][00][00]œ[00][00][00][00]—¹?îKiÉ_î³Ó;Ú5)RCÞ•ß[03]vLurC„|Ðé[1D]¢ÏùFJÍà

------------------- Rx Data ---------------Rx_next_packet: 2022
Rx_packet_length: 60
Rx_pkt_count: 78
ÿÿÿÿÿÿ´§Æ†

[08][06][00][01][08][00][06][04][00][01]´§Æ†

À¨[1D][01]ÿÿÿÿÿÿÀ¨[1D]°[00][00][00][00][00][00][00][00][00][00][00][00][00][00][00][00][00][00][00][00]—¹?îKiÉ_î³Ó;Ú5)RCÞ•ß[03]vLurC„|Ðé[1D]¢ÏùFJÍà

------------------- Rx Data ---------------Rx_next_packet: 2092
Rx_packet_length: 60
Rx_pkt_count: 77
ÿÿÿÿÿÿ[0E]ï[15][08]ßÈ[08][06][00][01][08][00][06][04][00][01][0E]ï[15][08]ßÈÀ¨[1D]/[00][00][00][00][00][00]À¨[1D][11][00][00][00][00][00][00][00][00][00][00][00][00][00][00][00][00][00][00][00][00]—¹?îKiÉ_î³Ó;Ú5)RCÞ•ß[03]vLurC„|Ðé[1D]¢ÏùFJÍà

------------------- Rx Data ---------------Rx_next_packet: 2162
Rx_packet_length: 60
Rx_pkt_count: 79
ÿÿÿÿÿÿ´§Æ†

[08][06][00][01][08][00][06][04][00][01]´§Æ†

À¨[1D][01]ÿÿÿÿÿÿÀ¨[1D]€[00][00][00][00][00][00][00][00][00][00][00][00][00][00][00][00][00][00][00][00]—¹?îKiÉ_î³Ó;Ú5)RCÞ•ß[03]vLurC„|Ðé[1D]¢ÏùFJÍà

------------------- Rx Data ---------------Rx_next_packet: 2232
Rx_packet_length: 60
Rx_pkt_count: 78
ÿÿÿÿÿÿ[0E]ï[15][08]ßÈ[08][06][00][01][08][00][06][04][00][01][0E]ï[15][08]ßÈÀ¨[1D]/[00][00][00][00][00][00]À¨[1D]Œ[00][00][00][00][00][00][00][00][00][00][00][00][00][00][00][00][00][00][00][00]—¹?îKiÉ_î³Ó;Ú5)RCÞ•ß[03]vLurC„|Ðé[1D]¢ÏùFJÍà

------------------- Rx Data ---------------Rx_next_packet: 2302
Rx_packet_length: 60
Rx_pkt_count: 79
ÿÿÿÿÿÿ[0E]ï[15][08]ßÈ[08][06][00][01][08][00][06][04][00][01][0E]ï[15][08]ßÈÀ¨[1D]/[00][00][00][00][00][00]À¨[1D]Œ[00][00][00][00][00][00][00][00][00][00][00][00][00][00][00][00][00][00][00][00]—¹?îKiÉ_î³Ó;Ú5)RCÞ•ß[03]vLurC„|Ðé[1D]¢ÏùFJÍà

------------------- Rx Data ---------------Rx_next_packet: 2372
Rx_packet_length: 60
Rx_pkt_count: 80
ÿÿÿÿÿÿ[0E]ï[15][08]ßÈ[08][06][00][01][08][00][06][04][00][01][0E]ï[15][08]ßÈÀ¨[1D]/[00][00][00][00][00][00]À¨[1D]Œ[00][00][00][00][00][00][00][00][00][00][00][00][00][00][00][00][00][00][00][00]—¹?îKiÉ_î³Ó;Ú5)RCÞ•ß[03]vLurC„|Ðé[1D]¢ÏùFJÍà

------------------- Rx Data ---------------Rx_next_packet: 2442
Rx_packet_length: 60
Rx_pkt_count: 79
ÿÿÿÿÿÿ´§Æ†

[08][06][00][01][08][00][06][04][00][01]´§Æ†

À¨[1D][01]ÿÿÿÿÿÿÀ¨[1D][11][00][00][00][00][00][00][00][00][00][00][00][00][00][00][00][00][00][00][00][00]—¹?îKiÉ_î³Ó;Ú5)RCÞ•ß[03]vLurC„|Ðé[1D]¢ÏùFJÍà

------------------- Rx Data ---------------Rx_next_packet: 2666
Rx_packet_length: 214
Rx_pkt_count: 80
ÿÿÿÿÿÿ[1C]ÿž|á[08][00]E[00][00]Èbò[00][00]ÿ[11]yÚÀ¨[1D]°ÿÿÿÿéO[1A][0B][00]´H…[00][00]Uª[00][00][00][00][00][00][00][13][00][00][00]œ[00][00][00][00]—¹?îKiÉ_î³Ó;Ú5)RCÞ•ß[03]vLurC„|Ðé[1D]¢ÏùFJÍà

------------------- Rx Data ---------------Rx_next_packet: 2736
Rx_packet_length: 60
Rx_pkt_count: 79
ÿÿÿÿÿÿ[0E]ï[15][08]ßÈ[08][06][00][01][08][00][06][04][00][01][0E]ï[15][08]ßÈÀ¨[1D]/[00][00][00][00][00][00]À¨[1D]#[00][00][00][00][00][00][00][00][00][00][00][00][00][00][00][00][00][00][00][00]—¹?îKiÉ_î³Ó;Ú5)RCÞ•ß[03]vLurC„|Ðé[1D]¢ÏùFJÍà

------------------- Rx Data ---------------Rx_next_packet: 2806
Rx_packet_length: 60
Rx_pkt_count: 78
ÿÿÿÿÿÿ´§Æ†

[08][06][00][01][08][00][06][04][00][01]´§Æ†

À¨[1D][01]ÿÿÿÿÿÿÀ¨[1D][08][00][00][00][00][00][00][00][00][00][00][00][00][00][00][00][00][00][00][00][00]—¹?îKiÉ_î³Ó;Ú5)RCÞ•ß[03]vLurC„|Ðé[1D]¢ÏùFJÍà

------------------- Rx Data ---------------Rx_next_packet: 2876
Rx_packet_length: 60
Rx_pkt_count: 78
ÿÿÿÿÿÿ[0E]ï[15][08]ßÈ[08][06][00][01][08][00][06][04][00][01][0E]ï[15][08]ßÈÀ¨[1D]/[00][00][00][00][00][00]À¨[1D]q[00][00][00][00][00][00][00][00][00][00][00][00][00][00][00][00][00][00][00][00]—¹?îKiÉ_î³Ó;Ú5)RCÞ•ß[03]vLurC„|Ðé[1D]¢ÏùFJÍà

------------------- Rx Data ---------------Rx_next_packet: 2946
Rx_packet_length: 60
Rx_pkt_count: 77
ÿÿÿÿÿÿ[0E]ï[15][08]ßÈ[08][06][00][01][08][00][06][04][00][01][0E]ï[15][08]ßÈÀ¨[1D]/[00][00][00][00][00][00]À¨[1D];[00][00][00][00][00][00][00][00][00][00][00][00][00][00][00][00][00][00][00][00]—¹?îKiÉ_î³Ó;Ú5)RCÞ•ß[03]vLurC„|Ðé[1D]¢ÏùFJÍà

------------------- Rx Data ---------------Rx_next_packet: 3016
Rx_packet_length: 60
Rx_pkt_count: 78
ÿÿÿÿÿÿ[0E]ï[15][08]ßÈ[08][06][00][01][08][00][06][04][00][01][0E]ï[15][08]ßÈÀ¨[1D]/[00][00][00][00][00][00]À¨[1D][1C][00][00][00][00][00][00][00][00][00][00][00][00][00][00][00][00][00][00][00][00]—¹?îKiÉ_î³Ó;Ú5)RCÞ•ß[03]vLurC„|Ðé[1D]¢ÏùFJÍà

------------------- Rx Data ---------------Rx_next_packet: 3086
Rx_packet_length: 60
Rx_pkt_count: 78
ÿÿÿÿÿÿ[0E]ï[15][08]ßÈ[08][06][00][01][08][00][06][04][00][01][0E]ï[15][08]ßÈÀ¨[1D]/[00][00][00][00][00][00]À¨[1D]q[00][00][00][00][00][00][00][00][00][00][00][00][00][00][00][00][00][00][00][00]—¹?îKiÉ_î³Ó;Ú5)RCÞ•ß[03]vLurC„|Ðé[1D]¢ÏùFJÍà

------------------- Rx Data ---------------Rx_next_packet: 3156
Rx_packet_length: 60
Rx_pkt_count: 81
ÿÿÿÿÿÿ´§Æ†

[08][06][00][01][08][00][06][04][00][01]´§Æ†

À¨[1D][01]ÿÿÿÿÿÿÀ¨[1D][1C][00][00][00][00][00][00][00][00][00][00][00][00][00][00][00][00][00][00][00][00]—¹?îKiÉ_î³Ó;Ú5)RCÞ•ß[03]vLurC„|Ðé[1D]¢ÏùFJÍà

------------------- Rx Data ---------------Rx_next_packet: 3226
Rx_packet_length: 60
Rx_pkt_count: 81
ÿÿÿÿÿÿ[0E]ï[15][08]ßÈ[08][06][00][01][08][00][06][04][00][01][0E]ï[15][08]ßÈÀ¨[1D]/[00][00][00][00][00][00]À¨[1D]q[00][00][00][00][00][00][00][00][00][00][00][00][00][00][00][00][00][00][00][00]—¹?îKiÉ_î³Ó;Ú5)RCÞ•ß[03]vLurC„|Ðé[1D]¢ÏùFJÍà

------------------- Rx Data ---------------Rx_next_packet: 3296
Rx_packet_length: 60
Rx_pkt_count: 80
ÿÿÿÿÿÿ[0E]ï[15][08]ßÈ[08][06][00][01][08][00][06][04][00][01][0E]ï[15][08]ßÈÀ¨[1D]/[00][00][00][00][00][00]À¨[1D]S[00][00][00][00][00][00][00][00][00][00][00][00][00][00][00][00][00][00][00][00]—¹?îKiÉ_î³Ó;Ú5)RCÞ•ß[03]vLurC„|Ðé[1D]¢ÏùFJÍà

------------------- Rx Data ---------------Rx_next_packet: 3520
Rx_packet_length: 214
Rx_pkt_count: 81
ÿÿÿÿÿÿ[1C]ÿž|á[08][00]E[00][00]Èbó[00][00]ÿ[11]yÙÀ¨[1D]°ÿÿÿÿéO[1A][0B][00]´H…[00][00]Uª[00][00][00][00][00][00][00][13][00][00][00]œ[00][00][00][00]—¹?îKiÉ_î³Ó;Ú5)RCÞ•ß[03]vLurC„|Ðé[1D]¢ÏùFJÍà

------------------- Rx Data ---------------Rx_next_packet: 3590
Rx_packet_length: 60
Rx_pkt_count: 80
ÿÿÿÿÿÿ[0E]ï[15][08]ßÈ[08][06][00][01][08][00][06][04][00][01][0E]ï[15][08]ßÈÀ¨[1D]/[00][00][00][00][00][00]À¨[1D]S[00][00][00][00][00][00][00][00][00][00][00][00][00][00][00][00][00][00][00][00]—¹?îKiÉ_î³Ó;Ú5)RCÞ•ß[03]vLurC„|Ðé[1D]¢ÏùFJÍà

------------------- Rx Data ---------------Rx_next_packet: 3660
Rx_packet_length: 60
Rx_pkt_count: 81
ÿÿÿÿÿÿ[0E]ï[15][08]ßÈ[08][06][00][01][08][00][06][04][00][01][0E]ï[15][08]ßÈÀ¨[1D]/[00][00][00][00][00][00]À¨[1D]°[00][00][00][00][00][00][00][00][00][00][00][00][00][00][00][00][00][00][00][00]—¹?îKiÉ_î³Ó;Ú5)RCÞ•ß[03]vLurC„|Ðé[1D]¢ÏùFJÍà

------------------- Rx Data ---------------Rx_next_packet: 3730
Rx_packet_length: 60
Rx_pkt_count: 80
[01][00]^[00][00][01]´§Æ†

[08][00]FÀ[00]$¸„[00][00][01][02]­äÀ¨[1D][01]à[00][00][01]”[04][00][00][11]då‡[00][00][00][00]	[14][00][00][00][00][00][00][00][00][00][00][00][00][00][00]—¹?îKiÉ_î³Ó;Ú5)RCÞ•ß[03]vLurC„|Ðé[1D]¢ÏùFJÍà

------------------- Rx Data ---------------Rx_next_packet: 3800
Rx_packet_length: 60
Rx_pkt_count: 83
ÿÿÿÿÿÿ[0E]ï[15][08]ßÈ[08][06][00][01][08][00][06][04][00][01][0E]ï[15][08]ßÈÀ¨[1D]/[00][00][00][00][00][00]À¨[1D]˜[00][00][00][00][00][00][00][00][00][00][00][00][00][00][00][00][00][00][00][00]—¹?îKiÉ_î³Ó;Ú5)RCÞ•ß[03]vLurC„|Ðé[1D]¢ÏùFJÍà

------------------- Rx Data ---------------Rx_next_packet: 3870
Rx_packet_length: 60
Rx_pkt_count: 82
ÿÿÿÿÿÿ[0E]ï[15][08]ßÈ[08][06][00][01][08][00][06][04][00][01][0E]ï[15][08]ßÈÀ¨[1D]/[00][00][00][00][00][00]À¨[1D]S[00][00][00][00][00][00][00][00][00][00][00][00][00][00][00][00][00][00][00][00]—¹?îKiÉ_î³Ó;Ú5)RCÞ•ß[03]vLurC„|Ðé[1D]¢ÏùFJÍà

------------------- Rx Data ---------------Rx_next_packet: 3940
Rx_packet_length: 60
Rx_pkt_count: 83
ÿÿÿÿÿÿ[0E]ï[15][08]ßÈ[08][06][00][01][08][00][06][04][00][01][0E]ï[15][08]ßÈÀ¨[1D]/[00][00][00][00][00][00]À¨[1D]e[00][00][00][00][00][00][00][00][00][00][00][00][00][00][00][00][00][00][00][00]—¹?îKiÉ_î³Ó;Ú5)RCÞ•ß[03]vLurC„|Ðé[1D]¢ÏùFJÍà

------------------- Rx Data ---------------Rx_next_packet: 4010
Rx_packet_length: 60
Rx_pkt_count: 83
ÿÿÿÿÿÿ[0E]ï[15][08]ßÈ[08][06][00][01][08][00][06][04][00][01][0E]ï[15][08]ßÈÀ¨[1D]/[00][00][00][00][00][00]À¨[1D]˜[00][00][00][00][00][00][00][00][00][00][00][00][00][00][00][00][00][00][00][00]—¹?îKiÉ_î³Ó;Ú5)RCÞ•ß[03]vLurC„|Ðé[1D]¢ÏùFJÍà

------------------- Rx Data ---------------Rx_next_packet: 4080
Rx_packet_length: 60
Rx_pkt_count: 82
ÿÿÿÿÿÿ[0E]ï[15][08]ßÈ[08][06][00][01][08][00][06][04][00][01][0E]ï[15][08]ßÈÀ¨[1D]/[00][00][00][00][00][00]À¨[1D]e[00][00][00][00][00][00][00][00][00][00][00][00][00][00][00][00][00][00][00][00]—¹?îKiÉ_î³Ó;Ú5)RCÞ•ß[03]vLurC„|Ðé[1D]¢ÏùFJÍà

------------------- Rx Data ---------------Rx_next_packet: 4150
Rx_packet_length: 60
Rx_pkt_count: 82
ÿÿÿÿÿÿ[0E]ï[15][08]ßÈ[08][06][00][01][08][00][06][04][00][01][0E]ï[15][08]ßÈÀ¨[1D]/[00][00][00][00][00][00]À¨[1D]˜[00][00][00][00][00][00][00][00][00][00][00][00][00][00][00][00][00][00][00][00]—¹?îKiÉ_î³Ó;Ú5)RCÞ•ß[03]vLurC„|Ðé[1D]¢ÏùFJÍà

------------------- Rx Data ---------------Rx_next_packet: 4220
Rx_packet_length: 60
Rx_pkt_count: 81
ÿÿÿÿÿÿ[0E]ï[15][08]ßÈ[08][06][00][01][08][00][06][04][00][01][0E]ï[15][08]ßÈÀ¨[1D]/[00][00][00][00][00][00]À¨[1D][11][00][00][00][00][00][00][00][00][00][00][00][00][00][00][00][00][00][00][00][00]—¹?îKiÉ_î³Ó;Ú5)RCÞ•ß[03]vLurC„|Ðé[1D]¢ÏùFJÍà

------------------- Rx Data ---------------Rx_next_packet: 4290
Rx_packet_length: 60
Rx_pkt_count: 82
[01][00]^[00][00][16].Àvš’ƒ[08][00]FÀ[00]([00][00]@[00][01][02]&.À¨[1D]#à[00][00][16]”[04][00][00]"[00]û[02][00][00][00][01][02][00][00][00]à[00][00]û[00][00][00][00][00][00][00][00]—¹?îKiÉ_î³Ó;Ú5)RCÞ•ß[03]vLurC„|Ðé[1D]¢ÏùFJÍà

------------------- Rx Data ---------------Rx_next_packet: 4360
Rx_packet_length: 60
Rx_pkt_count: 81
ÿÿÿÿÿÿ[0E]ï[15][08]ßÈ[08][06][00][01][08][00][06][04][00][01][0E]ï[15][08]ßÈÀ¨[1D]/[00][00][00][00][00][00]À¨[1D]e[00][00][00][00][00][00][00][00][00][00][00][00][00][00][00][00][00][00][00][00]—¹?îKiÉ_î³Ó;Ú5)RCÞ•ß[03]vLurC„|Ðé[1D]¢ÏùFJÍà

------------------- Rx Data ---------------Rx_next_packet: 4584
Rx_packet_length: 214
Rx_pkt_count: 82
ÿÿÿÿÿÿ[1C]ÿž|á[08][00]E[00][00]Èbô[00][00]ÿ[11]yØÀ¨[1D]°ÿÿÿÿéO[1A][0B][00]´H…[00][00]Uª[00][00][00][00][00][00][00][13][00][00][00]œ[00][00][00][00]—¹?îKiÉ_î³Ó;Ú5)RCÞ•ß[03]vLurC„|Ðé[1D]¢ÏùFJÍà

------------------- Rx Data ---------------Rx_next_packet: 4654
Rx_packet_length: 60
Rx_pkt_count: 86
ÿÿÿÿÿÿ[0E]ï[15][08]ßÈ[08][06][00][01][08][00][06][04][00][01][0E]ï[15][08]ßÈÀ¨[1D]/[00][00][00][00][00][00]À¨[1D]ª[00][00][00][00][00][00][00][00][00][00][00][00][00][00][00][00][00][00][00][00]—¹?îKiÉ_î³Ó;Ú5)RCÞ•ß[03]vLurC„|Ðé[1D]¢ÏùFJÍà

------------------- Rx Data ---------------Rx_next_packet: 4724
Rx_packet_length: 60
Rx_pkt_count: 85
[01][00]^[00][00][16],`[0C]È»¶[08][00]F[00][00](·V[00][00][01][02]¯©À¨[1D][11]à[00][00][16]”[04][00][00]"[00]û[02][00][00][00][01][02][00][00][00]à[00][00]û[00][00][00][00][00][00][00][00]—¹?îKiÉ_î³Ó;Ú5)RCÞ•ß[03]vLurC„|Ðé[1D]¢ÏùFJÍà

------------------- Rx Data ---------------Rx_next_packet: 4794
Rx_packet_length: 60
Rx_pkt_count: 86
[01][00]^[00][00][16]PF]LÖÐ[08][00]F[00][00](Ÿä[00][00][01][02]Ç[10]À¨[1D][1C]à[00][00][16]”[04][00][00]"[00]ì[03][00][00][00][01][02][00][00][00]ïÿÿú[00][00][00][00][00][00][00][00]—¹?îKiÉ_î³Ó;Ú5)RCÞ•ß[03]vLurC„|Ðé[1D]¢ÏùFJÍà

------------------- Rx Data ---------------Rx_next_packet: 4864
Rx_packet_length: 60
Rx_pkt_count: 86
ÿÿÿÿÿÿ[0E]ï[15][08]ßÈ[08][06][00][01][08][00][06][04][00][01][0E]ï[15][08]ßÈÀ¨[1D]/[00][00][00][00][00][00]À¨[1D][01][00][00][00][00][00][00][00][00][00][00][00][00][00][00][00][00][00][00][00][00]—¹?îKiÉ_î³Ó;Ú5)RCÞ•ß[03]vLurC„|Ðé[1D]¢ÏùFJÍà

------------------- Rx Data ---------------Rx_next_packet: 4934
Rx_packet_length: 60
Rx_pkt_count: 86
[01][00]^[00][00][16]PF]LÖÐ[08][00]F[00][00](Ÿå[00][00][01][02]Ç[0F]À¨[1D][1C]à[00][00][16]”[04][00][00]"[00]û[02][00][00][00][01][02][00][00][00]à[00][00]û[00][00][00][00][00][00][00][00]—¹?îKiÉ_î³Ó;Ú5)RCÞ•ß[03]vLurC„|Ðé[1D]¢ÏùFJÍà

------------------- Rx Data ---------------Rx_next_packet: 5004
Rx_packet_length: 60
Rx_pkt_count: 85
[01][00]^[00][00][16]PF]LÖÐ[08][00]F[00][00](Ÿæ[00][00][01][02]Ç[0E]À¨[1D][1C]à[00][00][16]”[04][00][00]"[00]û[01][00][00][00][01][02][00][00][00]à[00][00]ü[00][00][00][00][00][00][00][00]—¹?îKiÉ_î³Ó;Ú5)RCÞ•ß[03]vLurC„|Ðé[1D]¢ÏùFJÍà

------------------- Rx Data ---------------Rx_next_packet: 5074
Rx_packet_length: 60
Rx_pkt_count: 86
ÿÿÿÿÿÿ[0E]ï[15][08]ßÈ[08][06][00][01][08][00][06][04][00][01][0E]ï[15][08]ßÈÀ¨[1D]/[00][00][00][00][00][00]À¨[1D]Å[00][00][00][00][00][00][00][00][00][00][00][00][00][00][00][00][00][00][00][00]—¹?îKiÉ_î³Ó;Ú5)RCÞ•ß[03]vLurC„|Ðé[1D]¢ÏùFJÍà

------------------- Rx Data ---------------Rx_next_packet: 5144
Rx_packet_length: 60
Rx_pkt_count: 85
ÿÿÿÿÿÿ[0E]ï[15][08]ßÈ[08][06][00][01][08][00][06][04][00][01][0E]ï[15][08]ßÈÀ¨[1D]/[00][00][00][00][00][00]À¨[1D][01][00][00][00][00][00][00][00][00][00][00][00][00][00][00][00][00][00][00][00][00]—¹?îKiÉ_î³Ó;Ú5)RCÞ•ß[03]vLurC„|Ðé[1D]¢ÏùFJÍà

------------------- Rx Data ---------------Rx_next_packet: 5214
Rx_packet_length: 60
Rx_pkt_count: 86
ÿÿÿÿÿÿ[0E]ï[15][08]ßÈ[08][06][00][01][08][00][06][04][00][01][0E]ï[15][08]ßÈÀ¨[1D]/[00][00][00][00][00][00]À¨[1D]Å[00][00][00][00][00][00][00][00][00][00][00][00][00][00][00][00][00][00][00][00]—¹?îKiÉ_î³Ó;Ú5)RCÞ•ß[03]vLurC„|Ðé[1D]¢ÏùFJÍà

------------------- Rx Data ---------------Rx_next_packet: 5284
Rx_packet_length: 60
Rx_pkt_count: 86
ÿÿÿÿÿÿ[0E]ï[15][08]ßÈ[08][06][00][01][08][00][06][04][00][01][0E]ï[15][08]ßÈÀ¨[1D]/[00][00][00][00][00][00]À¨[1D][01][00][00][00][00][00][00][00][00][00][00][00][00][00][00][00][00][00][00][00][00]—¹?îKiÉ_î³Ó;Ú5)RCÞ•ß[03]vLurC„|Ðé[1D]¢ÏùFJÍà

------------------- Rx Data ---------------Rx_next_packet: 5354
Rx_packet_length: 60
Rx_pkt_count: 85
ÿÿÿÿÿÿ[0E]ï[15][08]ßÈ[08][06][00][01][08][00][06][04][00][01][0E]ï[15][08]ßÈÀ¨[1D]/[00][00][00][00][00][00]À¨[1D]Å[00][00][00][00][00][00][00][00][00][00][00][00][00][00][00][00][00][00][00][00]—¹?îKiÉ_î³Ó;Ú5)RCÞ•ß[03]vLurC„|Ðé[1D]¢ÏùFJÍà

------------------- Rx Data ---------------Rx_next_packet: 5424
Rx_packet_length: 60
Rx_pkt_count: 85
ÿÿÿÿÿÿ[0E]ï[15][08]ßÈ[08][06][00][01][08][00][06][04][00][01][0E]ï[15][08]ßÈÀ¨[1D]/[00][00][00][00][00][00]À¨[1D][17][00][00][00][00][00][00][00][00][00][00][00][00][00][00][00][00][00][00][00][00]—¹?îKiÉ_î³Ó;Ú5)RCÞ•ß[03]vLurC„|Ðé[1D]¢ÏùFJÍà

------------------- Rx Data ---------------Rx_next_packet: 5494
Rx_packet_length: 60
Rx_pkt_count: 86
ÿÿÿÿÿÿ[0E]ï[15][08]ßÈ[08][06][00][01][08][00][06][04][00][01][0E]ï[15][08]ßÈÀ¨[1D]/[00][00][00][00][00][00]À¨[1D][17][00][00][00][00][00][00][00][00][00][00][00][00][00][00][00][00][00][00][00][00]—¹?îKiÉ_î³Ó;Ú5)RCÞ•ß[03]vLurC„|Ðé[1D]¢ÏùFJÍà

------------------- Rx Data ---------------Rx_next_packet: 5564
Rx_packet_length: 60
Rx_pkt_count: 85
ÿÿÿÿÿÿ[0E]ï[15][08]ßÈ[08][06][00][01][08][00][06][04][00][01][0E]ï[15][08]ßÈÀ¨[1D]/[00][00][00][00][00][00]À¨[1D][17][00][00][00][00][00][00][00][00][00][00][00][00][00][00][00][00][00][00][00][00]—¹?îKiÉ_î³Ó;Ú5)RCÞ•ß[03]vLurC„|Ðé[1D]¢ÏùFJÍà

------------------- Rx Data ---------------Rx_next_packet: 5634
Rx_packet_length: 60
Rx_pkt_count: 86
ÿÿÿÿÿÿ[0E]ï[15][08]ßÈ[08][06][00][01][08][00][06][04][00][01][0E]ï[15][08]ßÈÀ¨[1D]/[00][00][00][00][00][00]À¨[1D]°[00][00][00][00][00][00][00][00][00][00][00][00][00][00][00][00][00][00][00][00]—¹?îKiÉ_î³Ó;Ú5)RCÞ•ß[03]vLurC„|Ðé[1D]¢ÏùFJÍà

------------------- Rx Data ---------------Rx_next_packet: 5858
Rx_packet_length: 214
Rx_pkt_count: 85
ÿÿÿÿÿÿ[1C]ÿž|á[08][00]E[00][00]Èbû[00][00]ÿ[11]yÑÀ¨[1D]°ÿÿÿÿéO[1A][0B][00]´H…[00][00]Uª[00][00][00][00][00][00][00][13][00][00][00]œ[00][00][00][00]—¹?îKiÉ_î³Ó;Ú5)RCÞ•ß[03]vLurC„|Ðé[1D]¢ÏùFJÍà

------------------- Rx Data ---------------Rx_next_packet: 5928
Rx_packet_length: 60
Rx_pkt_count: 85
ÿÿÿÿÿÿ[0E]ï[15][08]ßÈ[08][06][00][01][08][00][06][04][00][01][0E]ï[15][08]ßÈÀ¨[1D]/[00][00][00][00][00][00]À¨[1D][05][00][00][00][00][00][00][00][00][00][00][00][00][00][00][00][00][00][00][00][00]—¹?îKiÉ_î³Ó;Ú5)RCÞ•ß[03]vLurC„|Ðé[1D]¢ÏùFJÍà

------------------- Rx Data ---------------Rx_next_packet: 5998
Rx_packet_length: 60
Rx_pkt_count: 85
ÿÿÿÿÿÿ[0E]ï[15][08]ßÈ[08][06][00][01][08][00][06][04][00][01][0E]ï[15][08]ßÈÀ¨[1D]/[00][00][00][00][00][00]À¨[1D][11][00][00][00][00][00][00][00][00][00][00][00][00][00][00][00][00][00][00][00][00]—¹?îKiÉ_î³Ó;Ú5)RCÞ•ß[03]vLurC„|Ðé[1D]¢ÏùFJÍà

------------------- Rx Data ---------------Rx_next_packet: 6068
Rx_packet_length: 60
Rx_pkt_count: 85
ÿÿÿÿÿÿPF]LÖÐ[08][06][00][01][08][00][06][04][00][01]PF]LÖÐÀ¨[1D][1C][00][00][00][00][00][00]©þ©þ[00][00][00][00][00][00][00][00][00][00][00][00][00][00][00][00][00][00][00][00]—¹?îKiÉ_î³Ó;Ú5)RCÞ•ß[03]vLurC„|Ðé[1D]¢ÏùFJÍà

------------------- Rx Data ---------------Rx_next_packet: 6138
Rx_packet_length: 60
Rx_pkt_count: 86
ÿÿÿÿÿÿ[0E]ï[15][08]ßÈ[08][06][00][01][08][00][06][04][00][01][0E]ï[15][08]ßÈÀ¨[1D]/[00][00][00][00][00][00]À¨[1D][05][00][00][00][00][00][00][00][00][00][00][00][00][00][00][00][00][00][00][00][00]—¹?îKiÉ_î³Ó;Ú5)RCÞ•ß[03]vLurC„|Ðé[1D]¢ÏùFJÍà

------------------- Rx Data ---------------Rx_next_packet: 6208
Rx_packet_length: 60
Rx_pkt_count: 85
ÿÿÿÿÿÿPF]LÖÐ[08][06][00][01][08][00][06][04][00][01]PF]LÖÐÀ¨[1D][1C][00][00][00][00][00][00]©þ©þ[00][00][00][00][00][00][00][00][00][00][00][00][00][00][00][00][00][00][00][00]—¹?îKiÉ_î³Ó;Ú5)RCÞ•ß[03]vLurC„|Ðé[1D]¢ÏùFJÍà

------------------- Rx Data ---------------Rx_next_packet: 6278
Rx_packet_length: 60
Rx_pkt_count: 86
ÿÿÿÿÿÿ[0E]ï[15][08]ßÈ[08][06][00][01][08][00][06][04][00][01][0E]ï[15][08]ßÈÀ¨[1D]/[00][00][00][00][00][00]À¨[1D]Î[00][00][00][00][00][00][00][00][00][00][00][00][00][00][00][00][00][00][00][00]—¹?îKiÉ_î³Ó;Ú5)RCÞ•ß[03]vLurC„|Ðé[1D]¢ÏùFJÍà

------------------- Rx Data ---------------Rx_next_packet: 6348
Rx_packet_length: 60
Rx_pkt_count: 85
ÿÿÿÿÿÿPF]LÖÐ[08][06][00][01][08][00][06][04][00][01]PF]LÖÐÀ¨[1D][1C][00][00][00][00][00][00]©þ©þ[00][00][00][00][00][00][00][00][00][00][00][00][00][00][00][00][00][00][00][00]—¹?îKiÉ_î³Ó;Ú5)RCÞ•ß[03]vLurC„|Ðé[1D]¢ÏùFJÍà

------------------- Rx Data ---------------Rx_next_packet: 6418
Rx_packet_length: 60
Rx_pkt_count: 86
ÿÿÿÿÿÿ[0E]ï[15][08]ßÈ[08][06][00][01][08][00][06][04][00][01][0E]ï[15][08]ßÈÀ¨[1D]/[00][00][00][00][00][00]À¨[1D]Î[00][00][00][00][00][00][00][00][00][00][00][00][00][00][00][00][00][00][00][00]—¹?îKiÉ_î³Ó;Ú5)RCÞ•ß[03]vLurC„|Ðé[1D]¢ÏùFJÍà

------------------- Rx Data ---------------Rx_next_packet: 6488
Rx_packet_length: 60
Rx_pkt_count: 85
ÿÿÿÿÿÿPF]LÖÐ[08][06][00][01][08][00][06][04][00][01]PF]LÖÐÀ¨[1D][1C][00][00][00][00][00][00]©þ©þ[00][00][00][00][00][00][00][00][00][00][00][00][00][00][00][00][00][00][00][00]—¹?îKiÉ_î³Ó;Ú5)RCÞ•ß[03]vLurC„|Ðé[1D]¢ÏùFJÍà

------------------- Rx Data ---------------Rx_next_packet: 58
Rx_packet_length: 214
Rx_pkt_count: 86
ÿÿÿÿÿÿ[1C]ÿž|á[08][00]E[00][00]Èbÿ[00][00]ÿ[11]yÍÀ¨[1D]°ÿÿÿÿéO[1A][0B][00]´H…[00][00]Uª[00][00][00][00][00][00][00][13][00][00][00]œ[00][00][00][00]—¹?îKiÉ_î³Ó;Ú5)RCÞ•ß[03]vLurC„|Ðé[1D]¢ÏùFJÍà

------------------- Rx Data ---------------Rx_next_packet: 128
Rx_packet_length: 60
Rx_pkt_count: 87
ÿÿÿÿÿÿ[0E]ï[15][08]ßÈ[08][06][00][01][08][00][06][04][00][01][0E]ï[15][08]ßÈÀ¨[1D]/[00][00][00][00][00][00]À¨[1D]#[00][00][00][00][00][00][00][00][00][00][00][00][00][00][00][00][00][00][00][00]—¹?îKiÉ_î³Ó;Ú5)RCÞ•ß[03]vLurC„|Ðé[1D]¢ÏùFJÍà

------------------- Rx Data ---------------Rx_next_packet: 198
Rx_packet_length: 60
Rx_pkt_count: 86
ÿÿÿÿÿÿPF]LÖÐ[08][06][00][01][08][00][06][04][00][01]PF]LÖÐÀ¨[1D][1C][00][00][00][00][00][00]©þ©þ[00][00][00][00][00][00][00][00][00][00][00][00][00][00][00][00][00][00][00][00]—¹?îKiÉ_î³Ó;Ú5)RCÞ•ß[03]vLurC„|Ðé[1D]¢ÏùFJÍà

------------------- Rx Data ---------------Rx_next_packet: 268
Rx_packet_length: 60
Rx_pkt_count: 88
ÿÿÿÿÿÿ[0E]ï[15][08]ßÈ[08][06][00][01][08][00][06][04][00][01][0E]ï[15][08]ßÈÀ¨[1D]/[00][00][00][00][00][00]À¨[1D];[00][00][00][00][00][00][00][00][00][00][00][00][00][00][00][00][00][00][00][00]—¹?îKiÉ_î³Ó;Ú5)RCÞ•ß[03]vLurC„|Ðé[1D]¢ÏùFJÍà

------------------- Rx Data ---------------Rx_next_packet: 338
Rx_packet_length: 60
Rx_pkt_count: 87
[01][00]^[00][00][16].Àvš’ƒ[08][00]FÀ[00]([00][00]@[00][01][02]&.À¨[1D]#à[00][00][16]”[04][00][00]"[00]û[02][00][00][00][01][02][00][00][00]à[00][00]û[00][00][00][00][00][00][00][00]—¹?îKiÉ_î³Ó;Ú5)RCÞ•ß[03]vLurC„|Ðé[1D]¢ÏùFJÍà

------------------- Rx Data ---------------Rx_next_packet: 408
Rx_packet_length: 60
Rx_pkt_count: 87
[01][00]^[00][00][16]PF]LÖÐ[08][00]F[00][00](Ÿè[00][00][01][02]Ç[0C]À¨[1D][1C]à[00][00][16]”[04][00][00]"[00]û[02][00][00][00][01][02][00][00][00]à[00][00]û[00][00][00][00][00][00][00][00]—¹?îKiÉ_î³Ó;Ú5)RCÞ•ß[03]vLurC„|Ðé[1D]¢ÏùFJÍà

------------------- Rx Data ---------------Rx_next_packet: 478
Rx_packet_length: 60
Rx_pkt_count: 88
ÿÿÿÿÿÿ[0E]ï[15][08]ßÈ[08][06][00][01][08][00][06][04][00][01][0E]ï[15][08]ßÈÀ¨[1D]/[00][00][00][00][00][00]À¨[1D]Œ[00][00][00][00][00][00][00][00][00][00][00][00][00][00][00][00][00][00][00][00]—¹?îKiÉ_î³Ó;Ú5)RCÞ•ß[03]vLurC„|Ðé[1D]¢ÏùFJÍà

------------------- Rx Data ---------------Rx_next_packet: 548
Rx_packet_length: 60
Rx_pkt_count: 87
ÿÿÿÿÿÿ[0E]ï[15][08]ßÈ[08][06][00][01][08][00][06][04][00][01][0E]ï[15][08]ßÈÀ¨[1D]/[00][00][00][00][00][00]À¨[1D]°[00][00][00][00][00][00][00][00][00][00][00][00][00][00][00][00][00][00][00][00]—¹?îKiÉ_î³Ó;Ú5)RCÞ•ß[03]vLurC„|Ðé[1D]¢ÏùFJÍà

------------------- Rx Data ---------------Rx_next_packet: 772
Rx_packet_length: 214
Rx_pkt_count: 86
ÿÿÿÿÿÿ[1C]ÿž|á[08][00]E[00][00]Èc[01][00][00]ÿ[11]yËÀ¨[1D]°ÿÿÿÿéO[1A][0B][00]´H…[00][00]Uª[00][00][00][00][00][00][00][13][00][00][00]œ[00][00][00][00]—¹?îKiÉ_î³Ó;Ú5)RCÞ•ß[03]vLurC„|Ðé[1D]¢ÏùFJÍà

------------------- Rx Data ---------------Rx_next_packet: 842
Rx_packet_length: 60
Rx_pkt_count: 86
ÿÿÿÿÿÿ[0E]ï[15][08]ßÈ[08][06][00][01][08][00][06][04][00][01][0E]ï[15][08]ßÈÀ¨[1D]/[00][00][00][00][00][00]À¨[1D]Œ[00][00][00][00][00][00][00][00][00][00][00][00][00][00][00][00][00][00][00][00]—¹?îKiÉ_î³Ó;Ú5)RCÞ•ß[03]vLurC„|Ðé[1D]¢ÏùFJÍà

------------------- Rx Data ---------------Rx_next_packet: 912
Rx_packet_length: 60
Rx_pkt_count: 85
ÿÿÿÿÿÿ[0E]ï[15][08]ßÈ[08][06][00][01][08][00][06][04][00][01][0E]ï[15][08]ßÈÀ¨[1D]/[00][00][00][00][00][00]À¨[1D]Œ[00][00][00][00][00][00][00][00][00][00][00][00][00][00][00][00][00][00][00][00]—¹?îKiÉ_î³Ó;Ú5)RCÞ•ß[03]vLurC„|Ðé[1D]¢ÏùFJÍà

------------------- Rx Data ---------------Rx_next_packet: 982
Rx_packet_length: 60
Rx_pkt_count: 84
ÿÿÿÿÿÿ[0E]ï[15][08]ßÈ[08][06][00][01][08][00][06][04][00][01][0E]ï[15][08]ßÈÀ¨[1D]/[00][00][00][00][00][00]À¨[1D][11][00][00][00][00][00][00][00][00][00][00][00][00][00][00][00][00][00][00][00][00]—¹?îKiÉ_î³Ó;Ú5)RCÞ•ß[03]vLurC„|Ðé[1D]¢ÏùFJÍà

------------------- Rx Data ---------------Rx_next_packet: 1052
Rx_packet_length: 60
Rx_pkt_count: 83
ÿÿÿÿÿÿ[0E]ï[15][08]ßÈ[08][06][00][01][08][00][06][04][00][01][0E]ï[15][08]ßÈÀ¨[1D]/[00][00][00][00][00][00]À¨[1D][11][00][00][00][00][00][00][00][00][00][00][00][00][00][00][00][00][00][00][00][00]—¹?îKiÉ_î³Ó;Ú5)RCÞ•ß[03]vLurC„|Ðé[1D]¢ÏùFJÍà

------------------- Rx Data ---------------Rx_next_packet: 1122
Rx_packet_length: 60
Rx_pkt_count: 82
[01][00]^[00][00][16]PF]LÖÐ[08][00]F[00][00](Ÿé[00][00][01][02]Ç[0B]À¨[1D][1C]à[00][00][16]”[04][00][00]"[00]û[01][00][00][00][01][02][00][00][00]à[00][00]ü[00][00][00][00][00][00][00][00]—¹?îKiÉ_î³Ó;Ú5)RCÞ•ß[03]vLurC„|Ðé[1D]¢ÏùFJÍà

------------------- Rx Data ---------------Rx_next_packet: 1192
Rx_packet_length: 60
Rx_pkt_count: 81
ÿÿÿÿÿÿ[0E]ï[15][08]ßÈ[08][06][00][01][08][00][06][04][00][01][0E]ï[15][08]ßÈÀ¨[1D]/[00][00][00][00][00][00]À¨[1D]q[00][00][00][00][00][00][00][00][00][00][00][00][00][00][00][00][00][00][00][00]—¹?îKiÉ_î³Ó;Ú5)RCÞ•ß[03]vLurC„|Ðé[1D]¢ÏùFJÍà

------------------- Rx Data ---------------Rx_next_packet: 1262
Rx_packet_length: 60
Rx_pkt_count: 80
ÿÿÿÿÿÿ[0E]ï[15][08]ßÈ[08][06][00][01][08][00][06][04][00][01][0E]ï[15][08]ßÈÀ¨[1D]/[00][00][00][00][00][00]À¨[1D][11][00][00][00][00][00][00][00][00][00][00][00][00][00][00][00][00][00][00][00][00]—¹?îKiÉ_î³Ó;Ú5)RCÞ•ß[03]vLurC„|Ðé[1D]¢ÏùFJÍà

------------------- Rx Data ---------------Rx_next_packet: 1332
Rx_packet_length: 60
Rx_pkt_count: 79
ÿÿÿÿÿÿ[0E]ï[15][08]ßÈ[08][06][00][01][08][00][06][04][00][01][0E]ï[15][08]ßÈÀ¨[1D]/[00][00][00][00][00][00]À¨[1D]q[00][00][00][00][00][00][00][00][00][00][00][00][00][00][00][00][00][00][00][00]—¹?îKiÉ_î³Ó;Ú5)RCÞ•ß[03]vLurC„|Ðé[1D]¢ÏùFJÍà

------------------- Rx Data ---------------Rx_next_packet: 1402
Rx_packet_length: 60
Rx_pkt_count: 79
ÿÿÿÿÿÿ[0E]ï[15][08]ßÈ[08][06][00][01][08][00][06][04][00][01][0E]ï[15][08]ßÈÀ¨[1D]/[00][00][00][00][00][00]À¨[1D]q[00][00][00][00][00][00][00][00][00][00][00][00][00][00][00][00][00][00][00][00]—¹?îKiÉ_î³Ó;Ú5)RCÞ•ß[03]vLurC„|Ðé[1D]¢ÏùFJÍà

------------------- Rx Data ---------------Rx_next_packet: 1472
Rx_packet_length: 60
Rx_pkt_count: 78
ÿÿÿÿÿÿ[0E]ï[15][08]ßÈ[08][06][00][01][08][00][06][04][00][01][0E]ï[15][08]ßÈÀ¨[1D]/[00][00][00][00][00][00]À¨[1D]S[00][00][00][00][00][00][00][00][00][00][00][00][00][00][00][00][00][00][00][00]—¹?îKiÉ_î³Ó;Ú5)RCÞ•ß[03]vLurC„|Ðé[1D]¢ÏùFJÍà

------------------- Rx Data ---------------Rx_next_packet: 1542
Rx_packet_length: 60
Rx_pkt_count: 77
ÿÿÿÿÿÿ[0E]ï[15][08]ßÈ[08][06][00][01][08][00][06][04][00][01][0E]ï[15][08]ßÈÀ¨[1D]/[00][00][00][00][00][00]À¨[1D]#[00][00][00][00][00][00][00][00][00][00][00][00][00][00][00][00][00][00][00][00]—¹?îKiÉ_î³Ó;Ú5)RCÞ•ß[03]vLurC„|Ðé[1D]¢ÏùFJÍà

------------------- Rx Data ---------------Rx_next_packet: 1612
Rx_packet_length: 60
Rx_pkt_count: 76
ÿÿÿÿÿÿ[0E]ï[15][08]ßÈ[08][06][00][01][08][00][06][04][00][01][0E]ï[15][08]ßÈÀ¨[1D]/[00][00][00][00][00][00]À¨[1D]S[00][00][00][00][00][00][00][00][00][00][00][00][00][00][00][00][00][00][00][00]—¹?îKiÉ_î³Ó;Ú5)RCÞ•ß[03]vLurC„|Ðé[1D]¢ÏùFJÍà

------------------- Rx Data ---------------Rx_next_packet: 1682
Rx_packet_length: 60
Rx_pkt_count: 75
ÿÿÿÿÿÿ[0E]ï[15][08]ßÈ[08][06][00][01][08][00][06][04][00][01][0E]ï[15][08]ßÈÀ¨[1D]/[00][00][00][00][00][00]À¨[1D][1C][00][00][00][00][00][00][00][00][00][00][00][00][00][00][00][00][00][00][00][00]—¹?îKiÉ_î³Ó;Ú5)RCÞ•ß[03]vLurC„|Ðé[1D]¢ÏùFJÍà

------------------- Rx Data ---------------Rx_next_packet: 1752
Rx_packet_length: 60
Rx_pkt_count: 74
ÿÿÿÿÿÿ[0E]ï[15][08]ßÈ[08][06][00][01][08][00][06][04][00][01][0E]ï[15][08]ßÈÀ¨[1D]/[00][00][00][00][00][00]À¨[1D]˜[00][00][00][00][00][00][00][00][00][00][00][00][00][00][00][00][00][00][00][00]—¹?îKiÉ_î³Ó;Ú5)RCÞ•ß[03]vLurC„|Ðé[1D]¢ÏùFJÍà

------------------- Rx Data ---------------Rx_next_packet: 1822
Rx_packet_length: 60
Rx_pkt_count: 73
ÿÿÿÿÿÿ[0E]ï[15][08]ßÈ[08][06][00][01][08][00][06][04][00][01][0E]ï[15][08]ßÈÀ¨[1D]/[00][00][00][00][00][00]À¨[1D]S[00][00][00][00][00][00][00][00][00][00][00][00][00][00][00][00][00][00][00][00]—¹?îKiÉ_î³Ó;Ú5)RCÞ•ß[03]vLurC„|Ðé[1D]¢ÏùFJÍà

------------------- Rx Data ---------------Rx_next_packet: 1892
Rx_packet_length: 60
Rx_pkt_count: 72
ÿÿÿÿÿÿ[0E]ï[15][08]ßÈ[08][06][00][01][08][00][06][04][00][01][0E]ï[15][08]ßÈÀ¨[1D]/[00][00][00][00][00][00]À¨[1D];[00][00][00][00][00][00][00][00][00][00][00][00][00][00][00][00][00][00][00][00]—¹?îKiÉ_î³Ó;Ú5)RCÞ•ß[03]vLurC„|Ðé[1D]¢ÏùFJÍà

------------------- Rx Data ---------------Rx_next_packet: 1962
Rx_packet_length: 60
Rx_pkt_count: 71
ÿÿÿÿÿÿ[0E]ï[15][08]ßÈ[08][06][00][01][08][00][06][04][00][01][0E]ï[15][08]ßÈÀ¨[1D]/[00][00][00][00][00][00]À¨[1D]e[00][00][00][00][00][00][00][00][00][00][00][00][00][00][00][00][00][00][00][00]—¹?îKiÉ_î³Ó;Ú5)RCÞ•ß[03]vLurC„|Ðé[1D]¢ÏùFJÍà

------------------- Rx Data ---------------Rx_next_packet: 2032
Rx_packet_length: 60
Rx_pkt_count: 71
ÿÿÿÿÿÿ[0E]ï[15][08]ßÈ[08][06][00][01][08][00][06][04][00][01][0E]ï[15][08]ßÈÀ¨[1D]/[00][00][00][00][00][00]À¨[1D]˜[00][00][00][00][00][00][00][00][00][00][00][00][00][00][00][00][00][00][00][00]—¹?îKiÉ_î³Ó;Ú5)RCÞ•ß[03]vLurC„|Ðé[1D]¢ÏùFJÍà

------------------- Rx Data ---------------Rx_next_packet: 2102
Rx_packet_length: 60
Rx_pkt_count: 70
ÿÿÿÿÿÿ[0E]ï[15][08]ßÈ[08][06][00][01][08][00][06][04][00][01][0E]ï[15][08]ßÈÀ¨[1D]/[00][00][00][00][00][00]À¨[1D]e[00][00][00][00][00][00][00][00][00][00][00][00][00][00][00][00][00][00][00][00]—¹?îKiÉ_î³Ó;Ú5)RCÞ•ß[03]vLurC„|Ðé[1D]¢ÏùFJÍà

------------------- Rx Data ---------------Rx_next_packet: 2172
Rx_packet_length: 60
Rx_pkt_count: 70
ÿÿÿÿÿÿ[0E]ï[15][08]ßÈ[08][06][00][01][08][00][06][04][00][01][0E]ï[15][08]ßÈÀ¨[1D]/[00][00][00][00][00][00]À¨[1D]˜[00][00][00][00][00][00][00][00][00][00][00][00][00][00][00][00][00][00][00][00]—¹?îKiÉ_î³Ó;Ú5)RCÞ•ß[03]vLurC„|Ðé[1D]¢ÏùFJÍà

------------------- Rx Data ---------------Rx_next_packet: 2242
Rx_packet_length: 60
Rx_pkt_count: 70
ÿÿÿÿÿÿ[0E]ï[15][08]ßÈ[08][06][00][01][08][00][06][04][00][01][0E]ï[15][08]ßÈÀ¨[1D]/[00][00][00][00][00][00]À¨[1D]e[00][00][00][00][00][00][00][00][00][00][00][00][00][00][00][00][00][00][00][00]—¹?îKiÉ_î³Ó;Ú5)RCÞ•ß[03]vLurC„|Ðé[1D]¢ÏùFJÍà

------------------- Rx Data ---------------Rx_next_packet: 2312
Rx_packet_length: 60
Rx_pkt_count: 69
ÿÿÿÿÿÿ[0E]ï[15][08]ßÈ[08][06][00][01][08][00][06][04][00][01][0E]ï[15][08]ßÈÀ¨[1D]/[00][00][00][00][00][00]À¨[1D]°[00][00][00][00][00][00][00][00][00][00][00][00][00][00][00][00][00][00][00][00]—¹?îKiÉ_î³Ó;Ú5)RCÞ•ß[03]vLurC„|Ðé[1D]¢ÏùFJÍà

------------------- Rx Data ---------------Rx_next_packet: 2382
Rx_packet_length: 60
Rx_pkt_count: 69
ÿÿÿÿÿÿ[0E]ï[15][08]ßÈ[08][06][00][01][08][00][06][04][00][01][0E]ï[15][08]ßÈÀ¨[1D]/[00][00][00][00][00][00]À¨[1D]ª[00][00][00][00][00][00][00][00][00][00][00][00][00][00][00][00][00][00][00][00]—¹?îKiÉ_î³Ó;Ú5)RCÞ•ß[03]vLurC„|Ðé[1D]¢ÏùFJÍà

------------------- Rx Data ---------------Rx_next_packet: 2452
Rx_packet_length: 60
Rx_pkt_count: 68
ÿÿÿÿÿÿ[0E]ï[15][08]ßÈ[08][06][00][01][08][00][06][04][00][01][0E]ï[15][08]ßÈÀ¨[1D]/[00][00][00][00][00][00]À¨[1D][01][00][00][00][00][00][00][00][00][00][00][00][00][00][00][00][00][00][00][00][00]—¹?îKiÉ_î³Ó;Ú5)RCÞ•ß[03]vLurC„|Ðé[1D]¢ÏùFJÍà

------------------- Rx Data ---------------Rx_next_packet: 2522
Rx_packet_length: 60
Rx_pkt_count: 68
ÿÿÿÿÿÿ[0E]ï[15][08]ßÈ[08][06][00][01][08][00][06][04][00][01][0E]ï[15][08]ßÈÀ¨[1D]/[00][00][00][00][00][00]À¨[1D]ª[00][00][00][00][00][00][00][00][00][00][00][00][00][00][00][00][00][00][00][00]—¹?îKiÉ_î³Ó;Ú5)RCÞ•ß[03]vLurC„|Ðé[1D]¢ÏùFJÍà

------------------- Rx Data ---------------Rx_next_packet: 2746
Rx_packet_length: 214
Rx_pkt_count: 68
ÿÿÿÿÿÿ[1C]ÿž|á[08][00]E[00][00]Èc[04][00][00]ÿ[11]yÈÀ¨[1D]°ÿÿÿÿéO[1A][0B][00]´H…[00][00]Uª[00][00][00][00][00][00][00][13][00][00][00]œ[00][00][00][00]—¹?îKiÉ_î³Ó;Ú5)RCÞ•ß[03]vLurC„|Ðé[1D]¢ÏùFJÍà

------------------- Rx Data ---------------Rx_next_packet: 2816
Rx_packet_length: 60
Rx_pkt_count: 67
ÿÿÿÿÿÿ[0E]ï[15][08]ßÈ[08][06][00][01][08][00][06][04][00][01][0E]ï[15][08]ßÈÀ¨[1D]/[00][00][00][00][00][00]À¨[1D]Å[00][00][00][00][00][00][00][00][00][00][00][00][00][00][00][00][00][00][00][00]—¹?îKiÉ_î³Ó;Ú5)RCÞ•ß[03]vLurC„|Ðé[1D]¢ÏùFJÍà

------------------- Rx Data ---------------Rx_next_packet: 2886
Rx_packet_length: 60
Rx_pkt_count: 67
ÿÿÿÿÿÿ[0E]ï[15][08]ßÈ[08][06][00][01][08][00][06][04][00][01][0E]ï[15][08]ßÈÀ¨[1D]/[00][00][00][00][00][00]À¨[1D][01][00][00][00][00][00][00][00][00][00][00][00][00][00][00][00][00][00][00][00][00]—¹?îKiÉ_î³Ó;Ú5)RCÞ•ß[03]vLurC„|Ðé[1D]¢ÏùFJÍà

------------------- Rx Data ---------------Rx_next_packet: 2956
Rx_packet_length: 60
Rx_pkt_count: 66
ÿÿÿÿÿÿ[0E]ï[15][08]ßÈ[08][06][00][01][08][00][06][04][00][01][0E]ï[15][08]ßÈÀ¨[1D]/[00][00][00][00][00][00]À¨[1D]ª[00][00][00][00][00][00][00][00][00][00][00][00][00][00][00][00][00][00][00][00]—¹?îKiÉ_î³Ó;Ú5)RCÞ•ß[03]vLurC„|Ðé[1D]¢ÏùFJÍà

------------------- Rx Data ---------------Rx_next_packet: 3026
Rx_packet_length: 60
Rx_pkt_count: 66
ÿÿÿÿÿÿ[0E]ï[15][08]ßÈ[08][06][00][01][08][00][06][04][00][01][0E]ï[15][08]ßÈÀ¨[1D]/[00][00][00][00][00][00]À¨[1D]Ý[00][00][00][00][00][00][00][00][00][00][00][00][00][00][00][00][00][00][00][00]—¹?îKiÉ_î³Ó;Ú5)RCÞ•ß[03]vLurC„|Ðé[1D]¢ÏùFJÍà

------------------- Rx Data ---------------Rx_next_packet: 3096
Rx_packet_length: 60
Rx_pkt_count: 65
[01][00]^[00][00][01]´§Æ†

[08][00]FÀ[00]$º>[00][00][01][02]¬*À¨[1D][01]à[00][00][01]”[04][00][00][11]då‡[00][00][00][00]	[14][00][00][00][00][00][00][00][00][00][00][00][00][00][00]—¹?îKiÉ_î³Ó;Ú5)RCÞ•ß[03]vLurC„|Ðé[1D]¢ÏùFJÍà

------------------- Rx Data ---------------Rx_next_packet: 3166
Rx_packet_length: 60
Rx_pkt_count: 65
[01][00]^[00][00][16]PF]LÖÐ[08][00]F[00][00](Ÿê[00][00][01][02]Ç
À¨[1D][1C]à[00][00][16]”[04][00][00]"[00]û[01][00][00][00][01][02][00][00][00]à[00][00]ü[00][00][00][00][00][00][00][00]—¹?îKiÉ_î³Ó;Ú5)RCÞ•ß[03]vLurC„|Ðé[1D]¢ÏùFJÍà

------------------- Rx Data ---------------Rx_next_packet: 3236
Rx_packet_length: 60
Rx_pkt_count: 64
ÿÿÿÿÿÿ[0E]ï[15][08]ßÈ[08][06][00][01][08][00][06][04][00][01][0E]ï[15][08]ßÈÀ¨[1D]/[00][00][00][00][00][00]À¨[1D]Å[00][00][00][00][00][00][00][00][00][00][00][00][00][00][00][00][00][00][00][00]—¹?îKiÉ_î³Ó;Ú5)RCÞ•ß[03]vLurC„|Ðé[1D]¢ÏùFJÍà

------------------- Rx Data ---------------Rx_next_packet: 3306
Rx_packet_length: 60
Rx_pkt_count: 64
ÿÿÿÿÿÿ[0E]ï[15][08]ßÈ[08][06][00][01][08][00][06][04][00][01][0E]ï[15][08]ßÈÀ¨[1D]/[00][00][00][00][00][00]À¨[1D][17][00][00][00][00][00][00][00][00][00][00][00][00][00][00][00][00][00][00][00][00]—¹?îKiÉ_î³Ó;Ú5)RCÞ•ß[03]vLurC„|Ðé[1D]¢ÏùFJÍà

------------------- Rx Data ---------------Rx_next_packet: 3376
Rx_packet_length: 60
Rx_pkt_count: 64
ÿÿÿÿÿÿ[0E]ï[15][08]ßÈ[08][06][00][01][08][00][06][04][00][01][0E]ï[15][08]ßÈÀ¨[1D]/[00][00][00][00][00][00]À¨[1D]8[00][00][00][00][00][00][00][00][00][00][00][00][00][00][00][00][00][00][00][00]—¹?îKiÉ_î³Ó;Ú5)RCÞ•ß[03]vLurC„|Ðé[1D]¢ÏùFJÍà

------------------- Rx Data ---------------Rx_next_packet: 3446
Rx_packet_length: 60
Rx_pkt_count: 63
ÿÿÿÿÿÿ[0E]ï[15][08]ßÈ[08][06][00][01][08][00][06][04][00][01][0E]ï[15][08]ßÈÀ¨[1D]/[00][00][00][00][00][00]À¨[1D]#[00][00][00][00][00][00][00][00][00][00][00][00][00][00][00][00][00][00][00][00]—¹?îKiÉ_î³Ó;Ú5)RCÞ•ß[03]vLurC„|Ðé[1D]¢ÏùFJÍà

------------------- Rx Data ---------------Rx_next_packet: 3516
Rx_packet_length: 60
Rx_pkt_count: 63
ÿÿÿÿÿÿ[0E]ï[15][08]ßÈ[08][06][00][01][08][00][06][04][00][01][0E]ï[15][08]ßÈÀ¨[1D]/[00][00][00][00][00][00]À¨[1D][17][00][00][00][00][00][00][00][00][00][00][00][00][00][00][00][00][00][00][00][00]—¹?îKiÉ_î³Ó;Ú5)RCÞ•ß[03]vLurC„|Ðé[1D]¢ÏùFJÍà

------------------- Rx Data ---------------Rx_next_packet: 3586
Rx_packet_length: 60
Rx_pkt_count: 62
ÿÿÿÿÿÿ[0E]ï[15][08]ßÈ[08][06][00][01][08][00][06][04][00][01][0E]ï[15][08]ßÈÀ¨[1D]/[00][00][00][00][00][00]À¨[1D][1C][00][00][00][00][00][00][00][00][00][00][00][00][00][00][00][00][00][00][00][00]—¹?îKiÉ_î³Ó;Ú5)RCÞ•ß[03]vLurC„|Ðé[1D]¢ÏùFJÍà

------------------- Rx Data ---------------Rx_next_packet: 3656
Rx_packet_length: 60
Rx_pkt_count: 62
[01][00]^[00][00][16]PF]LÖÐ[08][00]F[00][00](Ÿë[00][00][01][02]Ç	À¨[1D][1C]à[00][00][16]”[04][00][00]"[00]ì[03][00][00][00][01][02][00][00][00]ïÿÿú[00][00][00][00][00][00][00][00]—¹?îKiÉ_î³Ó;Ú5)RCÞ•ß[03]vLurC„|Ðé[1D]¢ÏùFJÍà

------------------- Rx Data ---------------Rx_next_packet: 3726
Rx_packet_length: 60
Rx_pkt_count: 62
ÿÿÿÿÿÿ[0E]ï[15][08]ßÈ[08][06][00][01][08][00][06][04][00][01][0E]ï[15][08]ßÈÀ¨[1D]/[00][00][00][00][00][00]À¨[1D];[00][00][00][00][00][00][00][00][00][00][00][00][00][00][00][00][00][00][00][00]—¹?îKiÉ_î³Ó;Ú5)RCÞ•ß[03]vLurC„|Ðé[1D]¢ÏùFJÍà

------------------- Rx Data ---------------Rx_next_packet: 3796
Rx_packet_length: 60
Rx_pkt_count: 61
[01][00]^[00][00][16]PF]LÖÐ[08][00]F[00][00](Ÿì[00][00][01][02]Ç[08]À¨[1D][1C]à[00][00][16]”[04][00][00]"[00]û[02][00][00][00][01][02][00][00][00]à[00][00]û[00][00][00][00][00][00][00][00]—¹?îKiÉ_î³Ó;Ú5)RCÞ•ß[03]vLurC„|Ðé[1D]¢ÏùFJÍà

------------------- Rx Data ---------------Rx_next_packet: 3866
Rx_packet_length: 60
Rx_pkt_count: 61
[01][00]^[00][00][16].Àvš’ƒ[08][00]FÀ[00]([00][00]@[00][01][02]&.À¨[1D]#à[00][00][16]”[04][00][00]"[00]û[02][00][00][00][01][02][00][00][00]à[00][00]û[00][00][00][00][00][00][00][00]—¹?îKiÉ_î³Ó;Ú5)RCÞ•ß[03]vLurC„|Ðé[1D]¢ÏùFJÍà

------------------- Rx Data ---------------Rx_next_packet: 3936
Rx_packet_length: 60
Rx_pkt_count: 60
ÿÿÿÿÿÿ[0E]ï[15][08]ßÈ[08][06][00][01][08][00][06][04][00][01][0E]ï[15][08]ßÈÀ¨[1D]/[00][00][00][00][00][00]À¨[1D][05][00][00][00][00][00][00][00][00][00][00][00][00][00][00][00][00][00][00][00][00]—¹?îKiÉ_î³Ó;Ú5)RCÞ•ß[03]vLurC„|Ðé[1D]¢ÏùFJÍà

------------------- Rx Data ---------------Rx_next_packet: 4006
Rx_packet_length: 60
Rx_pkt_count: 60
ÿÿÿÿÿÿ[0E]ï[15][08]ßÈ[08][06][00][01][08][00][06][04][00][01][0E]ï[15][08]ßÈÀ¨[1D]/[00][00][00][00][00][00]À¨[1D]°[00][00][00][00][00][00][00][00][00][00][00][00][00][00][00][00][00][00][00][00]—¹?îKiÉ_î³Ó;Ú5)RCÞ•ß[03]vLurC„|Ðé[1D]¢ÏùFJÍà

------------------- Rx Data ---------------Rx_next_packet: 4076
Rx_packet_length: 60
Rx_pkt_count: 59
ÿÿÿÿÿÿ[0E]ï[15][08]ßÈ[08][06][00][01][08][00][06][04][00][01][0E]ï[15][08]ßÈÀ¨[1D]/[00][00][00][00][00][00]À¨[1D][05][00][00][00][00][00][00][00][00][00][00][00][00][00][00][00][00][00][00][00][00]—¹?îKiÉ_î³Ó;Ú5)RCÞ•ß[03]vLurC„|Ðé[1D]¢ÏùFJÍà

------------------- Rx Data ---------------Rx_next_packet: 4146
Rx_packet_length: 60
Rx_pkt_count: 59
ÿÿÿÿÿÿ[0E]ï[15][08]ßÈ[08][06][00][01][08][00][06][04][00][01][0E]ï[15][08]ßÈÀ¨[1D]/[00][00][00][00][00][00]À¨[1D]Î[00][00][00][00][00][00][00][00][00][00][00][00][00][00][00][00][00][00][00][00]—¹?îKiÉ_î³Ó;Ú5)RCÞ•ß[03]vLurC„|Ðé[1D]¢ÏùFJÍà

------------------- Rx Data ---------------Rx_next_packet: 4216
Rx_packet_length: 60
Rx_pkt_count: 59
ÿÿÿÿÿÿ[0E]ï[15][08]ßÈ[08][06][00][01][08][00][06][04][00][01][0E]ï[15][08]ßÈÀ¨[1D]/[00][00][00][00][00][00]À¨[1D][05][00][00][00][00][00][00][00][00][00][00][00][00][00][00][00][00][00][00][00][00]—¹?îKiÉ_î³Ó;Ú5)RCÞ•ß[03]vLurC„|Ðé[1D]¢ÏùFJÍà

------------------- Rx Data ---------------Rx_next_packet: 4286
Rx_packet_length: 60
Rx_pkt_count: 58
[01]€Â[00][00][03],`[0C]È»¶ˆŽ[01][01][00][00][00][00][00][00][00][00][00][00][00][00][00][00][00][00][00][00][00][00][00][00][00][00][00][00][00][00][00][00][00][00][00][00][00][00][00][00][00][00][00][00][00][00][00][00]—¹?îKiÉ_î³Ó;Ú5)RCÞ•ß[03]vLurC„|Ðé[1D]¢ÏùFJÍà

------------------- Rx Data ---------------Rx_next_packet: 4356
Rx_packet_length: 60
Rx_pkt_count: 57
ÿÿÿÿÿÿ[0E]ï[15][08]ßÈ[08][06][00][01][08][00][06][04][00][01][0E]ï[15][08]ßÈÀ¨[1D]/[00][00][00][00][00][00]À¨[1D]Î[00][00][00][00][00][00][00][00][00][00][00][00][00][00][00][00][00][00][00][00]—¹?îKiÉ_î³Ó;Ú5)RCÞ•ß[03]vLurC„|Ðé[1D]¢ÏùFJÍà

------------------- Rx Data ---------------Rx_next_packet: 4426
Rx_packet_length: 60
Rx_pkt_count: 56
[01][00]^[00][00][16],`[0C]È»¶[08][00]F[00][00](·[[00][00][01][02]¯¤À¨[1D][11]à[00][00][16]”[04][00][00]"[00]ù[01][00][00][00][01][04][00][00][00]à[00][00]ü[00][00][00][00][00][00][00][00]—¹?îKiÉ_î³Ó;Ú5)RCÞ•ß[03]vLurC„|Ðé[1D]¢ÏùFJÍà

------------------- Rx Data ---------------Rx_next_packet: 4496
Rx_packet_length: 60
Rx_pkt_count: 56
[01][00]^[00][00][16],`[0C]È»¶[08][00]F[00][00](·\[00][00][01][02]¯£À¨[1D][11]à[00][00][16]”[04][00][00]"[00]ú[01][00][00][00][01][03][00][00][00]à[00][00]ü[00][00][00][00][00][00][00][00]—¹?îKiÉ_î³Ó;Ú5)RCÞ•ß[03]vLurC„|Ðé[1D]¢ÏùFJÍà

------------------- Rx Data ---------------Rx_next_packet: 4566
Rx_packet_length: 60
Rx_pkt_count: 56
[01][00]^[00][00][16],`[0C]È»¶[08][00]F[00][00](·][00][00][01][02]¯¢À¨[1D][11]à[00][00][16]”[04][00][00]"[00]ù[01][00][00][00][01][04][00][00][00]à[00][00]ü[00][00][00][00][00][00][00][00]—¹?îKiÉ_î³Ó;Ú5)RCÞ•ß[03]vLurC„|Ðé[1D]¢ÏùFJÍà

------------------- Rx Data ---------------Rx_next_packet: 4636
Rx_packet_length: 60
Rx_pkt_count: 55
[01][00]^[00][00][16],`[0C]È»¶[08][00]F[00][00](·^[00][00][01][02]¯¡À¨[1D][11]à[00][00][16]”[04][00][00]"[00]ú[01][00][00][00][01][03][00][00][00]à[00][00]ü[00][00][00][00][00][00][00][00]—¹?îKiÉ_î³Ó;Ú5)RCÞ•ß[03]vLurC„|Ðé[1D]¢ÏùFJÍà

------------------- Rx Data ---------------Rx_next_packet: 4706
Rx_packet_length: 60
Rx_pkt_count: 55
[01][00]^[00][00][16],`[0C]È»¶[08][00]F[00][00](·_[00][00][01][02]¯ À¨[1D][11]à[00][00][16]”[04][00][00]"[00]ù[01][00][00][00][01][04][00][00][00]à[00][00]ü[00][00][00][00][00][00][00][00]—¹?îKiÉ_î³Ó;Ú5)RCÞ•ß[03]vLurC„|Ðé[1D]¢ÏùFJÍà

------------------- Rx Data ---------------Rx_next_packet: 4776
Rx_packet_length: 60
Rx_pkt_count: 54
[01][00]^[00][00][16],`[0C]È»¶[08][00]F[00][00](·d[00][00][01][02]¯›À¨[1D][11]à[00][00][16]”[04][00][00]"[00]ú[01][00][00][00][01][03][00][00][00]à[00][00]ü[00][00][00][00][00][00][00][00]—¹?îKiÉ_î³Ó;Ú5)RCÞ•ß[03]vLurC„|Ðé[1D]¢ÏùFJÍà

------------------- Rx Data ---------------Rx_next_packet: 4846
Rx_packet_length: 60
Rx_pkt_count: 53
ÿÿÿÿÿÿ,`[0C]È»¶[08][06][00][01][08][00][06][04][00][01],`[0C]È»¶[00][00][00][00][00][00][00][00][00][00]À¨[1D][11][00][00][00][00][00][00][00][00][00][00][00][00][00][00][00][00][00][00][00][00]—¹?îKiÉ_î³Ó;Ú5)RCÞ•ß[03]vLurC„|Ðé[1D]¢ÏùFJÍà

------------------- Rx Data ---------------Rx_next_packet: 4916
Rx_packet_length: 60
Rx_pkt_count: 53
ÿÿÿÿÿÿ,`[0C]È»¶[08][06][00][01][08][00][06][04][00][01],`[0C]È»¶À¨[1D][11][00][00][00][00][00][00]À¨[1D][11][00][00][00][00][00][00][00][00][00][00][00][00][00][00][00][00][00][00][00][00]—¹?îKiÉ_î³Ó;Ú5)RCÞ•ß[03]vLurC„|Ðé[1D]¢ÏùFJÍà

------------------- Rx Data ---------------Rx_next_packet: 4986
Rx_packet_length: 60
Rx_pkt_count: 52
[01][00]^[00][00][16],`[0C]È»¶[08][00]F[00][00](·j[00][00][01][02]¯•À¨[1D][11]à[00][00][16]”[04][00][00]"[00]ú[01][00][00][00][01][03][00][00][00]à[00][00]ü[00][00][00][00][00][00][00][00]—¹?îKiÉ_î³Ó;Ú5)RCÞ•ß[03]vLurC„|Ðé[1D]¢ÏùFJÍà

------------------- Rx Data ---------------Rx_next_packet: 5056
Rx_packet_length: 60
Rx_pkt_count: 52
ÿÿÿÿÿÿ,`[0C]È»¶[08][06][00][01][08][00][06][04][00][01],`[0C]È»¶À¨[1D][11][00][00][00][00][00][00]À¨[1D][01][00][00][00][00][00][00][00][00][00][00][00][00][00][00][00][00][00][00][00][00]—¹?îKiÉ_î³Ó;Ú5)RCÞ•ß[03]vLurC„|Ðé[1D]¢ÏùFJÍà

------------------- Rx Data ---------------Rx_next_packet: 5126
Rx_packet_length: 60
Rx_pkt_count: 52
ÿÿÿÿÿÿ,`[0C]È»¶[08][06][00][01][08][00][06][04][00][01],`[0C]È»¶À¨[1D][11][00][00][00][00][00][00]À¨[1D][01][00][00][00][00][00][00][00][00][00][00][00][00][00][00][00][00][00][00][00][00]—¹?îKiÉ_î³Ó;Ú5)RCÞ•ß[03]vLurC„|Ðé[1D]¢ÏùFJÍà

------------------- Rx Data ---------------Rx_next_packet: 5196
Rx_packet_length: 60
Rx_pkt_count: 51
[01]€Â[00][00][03],`[0C]È»¶ˆŽ[01][01][00][00][00][00][00][00][00][00][00][00][00][00][00][00][00][00][00][00][00][00][00][00][00][00][00][00][00][00][00][00][00][00][00][00][00][00][00][00][00][00][00][00][00][00][00][00]—¹?îKiÉ_î³Ó;Ú5)RCÞ•ß[03]vLurC„|Ðé[1D]¢ÏùFJÍà

------------------- Rx Data ---------------Rx_next_packet: 5266
Rx_packet_length: 60
Rx_pkt_count: 50
ÿÿÿÿÿÿ[0E]ï[15][08]ßÈ[08][06][00][01][08][00][06][04][00][01][0E]ï[15][08]ßÈÀ¨[1D]/[00][00][00][00][00][00]À¨[1D]Œ[00][00][00][00][00][00][00][00][00][00][00][00][00][00][00][00][00][00][00][00]—¹?îKiÉ_î³Ó;Ú5)RCÞ•ß[03]vLurC„|Ðé[1D]¢ÏùFJÍà

------------------- Rx Data ---------------Rx_next_packet: 5336
Rx_packet_length: 60
Rx_pkt_count: 50
ÿÿÿÿÿÿ[0E]ï[15][08]ßÈ[08][06][00][01][08][00][06][04][00][01][0E]ï[15][08]ßÈÀ¨[1D]/[00][00][00][00][00][00]À¨[1D]Œ[00][00][00][00][00][00][00][00][00][00][00][00][00][00][00][00][00][00][00][00]—¹?îKiÉ_î³Ó;Ú5)RCÞ•ß[03]vLurC„|Ðé[1D]¢ÏùFJÍà

------------------- Rx Data ---------------Rx_next_packet: 5406
Rx_packet_length: 60
Rx_pkt_count: 50
ÿÿÿÿÿÿ[0E]ï[15][08]ßÈ[08][06][00][01][08][00][06][04][00][01][0E]ï[15][08]ßÈÀ¨[1D]/[00][00][00][00][00][00]À¨[1D]#[00][00][00][00][00][00][00][00][00][00][00][00][00][00][00][00][00][00][00][00]—¹?îKiÉ_î³Ó;Ú5)RCÞ•ß[03]vLurC„|Ðé[1D]¢ÏùFJÍà

------------------- Rx Data ---------------Rx_next_packet: 5476
Rx_packet_length: 60
Rx_pkt_count: 49
ÿÿÿÿÿÿ[0E]ï[15][08]ßÈ[08][06][00][01][08][00][06][04][00][01][0E]ï[15][08]ßÈÀ¨[1D]/[00][00][00][00][00][00]À¨[1D]Œ[00][00][00][00][00][00][00][00][00][00][00][00][00][00][00][00][00][00][00][00]—¹?îKiÉ_î³Ó;Ú5)RCÞ•ß[03]vLurC„|Ðé[1D]¢ÏùFJÍà

------------------- Rx Data ---------------Rx_next_packet: 5546
Rx_packet_length: 60
Rx_pkt_count: 49
ÿÿÿÿÿÿ[0E]ï[15][08]ßÈ[08][06][00][01][08][00][06][04][00][01][0E]ï[15][08]ßÈÀ¨[1D]/[00][00][00][00][00][00]À¨[1D]#[00][00][00][00][00][00][00][00][00][00][00][00][00][00][00][00][00][00][00][00]—¹?îKiÉ_î³Ó;Ú5)RCÞ•ß[03]vLurC„|Ðé[1D]¢ÏùFJÍà

------------------- Rx Data ---------------Rx_next_packet: 5616
Rx_packet_length: 60
Rx_pkt_count: 49
ÿÿÿÿÿÿ[0E]ï[15][08]ßÈ[08][06][00][01][08][00][06][04][00][01][0E]ï[15][08]ßÈÀ¨[1D]/[00][00][00][00][00][00]À¨[1D];[00][00][00][00][00][00][00][00][00][00][00][00][00][00][00][00][00][00][00][00]—¹?îKiÉ_î³Ó;Ú5)RCÞ•ß[03]vLurC„|Ðé[1D]¢ÏùFJÍà

------------------- Rx Data ---------------Rx_next_packet: 5840
Rx_packet_length: 214
Rx_pkt_count: 48
ÿÿÿÿÿÿ[1C]ÿž|á[08][00]E[00][00]Èc
[00][00]ÿ[11]y¿À¨[1D]°ÿÿÿÿéO[1A][0B][00]´H…[00][00]Uª[00][00][00][00][00][00][00][13][00][00][00]œ[00][00][00][00]—¹?îKiÉ_î³Ó;Ú5)RCÞ•ß[03]vLurC„|Ðé[1D]¢ÏùFJÍà

------------------- Rx Data ---------------Rx_next_packet: 5910
Rx_packet_length: 60
Rx_pkt_count: 48
ÿÿÿÿÿÿ[0E]ï[15][08]ßÈ[08][06][00][01][08][00][06][04][00][01][0E]ï[15][08]ßÈÀ¨[1D]/[00][00][00][00][00][00]À¨[1D]°[00][00][00][00][00][00][00][00][00][00][00][00][00][00][00][00][00][00][00][00]—¹?îKiÉ_î³Ó;Ú5)RCÞ•ß[03]vLurC„|Ðé[1D]¢ÏùFJÍà

------------------- Rx Data ---------------Rx_next_packet: 5980
Rx_packet_length: 60
Rx_pkt_count: 47
[01][00]^[00][00][01]´§Æ†

[08][00]FÀ[00]$Á,[00][00][01][02]¥<À¨[1D][01]à[00][00][01]”[04][00][00][11]då‡[00][00][00][00]	[14][00][00][00][00][00][00][00][00][00][00][00][00][00][00]—¹?îKiÉ_î³Ó;Ú5)RCÞ•ß[03]vLurC„|Ðé[1D]¢ÏùFJÍà

------------------- Rx Data ---------------Rx_next_packet: 6050
Rx_packet_length: 60
Rx_pkt_count: 47
ÿÿÿÿÿÿ[0E]ï[15][08]ßÈ[08][06][00][01][08][00][06][04][00][01][0E]ï[15][08]ßÈÀ¨[1D]/[00][00][00][00][00][00]À¨[1D]q[00][00][00][00][00][00][00][00][00][00][00][00][00][00][00][00][00][00][00][00]—¹?îKiÉ_î³Ó;Ú5)RCÞ•ß[03]vLurC„|Ðé[1D]¢ÏùFJÍà

------------------- Rx Data ---------------Rx_next_packet: 6120
Rx_packet_length: 60
Rx_pkt_count: 46
ÿÿÿÿÿÿ[0E]ï[15][08]ßÈ[08][06][00][01][08][00][06][04][00][01][0E]ï[15][08]ßÈÀ¨[1D]/[00][00][00][00][00][00]À¨[1D]q[00][00][00][00][00][00][00][00][00][00][00][00][00][00][00][00][00][00][00][00]—¹?îKiÉ_î³Ó;Ú5)RCÞ•ß[03]vLurC„|Ðé[1D]¢ÏùFJÍà

------------------- Rx Data ---------------Rx_next_packet: 6190
Rx_packet_length: 60
Rx_pkt_count: 46
[01][00]^[00][00][16]PF]LÖÐ[08][00]F[00][00](Ÿí[00][00][01][02]Ç[07]À¨[1D][1C]à[00][00][16]”[04][00][00]"[00]û[01][00][00][00][01][02][00][00][00]à[00][00]ü[00][00][00][00][00][00][00][00]—¹?îKiÉ_î³Ó;Ú5)RCÞ•ß[03]vLurC„|Ðé[1D]¢ÏùFJÍà

------------------- Rx Data ---------------Rx_next_packet: 6260
Rx_packet_length: 60
Rx_pkt_count: 47
ÿÿÿÿÿÿ[0E]ï[15][08]ßÈ[08][06][00][01][08][00][06][04][00][01][0E]ï[15][08]ßÈÀ¨[1D]/[00][00][00][00][00][00]À¨[1D]q[00][00][00][00][00][00][00][00][00][00][00][00][00][00][00][00][00][00][00][00]—¹?îKiÉ_î³Ó;Ú5)RCÞ•ß[03]vLurC„|Ðé[1D]¢ÏùFJÍà

------------------- Rx Data ---------------Rx_next_packet: 6330
Rx_packet_length: 60
Rx_pkt_count: 46
ÿÿÿÿÿÿ[0E]ï[15][08]ßÈ[08][06][00][01][08][00][06][04][00][01][0E]ï[15][08]ßÈÀ¨[1D]/[00][00][00][00][00][00]À¨[1D]S[00][00][00][00][00][00][00][00][00][00][00][00][00][00][00][00][00][00][00][00]—¹?îKiÉ_î³Ó;Ú5)RCÞ•ß[03]vLurC„|Ðé[1D]¢ÏùFJÍà

------------------- Rx Data ---------------Rx_next_packet: 6400
Rx_packet_length: 60
Rx_pkt_count: 47
ÿÿÿÿÿÿ[0E]ï[15][08]ßÈ[08][06][00][01][08][00][06][04][00][01][0E]ï[15][08]ßÈÀ¨[1D]/[00][00][00][00][00][00]À¨[1D]S[00][00][00][00][00][00][00][00][00][00][00][00][00][00][00][00][00][00][00][00]—¹?îKiÉ_î³Ó;Ú5)RCÞ•ß[03]vLurC„|Ðé[1D]¢ÏùFJÍà

------------------- Rx Data ---------------Rx_next_packet: 6470
Rx_packet_length: 60
Rx_pkt_count: 47
[01][00]^[00][00][16]PF]LÖÐ[08][00]F[00][00](Ÿî[00][00][01][02]Ç[06]À¨[1D][1C]à[00][00][16]”[04][00][00]"[00]ì[03][00][00][00][01][02][00][00][00]ïÿÿú[00][00][00][00][00][00][00][00]—¹?îKiÉ_î³Ó;Ú5)RCÞ•ß[03]vLurC„|Ðé[1D]¢ÏùFJÍà

------------------- Rx Data ---------------Rx_next_packet: 6540
Rx_packet_length: 60
Rx_pkt_count: 47
ÿÿÿÿÿÿ[0E]ï[15][08]ßÈ[08][06][00][01][08][00][06][04][00][01][0E]ï[15][08]ßÈÀ¨[1D]/[00][00][00][00][00][00]À¨[1D]˜[00][00][00][00][00][00][00][00][00][00][00][00][00][00][00][00][00][00][00][00]—¹?îKiÉ_î³Ó;Ú5)RCÞ•ß[03]vLurC„|Ðé[1D]¢ÏùFJÍà

------------------- Rx Data ---------------Rx_next_packet: 6610
Rx_packet_length: 60
Rx_pkt_count: 48
ÿÿÿÿÿÿ[0E]ï[15][08]ßÈ[08][06][00][01][08][00][06][04][00][01][0E]ï[15][08]ßÈÀ¨[1D]/[00][00][00][00][00][00]À¨[1D]S[00][00][00][00][00][00][00][00][00][00][00][00][00][00][00][00][00][00][00][00]—¹?îKiÉ_î³Ó;Ú5)RCÞ•ß[03]vLurC„|Ðé[1D]¢ÏùFJÍà

------------------- Rx Data ---------------Rx_next_packet: 26
Rx_packet_length: 60
Rx_pkt_count: 47
[01][00]^[00][00][16].Àvš’ƒ[08][00]FÀ[00]([00][00]@[00][01][02]&.À¨[1D]#à[00][00][16]”[04][00][00]"[00]û[02][00][00][00][01][02][00][00][00]à[00][00]û[00][00][00][00][00][00][00][00]—¹?îKiÉ_î³Ó;Ú5)RCÞ•ß[03]vLurC„|Ðé[1D]¢ÏùFJÍà

------------------- Rx Data ---------------Rx_next_packet: 96
Rx_packet_length: 60
Rx_pkt_count: 48
ÿÿÿÿÿÿ[0E]ï[15][08]ßÈ[08][06][00][01][08][00][06][04][00][01][0E]ï[15][08]ßÈÀ¨[1D]/[00][00][00][00][00][00]À¨[1D]e[00][00][00][00][00][00][00][00][00][00][00][00][00][00][00][00][00][00][00][00]—¹?îKiÉ_î³Ó;Ú5)RCÞ•ß[03]vLurC„|Ðé[1D]¢ÏùFJÍà

------------------- Rx Data ---------------Rx_next_packet: 166
Rx_packet_length: 60
Rx_pkt_count: 47
ÿÿÿÿÿÿ[0E]ï[15][08]ßÈ[08][06][00][01][08][00][06][04][00][01][0E]ï[15][08]ßÈÀ¨[1D]/[00][00][00][00][00][00]À¨[1D]˜[00][00][00][00][00][00][00][00][00][00][00][00][00][00][00][00][00][00][00][00]—¹?îKiÉ_î³Ó;Ú5)RCÞ•ß[03]vLurC„|Ðé[1D]¢ÏùFJÍà

------------------- Rx Data ---------------Rx_next_packet: 236
Rx_packet_length: 60
Rx_pkt_count: 48
ÿÿÿÿÿÿ[0E]ï[15][08]ßÈ[08][06][00][01][08][00][06][04][00][01][0E]ï[15][08]ßÈÀ¨[1D]/[00][00][00][00][00][00]À¨[1D]e[00][00][00][00][00][00][00][00][00][00][00][00][00][00][00][00][00][00][00][00]—¹?îKiÉ_î³Ó;Ú5)RCÞ•ß[03]vLurC„|Ðé[1D]¢ÏùFJÍà

------------------- Rx Data ---------------Rx_next_packet: 306
Rx_packet_length: 60
Rx_pkt_count: 48
ÿÿÿÿÿÿ[0E]ï[15][08]ßÈ[08][06][00][01][08][00][06][04][00][01][0E]ï[15][08]ßÈÀ¨[1D]/[00][00][00][00][00][00]À¨[1D]e[00][00][00][00][00][00][00][00][00][00][00][00][00][00][00][00][00][00][00][00]—¹?îKiÉ_î³Ó;Ú5)RCÞ•ß[03]vLurC„|Ðé[1D]¢ÏùFJÍà

------------------- Rx Data ---------------Rx_next_packet: 376
Rx_packet_length: 60
Rx_pkt_count: 48
ÿÿÿÿÿÿ[0E]ï[15][08]ßÈ[08][06][00][01][08][00][06][04][00][01][0E]ï[15][08]ßÈÀ¨[1D]/[00][00][00][00][00][00]À¨[1D][1C][00][00][00][00][00][00][00][00][00][00][00][00][00][00][00][00][00][00][00][00]—¹?îKiÉ_î³Ó;Ú5)RCÞ•ß[03]vLurC„|Ðé[1D]¢ÏùFJÍà

------------------- Rx Data ---------------Rx_next_packet: 600
Rx_packet_length: 214
Rx_pkt_count: 49
ÿÿÿÿÿÿ[1C]ÿž|á[08][00]E[00][00]Èc[15][00][00]ÿ[11]y·À¨[1D]°ÿÿÿÿéO[1A][0B][00]´H…[00][00]Uª[00][00][00][00][00][00][00][13][00][00][00]œ[00][00][00][00]—¹?îKiÉ_î³Ó;Ú5)RCÞ•ß[03]vLurC„|Ðé[1D]¢ÏùFJÍà

------------------- Rx Data ---------------Rx_next_packet: 854
Rx_packet_length: 243
Rx_pkt_count: 49
ÿÿÿÿÿÿPF]LÖÐ[08][00]E[00][00]å—G[00][00]€[11]æTÀ¨[1D][1C]À¨[1D]ÿ[00]Š[00]Š[00]ÑZ¡[11][02]¤'À¨[1D][1C][00]Š[00]»[00][00] EEEFFDELFEEPFACNECEODIFFEKDEDACA[00] FHEPFCELE

------------------- Rx Data ---------------Rx_next_packet: 924
Rx_packet_length: 60
Rx_pkt_count: 49
ÿÿÿÿÿÿPF]LÖÐ[08][06][00][01][08][00][06][04][00][01]PF]LÖÐÀ¨[1D][1C][00][00][00][00][00][00]À¨[1D][01][00][00][00][00][00][00][00][00][00][00][00][00][00][00][00][00][00][00]FFDELFEEPFACNECEODIFFEKDEDACA[00] FHEPFCELE

------------------- Rx Data ---------------Rx_next_packet: 994
Rx_packet_length: 60
Rx_pkt_count: 49
ÿÿÿÿÿÿPF]LÖÐ[08][06][00][01][08][00][06][04][00][01]PF]LÖÐÀ¨[1D][1C][00][00][00][00][00][00]À¨[1D][01][00][00][00][00][00][00][00][00][00][00][00][00][00][00][00][00][00][00]FFDELFEEPFACNECEODIFFEKDEDACA[00] FHEPFCELE

------------------- Rx Data ---------------Rx_next_packet: 1064
Rx_packet_length: 60
Rx_pkt_count: 50
ÿÿÿÿÿÿPF]LÖÐ[08][06][00][01][08][00][06][04][00][01]PF]LÖÐÀ¨[1D][1C][00][00][00][00][00][00]À¨[1D][01][00][00][00][00][00][00][00][00][00][00][00][00][00][00][00][00][00][00]FFDELFEEPFACNECEODIFFEKDEDACA[00] FHEPFCELE

------------------- Rx Data ---------------Rx_next_packet: 1134
Rx_packet_length: 60
Rx_pkt_count: 49
ÿÿÿÿÿÿPF]LÖÐ[08][06][00][01][08][00][06][04][00][01]PF]LÖÐÀ¨[1D][1C][00][00][00][00][00][00]À¨[1D][01][00][00][00][00][00][00][00][00][00][00][00][00][00][00][00][00][00][00]FFDELFEEPFACNECEODIFFEKDEDACA[00] FHEPFCELE

------------------- Rx Data ---------------Rx_next_packet: 1204
Rx_packet_length: 60
Rx_pkt_count: 50
ÿÿÿÿÿÿPF]LÖÐ[08][06][00][01][08][00][06][04][00][01]PF]LÖÐÀ¨[1D][1C][00][00][00][00][00][00]À¨[1D][01][00][00][00][00][00][00][00][00][00][00][00][00][00][00][00][00][00][00]FFDELFEEPFACNECEODIFFEKDEDACA[00] FHEPFCELE

------------------- Rx Data ---------------Rx_next_packet: 1274
Rx_packet_length: 60
Rx_pkt_count: 50
ÿÿÿÿÿÿPF]LÖÐ[08][06][00][01][08][00][06][04][00][01]PF]LÖÐÀ¨[1D][1C][00][00][00][00][00][00]À¨[1D][01][00][00][00][00][00][00][00][00][00][00][00][00][00][00][00][00][00][00]FFDELFEEPFACNECEODIFFEKDEDACA[00] FHEPFCELE

------------------- Rx Data ---------------Rx_next_packet: 1344
Rx_packet_length: 60
Rx_pkt_count: 50
ÿÿÿÿÿÿPF]LÖÐ[08][06][00][01][08][00][06][04][00][01]PF]LÖÐÀ¨[1D][1C][00][00][00][00][00][00]À¨[1D][01][00][00][00][00][00][00][00][00][00][00][00][00][00][00][00][00][00][00]FFDELFEEPFACNECEODIFFEKDEDACA[00] FHEPFCELE

------------------- Rx Data ---------------Rx_next_packet: 1414
Rx_packet_length: 60
Rx_pkt_count: 50
ÿÿÿÿÿÿPF]LÖÐ[08][06][00][01][08][00][06][04][00][01]PF]LÖÐÀ¨[1D][1C][00][00][00][00][00][00]À¨[1D][01][00][00][00][00][00][00][00][00][00][00][00][00][00][00][00][00][00][00]FFDELFEEPFACNECEODIFFEKDEDACA[00] FHEPFCELE

------------------- Rx Data ---------------Rx_next_packet: 1484
Rx_packet_length: 60
Rx_pkt_count: 50
ÿÿÿÿÿÿPF]LÖÐ[08][06][00][01][08][00][06][04][00][01]PF]LÖÐÀ¨[1D][1C][00][00][00][00][00][00]À¨[1D][01][00][00][00][00][00][00][00][00][00][00][00][00][00][00][00][00][00][00]FFDELFEEPFACNECEODIFFEKDEDACA[00] FHEPFCELE

------------------- Rx Data ---------------Rx_next_packet: 1554
Rx_packet_length: 60
Rx_pkt_count: 51
ÿÿÿÿÿÿPF]LÖÐ[08][06][00][01][08][00][06][04][00][01]PF]LÖÐÀ¨[1D][1C][00][00][00][00][00][00]À¨[1D][01][00][00][00][00][00][00][00][00][00][00][00][00][00][00][00][00][00][00]FFDELFEEPFACNECEODIFFEKDEDACA[00] FHEPFCELE

------------------- Rx Data ---------------Rx_next_packet: 1624
Rx_packet_length: 60
Rx_pkt_count: 51
ÿÿÿÿÿÿPF]LÖÐ[08][06][00][01][08][00][06][04][00][01]PF]LÖÐÀ¨[1D][1C][00][00][00][00][00][00]À¨[1D][01][00][00][00][00][00][00][00][00][00][00][00][00][00][00][00][00][00][00]FFDELFEEPFACNECEODIFFEKDEDACA[00] FHEPFCELE

------------------- Rx Data ---------------Rx_next_packet: 1694
Rx_packet_length: 60
Rx_pkt_count: 50
ÿÿÿÿÿÿPF]LÖÐ[08][06][00][01][08][00][06][04][00][01]PF]LÖÐÀ¨[1D][1C][00][00][00][00][00][00]À¨[1D][01][00][00][00][00][00][00][00][00][00][00][00][00][00][00][00][00][00][00]FFDELFEEPFACNECEODIFFEKDEDACA[00] FHEPFCELE

------------------- Rx Data ---------------Rx_next_packet: 1764
Rx_packet_length: 60
Rx_pkt_count: 50
ÿÿÿÿÿÿPF]LÖÐ[08][06][00][01][08][00][06][04][00][01]PF]LÖÐÀ¨[1D][1C][00][00][00][00][00][00]À¨[1D][01][00][00][00][00][00][00][00][00][00][00][00][00][00][00][00][00][00][00]FFDELFEEPFACNECEODIFFEKDEDACA[00] FHEPFCELE

------------------- Rx Data ---------------Rx_next_packet: 1834
Rx_packet_length: 60
Rx_pkt_count: 50
ÿÿÿÿÿÿPF]LÖÐ[08][06][00][01][08][00][06][04][00][01]PF]LÖÐÀ¨[1D][1C][00][00][00][00][00][00]À¨[1D][01][00][00][00][00][00][00][00][00][00][00][00][00][00][00][00][00][00][00]FFDELFEEPFACNECEODIFFEKDEDACA[00] FHEPFCELE

------------------- Rx Data ---------------Rx_next_packet: 1904
Rx_packet_length: 60
Rx_pkt_count: 50
ÿÿÿÿÿÿPF]LÖÐ[08][06][00][01][08][00][06][04][00][01]PF]LÖÐÀ¨[1D][1C][00][00][00][00][00][00]À¨[1D][01][00][00][00][00][00][00][00][00][00][00][00][00][00][00][00][00][00][00]FFDELFEEPFACNECEODIFFEKDEDACA[00] FHEPFCELE

------------------- Rx Data ---------------Rx_next_packet: 1974
Rx_packet_length: 60
Rx_pkt_count: 50
ÿÿÿÿÿÿPF]LÖÐ[08][06][00][01][08][00][06][04][00][01]PF]LÖÐÀ¨[1D][1C][00][00][00][00][00][00]À¨[1D][01][00][00][00][00][00][00][00][00][00][00][00][00][00][00][00][00][00][00]FFDELFEEPFACNECEODIFFEKDEDACA[00] FHEPFCELE

------------------- Rx Data ---------------Rx_next_packet: 2044
Rx_packet_length: 60
Rx_pkt_count: 51
ÿÿÿÿÿÿPF]LÖÐ[08][06][00][01][08][00][06][04][00][01]PF]LÖÐÀ¨[1D][1C][00][00][00][00][00][00]À¨[1D][01][00][00][00][00][00][00][00][00][00][00][00][00][00][00][00][00][00][00]FFDELFEEPFACNECEODIFFEKDEDACA[00] FHEPFCELE

------------------- Rx Data ---------------Rx_next_packet: 2114
Rx_packet_length: 60
Rx_pkt_count: 50
ÿÿÿÿÿÿPF]LÖÐ[08][06][00][01][08][00][06][04][00][01]PF]LÖÐÀ¨[1D][1C][00][00][00][00][00][00]À¨[1D][01][00][00][00][00][00][00][00][00][00][00][00][00][00][00][00][00][00][00]FFDELFEEPFACNECEODIFFEKDEDACA[00] FHEPFCELE

------------------- Rx Data ---------------Rx_next_packet: 2184
Rx_packet_length: 60
Rx_pkt_count: 50
ÿÿÿÿÿÿPF]LÖÐ[08][06][00][01][08][00][06][04][00][01]PF]LÖÐÀ¨[1D][1C][00][00][00][00][00][00]À¨[1D][01][00][00][00][00][00][00][00][00][00][00][00][00][00][00][00][00][00][00]FFDELFEEPFACNECEODIFFEKDEDACA[00] FHEPFCELE

------------------- Rx Data ---------------Rx_next_packet: 2254
Rx_packet_length: 60
Rx_pkt_count: 50
ÿÿÿÿÿÿPF]LÖÐ[08][06][00][01][08][00][06][04][00][01]PF]LÖÐÀ¨[1D][1C][00][00][00][00][00][00]À¨[1D][01][00][00][00][00][00][00][00][00][00][00][00][00][00][00][00][00][00][00]FFDELFEEPFACNECEODIFFEKDEDACA[00] FHEPFCELE

------------------- Rx Data ---------------Rx_next_packet: 2324
Rx_packet_length: 60
Rx_pkt_count: 50
ÿÿÿÿÿÿPF]LÖÐ[08][06][00][01][08][00][06][04][00][01]PF]LÖÐÀ¨[1D][1C][00][00][00][00][00][00]À¨[1D][01][00][00][00][00][00][00][00][00][00][00][00][00][00][00][00][00][00][00]FFDELFEEPFACNECEODIFFEKDEDACA[00] FHEPFCELE

------------------- Rx Data ---------------Rx_next_packet: 2394
Rx_packet_length: 60
Rx_pkt_count: 50
ÿÿÿÿÿÿPF]LÖÐ[08][06][00][01][08][00][06][04][00][01]PF]LÖÐÀ¨[1D][1C][00][00][00][00][00][00]À¨[1D][01][00][00][00][00][00][00][00][00][00][00][00][00][00][00][00][00][00][00]FFDELFEEPFACNECEODIFFEKDEDACA[00] FHEPFCELE

------------------- Rx Data ---------------Rx_next_packet: 2464
Rx_packet_length: 60
Rx_pkt_count: 50
ÿÿÿÿÿÿPF]LÖÐ[08][06][00][01][08][00][06][04][00][01]PF]LÖÐÀ¨[1D][1C][00][00][00][00][00][00]À¨[1D][01][00][00][00][00][00][00][00][00][00][00][00][00][00][00][00][00][00][00]FFDELFEEPFACNECEODIFFEKDEDACA[00] FHEPFCELE

------------------- Rx Data ---------------Rx_next_packet: 2534
Rx_packet_length: 60
Rx_pkt_count: 51
ÿÿÿÿÿÿPF]LÖÐ[08][06][00][01][08][00][06][04][00][01]PF]LÖÐÀ¨[1D][1C][00][00][00][00][00][00]À¨[1D][01][00][00][00][00][00][00][00][00][00][00][00][00][00][00][00][00][00][00]FFDELFEEPFACNECEODIFFEKDEDACA[00] FHEPFCELE

------------------- Rx Data ---------------Rx_next_packet: 2604
Rx_packet_length: 60
Rx_pkt_count: 51
ÿÿÿÿÿÿPF]LÖÐ[08][06][00][01][08][00][06][04][00][01]PF]LÖÐÀ¨[1D][1C][00][00][00][00][00][00]À¨[1D][01][00][00][00][00][00][00][00][00][00][00][00][00][00][00][00][00][00][00]FFDELFEEPFACNECEODIFFEKDEDACA[00] FHEPFCELE

------------------- Rx Data ---------------Rx_next_packet: 2674
Rx_packet_length: 60
Rx_pkt_count: 51
ÿÿÿÿÿÿPF]LÖÐ[08][06][00][01][08][00][06][04][00][01]PF]LÖÐÀ¨[1D][1C][00][00][00][00][00][00]À¨[1D][01][00][00][00][00][00][00][00][00][00][00][00][00][00][00][00][00][00][00]FFDELFEEPFACNECEODIFFEKDEDACA[00] FHEPFCELE

------------------- Rx Data ---------------Rx_next_packet: 2744
Rx_packet_length: 60
Rx_pkt_count: 52
ÿÿÿÿÿÿPF]LÖÐ[08][06][00][01][08][00][06][04][00][01]PF]LÖÐÀ¨[1D][1C][00][00][00][00][00][00]À¨[1D][01][00][00][00][00][00][00][00][00][00][00][00][00][00][00][00][00][00][00]FFDELFEEPFACNECEODIFFEKDEDACA[00] FHEPFCELE

------------------- Rx Data ---------------Rx_next_packet: 2814
Rx_packet_length: 60
Rx_pkt_count: 52
ÿÿÿÿÿÿPF]LÖÐ[08][06][00][01][08][00][06][04][00][01]PF]LÖÐÀ¨[1D][1C][00][00][00][00][00][00]À¨[1D][01][00][00][00][00][00][00][00][00][00][00][00][00][00][00][00][00][00][00]FFDELFEEPFACNECEODIFFEKDEDACA[00] FHEPFCELE

------------------- Rx Data ---------------Rx_next_packet: 2884
Rx_packet_length: 60
Rx_pkt_count: 53
ÿÿÿÿÿÿPF]LÖÐ[08][06][00][01][08][00][06][04][00][01]PF]LÖÐÀ¨[1D][1C][00][00][00][00][00][00]À¨[1D][01][00][00][00][00][00][00][00][00][00][00][00][00][00][00][00][00][00][00]FFDELFEEPFACNECEODIFFEKDEDACA[00] FHEPFCELE

------------------- Rx Data ---------------Rx_next_packet: 2954
Rx_packet_length: 60
Rx_pkt_count: 52
ÿÿÿÿÿÿPF]LÖÐ[08][06][00][01][08][00][06][04][00][01]PF]LÖÐÀ¨[1D][1C][00][00][00][00][00][00]À¨[1D][01][00][00][00][00][00][00][00][00][00][00][00][00][00][00][00][00][00][00]FFDELFEEPFACNECEODIFFEKDEDACA[00] FHEPFCELE

------------------- Rx Data ---------------Rx_next_packet: 3024
Rx_packet_length: 60
Rx_pkt_count: 53
ÿÿÿÿÿÿPF]LÖÐ[08][06][00][01][08][00][06][04][00][01]PF]LÖÐÀ¨[1D][1C][00][00][00][00][00][00]À¨[1D][01][00][00][00][00][00][00][00][00][00][00][00][00][00][00][00][00][00][00]FFDELFEEPFACNECEODIFFEKDEDACA[00] FHEPFCELE

------------------- Rx Data ---------------Rx_next_packet: 3094
Rx_packet_length: 60
Rx_pkt_count: 53
ÿÿÿÿÿÿPF]LÖÐ[08][06][00][01][08][00][06][04][00][01]PF]LÖÐÀ¨[1D][1C][00][00][00][00][00][00]À¨[1D][01][00][00][00][00][00][00][00][00][00][00][00][00][00][00][00][00][00][00]FFDELFEEPFACNECEODIFFEKDEDACA[00] FHEPFCELE

------------------- Rx Data ---------------Rx_next_packet: 3164
Rx_packet_length: 60
Rx_pkt_count: 53
ÿÿÿÿÿÿ,`[0C]È»¶[08][06][00][01][08][00][06][04][00][01],`[0C]È»¶À¨[1D][11][00][00][00][00][00][00]À¨[1D][01][00][00][00][00][00][00][00][00][00][00][00][00][00][00][00][00][00][00]FFDELFEEPFACNECEODIFFEKDEDACA[00] FHEPFCELE

------------------- Rx Data ---------------Rx_next_packet: 3234
Rx_packet_length: 60
Rx_pkt_count: 53
ÿÿÿÿÿÿ,`[0C]È»¶[08][06][00][01][08][00][06][04][00][01],`[0C]È»¶À¨[1D][11][00][00][00][00][00][00]À¨[1D][01][00][00][00][00][00][00][00][00][00][00][00][00][00][00][00][00][00][00]FFDELFEEPFACNECEODIFFEKDEDACA[00] FHEPFCELE

------------------- Rx Data ---------------Rx_next_packet: 3304
Rx_packet_length: 60
Rx_pkt_count: 53
ÿÿÿÿÿÿPF]LÖÐ[08][06][00][01][08][00][06][04][00][01]PF]LÖÐÀ¨[1D][1C][00][00][00][00][00][00]À¨[1D][01][00][00][00][00][00][00][00][00][00][00][00][00][00][00][00][00][00][00]FFDELFEEPFACNECEODIFFEKDEDACA[00] FHEPFCELE

------------------- Rx Data ---------------Rx_next_packet: 3374
Rx_packet_length: 60
Rx_pkt_count: 53
ÿÿÿÿÿÿ,`[0C]È»¶[08][06][00][01][08][00][06][04][00][01],`[0C]È»¶À¨[1D][11][00][00][00][00][00][00]À¨[1D][01][00][00][00][00][00][00][00][00][00][00][00][00][00][00][00][00][00][00]FFDELFEEPFACNECEODIFFEKDEDACA[00] FHEPFCELE

------------------- Rx Data ---------------Rx_next_packet: 3444
Rx_packet_length: 60
Rx_pkt_count: 53
ÿÿÿÿÿÿPF]LÖÐ[08][06][00][01][08][00][06][04][00][01]PF]LÖÐÀ¨[1D][1C][00][00][00][00][00][00]À¨[1D][01][00][00][00][00][00][00][00][00][00][00][00][00][00][00][00][00][00][00]FFDELFEEPFACNECEODIFFEKDEDACA[00] FHEPFCELE

------------------- Rx Data ---------------Rx_next_packet: 3514
Rx_packet_length: 60
Rx_pkt_count: 54
ÿÿÿÿÿÿ,`[0C]È»¶[08][06][00][01][08][00][06][04][00][01],`[0C]È»¶À¨[1D][11][00][00][00][00][00][00]À¨[1D][01][00][00][00][00][00][00][00][00][00][00][00][00][00][00][00][00][00][00]FFDELFEEPFACNECEODIFFEKDEDACA[00] FHEPFCELE

------------------- Rx Data ---------------Rx_next_packet: 3584
Rx_packet_length: 60
Rx_pkt_count: 53
ÿÿÿÿÿÿPF]LÖÐ[08][06][00][01][08][00][06][04][00][01]PF]LÖÐÀ¨[1D][1C][00][00][00][00][00][00]À¨[1D][01][00][00][00][00][00][00][00][00][00][00][00][00][00][00][00][00][00][00]FFDELFEEPFACNECEODIFFEKDEDACA[00] FHEPFCELE

------------------- Rx Data ---------------Rx_next_packet: 3654
Rx_packet_length: 60
Rx_pkt_count: 54
ÿÿÿÿÿÿ,`[0C]È»¶[08][06][00][01][08][00][06][04][00][01],`[0C]È»¶À¨[1D][11][00][00][00][00][00][00]À¨[1D][01][00][00][00][00][00][00][00][00][00][00][00][00][00][00][00][00][00][00]FFDELFEEPFACNECEODIFFEKDEDACA[00] FHEPFCELE

------------------- Rx Data ---------------Rx_next_packet: 3724
Rx_packet_length: 60
Rx_pkt_count: 53
ÿÿÿÿÿÿPF]LÖÐ[08][06][00][01][08][00][06][04][00][01]PF]LÖÐÀ¨[1D][1C][00][00][00][00][00][00]À¨[1D][01][00][00][00][00][00][00][00][00][00][00][00][00][00][00][00][00][00][00]FFDELFEEPFACNECEODIFFEKDEDACA[00] FHEPFCELE

------------------- Rx Data ---------------Rx_next_packet: 3794
Rx_packet_length: 60
Rx_pkt_count: 53
ÿÿÿÿÿÿ,`[0C]È»¶[08][06][00][01][08][00][06][04][00][01],`[0C]È»¶À¨[1D][11][00][00][00][00][00][00]À¨[1D][01][00][00][00][00][00][00][00][00][00][00][00][00][00][00][00][00][00][00]FFDELFEEPFACNECEODIFFEKDEDACA[00] FHEPFCELE

------------------- Rx Data ---------------Rx_next_packet: 3864
Rx_packet_length: 60
Rx_pkt_count: 54
ÿÿÿÿÿÿPF]LÖÐ[08][06][00][01][08][00][06][04][00][01]PF]LÖÐÀ¨[1D][1C][00][00][00][00][00][00]À¨[1D][01][00][00][00][00][00][00][00][00][00][00][00][00][00][00][00][00][00][00]FFDELFEEPFACNECEODIFFEKDEDACA[00] FHEPFCELE

------------------- Rx Data ---------------Rx_next_packet: 3934
Rx_packet_length: 60
Rx_pkt_count: 54
ÿÿÿÿÿÿ,`[0C]È»¶[08][06][00][01][08][00][06][04][00][01],`[0C]È»¶À¨[1D][11][00][00][00][00][00][00]À¨[1D][01][00][00][00][00][00][00][00][00][00][00][00][00][00][00][00][00][00][00]FFDELFEEPFACNECEODIFFEKDEDACA[00] FHEPFCELE

------------------- Rx Data ---------------Rx_next_packet: 4004
Rx_packet_length: 60
Rx_pkt_count: 53
ÿÿÿÿÿÿPF]LÖÐ[08][06][00][01][08][00][06][04][00][01]PF]LÖÐÀ¨[1D][1C][00][00][00][00][00][00]À¨[1D][01][00][00][00][00][00][00][00][00][00][00][00][00][00][00][00][00][00][00]FFDELFEEPFACNECEODIFFEKDEDACA[00] FHEPFCELE

------------------- Rx Data ---------------Rx_next_packet: 4074
Rx_packet_length: 60
Rx_pkt_count: 54
ÿÿÿÿÿÿ,`[0C]È»¶[08][06][00][01][08][00][06][04][00][01],`[0C]È»¶À¨[1D][11][00][00][00][00][00][00]À¨[1D][01][00][00][00][00][00][00][00][00][00][00][00][00][00][00][00][00][00][00]FFDELFEEPFACNECEODIFFEKDEDACA[00] FHEPFCELE

------------------- Rx Data ---------------Rx_next_packet: 4144
Rx_packet_length: 60
Rx_pkt_count: 53
ÿÿÿÿÿÿPF]LÖÐ[08][06][00][01][08][00][06][04][00][01]PF]LÖÐÀ¨[1D][1C][00][00][00][00][00][00]À¨[1D][01][00][00][00][00][00][00][00][00][00][00][00][00][00][00][00][00][00][00]FFDELFEEPFACNECEODIFFEKDEDACA[00] FHEPFCELE

------------------- Rx Data ---------------Rx_next_packet: 4214
Rx_packet_length: 60
Rx_pkt_count: 54
ÿÿÿÿÿÿPF]LÖÐ[08][06][00][01][08][00][06][04][00][01]PF]LÖÐÀ¨[1D][1C][00][00][00][00][00][00]À¨[1D][01][00][00][00][00][00][00][00][00][00][00][00][00][00][00][00][00][00][00]FFDELFEEPFACNECEODIFFEKDEDACA[00] FHEPFCELE

------------------- Rx Data ---------------Rx_next_packet: 4284
Rx_packet_length: 60
Rx_pkt_count: 54
ÿÿÿÿÿÿPF]LÖÐ[08][06][00][01][08][00][06][04][00][01]PF]LÖÐÀ¨[1D][1C][00][00][00][00][00][00]À¨[1D][01][00][00][00][00][00][00][00][00][00][00][00][00][00][00][00][00][00][00]FFDELFEEPFACNECEODIFFEKDEDACA[00] FHEPFCELE

------------------- Rx Data ---------------Rx_next_packet: 4354
Rx_packet_length: 60
Rx_pkt_count: 54
ÿÿÿÿÿÿ,`[0C]È»¶[08][06][00][01][08][00][06][04][00][01],`[0C]È»¶À¨[1D][11][00][00][00][00][00][00]À¨[1D][01][00][00][00][00][00][00][00][00][00][00][00][00][00][00][00][00][00][00]FFDELFEEPFACNECEODIFFEKDEDACA[00] FHEPFCELE

------------------- Rx Data ---------------Rx_next_packet: 4424
Rx_packet_length: 60
Rx_pkt_count: 54
ÿÿÿÿÿÿPF]LÖÐ[08][06][00][01][08][00][06][04][00][01]PF]LÖÐÀ¨[1D][1C][00][00][00][00][00][00]À¨[1D][01][00][00][00][00][00][00][00][00][00][00][00][00][00][00][00][00][00][00]FFDELFEEPFACNECEODIFFEKDEDACA[00] FHEPFCELE

------------------- Rx Data ---------------Rx_next_packet: 4494
Rx_packet_length: 60
Rx_pkt_count: 53
ÿÿÿÿÿÿ,`[0C]È»¶[08][06][00][01][08][00][06][04][00][01],`[0C]È»¶À¨[1D][11][00][00][00][00][00][00]À¨[1D][01][00][00][00][00][00][00][00][00][00][00][00][00][00][00][00][00][00][00]FFDELFEEPFACNECEODIFFEKDEDACA[00] FHEPFCELE

------------------- Rx Data ---------------Rx_next_packet: 4564
Rx_packet_length: 60
Rx_pkt_count: 54
ÿÿÿÿÿÿPF]LÖÐ[08][06][00][01][08][00][06][04][00][01]PF]LÖÐÀ¨[1D][1C][00][00][00][00][00][00]À¨[1D][01][00][00][00][00][00][00][00][00][00][00][00][00][00][00][00][00][00][00]FFDELFEEPFACNECEODIFFEKDEDACA[00] FHEPFCELE

------------------- Rx Data ---------------Rx_next_packet: 4634
Rx_packet_length: 60
Rx_pkt_count: 53
ÿÿÿÿÿÿ,`[0C]È»¶[08][06][00][01][08][00][06][04][00][01],`[0C]È»¶À¨[1D][11][00][00][00][00][00][00]À¨[1D][01][00][00][00][00][00][00][00][00][00][00][00][00][00][00][00][00][00][00]FFDELFEEPFACNECEODIFFEKDEDACA[00] FHEPFCELE

------------------- Rx Data ---------------Rx_next_packet: 4704
Rx_packet_length: 60
Rx_pkt_count: 54
ÿÿÿÿÿÿPF]LÖÐ[08][06][00][01][08][00][06][04][00][01]PF]LÖÐÀ¨[1D][1C][00][00][00][00][00][00]À¨[1D][01][00][00][00][00][00][00][00][00][00][00][00][00][00][00][00][00][00][00]FFDELFEEPFACNECEODIFFEKDEDACA[00] FHEPFCELE

------------------- Rx Data ---------------Rx_next_packet: 4774
Rx_packet_length: 60
Rx_pkt_count: 54
ÿÿÿÿÿÿ,`[0C]È»¶[08][06][00][01][08][00][06][04][00][01],`[0C]È»¶À¨[1D][11][00][00][00][00][00][00]À¨[1D][01][00][00][00][00][00][00][00][00][00][00][00][00][00][00][00][00][00][00]FFDELFEEPFACNECEODIFFEKDEDACA[00] FHEPFCELE

------------------- Rx Data ---------------Rx_next_packet: 4844
Rx_packet_length: 60
Rx_pkt_count: 54
ÿÿÿÿÿÿPF]LÖÐ[08][06][00][01][08][00][06][04][00][01]PF]LÖÐÀ¨[1D][1C][00][00][00][00][00][00]À¨[1D][01][00][00][00][00][00][00][00][00][00][00][00][00][00][00][00][00][00][00]FFDELFEEPFACNECEODIFFEKDEDACA[00] FHEPFCELE

------------------- Rx Data ---------------Rx_next_packet: 4914
Rx_packet_length: 60
Rx_pkt_count: 54
ÿÿÿÿÿÿ,`[0C]È»¶[08][06][00][01][08][00][06][04][00][01],`[0C]È»¶À¨[1D][11][00][00][00][00][00][00]À¨[1D][01][00][00][00][00][00][00][00][00][00][00][00][00][00][00][00][00][00][00]FFDELFEEPFACNECEODIFFEKDEDACA[00] FHEPFCELE

------------------- Rx Data ---------------Rx_next_packet: 4984
Rx_packet_length: 60
Rx_pkt_count: 54
ÿÿÿÿÿÿPF]LÖÐ[08][06][00][01][08][00][06][04][00][01]PF]LÖÐÀ¨[1D][1C][00][00][00][00][00][00]À¨[1D][01][00][00][00][00][00][00][00][00][00][00][00][00][00][00][00][00][00][00]FFDELFEEPFACNECEODIFFEKDEDACA[00] FHEPFCELE

------------------- Rx Data ---------------Rx_next_packet: 5054
Rx_packet_length: 60
Rx_pkt_count: 54
ÿÿÿÿÿÿ,`[0C]È»¶[08][06][00][01][08][00][06][04][00][01],`[0C]È»¶À¨[1D][11][00][00][00][00][00][00]À¨[1D][01][00][00][00][00][00][00][00][00][00][00][00][00][00][00][00][00][00][00]FFDELFEEPFACNECEODIFFEKDEDACA[00] FHEPFCELE

------------------- Rx Data ---------------Rx_next_packet: 5124
Rx_packet_length: 60
Rx_pkt_count: 54
ÿÿÿÿÿÿPF]LÖÐ[08][06][00][01][08][00][06][04][00][01]PF]LÖÐÀ¨[1D][1C][00][00][00][00][00][00]À¨[1D][01][00][00][00][00][00][00][00][00][00][00][00][00][00][00][00][00][00][00]FFDELFEEPFACNECEODIFFEKDEDACA[00] FHEPFCELE

------------------- Rx Data ---------------Rx_next_packet: 5194
Rx_packet_length: 60
Rx_pkt_count: 55
ÿÿÿÿÿÿPF]LÖÐ[08][06][00][01][08][00][06][04][00][01]PF]LÖÐÀ¨[1D][1C][00][00][00][00][00][00]À¨[1D][01][00][00][00][00][00][00][00][00][00][00][00][00][00][00][00][00][00][00]FFDELFEEPFACNECEODIFFEKDEDACA[00] FHEPFCELE

------------------- Rx Data ---------------Rx_next_packet: 5264
Rx_packet_length: 60
Rx_pkt_count: 54
ÿÿÿÿÿÿ,`[0C]È»¶[08][06][00][01][08][00][06][04][00][01],`[0C]È»¶À¨[1D][11][00][00][00][00][00][00]À¨[1D][01][00][00][00][00][00][00][00][00][00][00][00][00][00][00][00][00][00][00]FFDELFEEPFACNECEODIFFEKDEDACA[00] FHEPFCELE

------------------- Rx Data ---------------Rx_next_packet: 5334
Rx_packet_length: 60
Rx_pkt_count: 55
ÿÿÿÿÿÿPF]LÖÐ[08][06][00][01][08][00][06][04][00][01]PF]LÖÐÀ¨[1D][1C][00][00][00][00][00][00]À¨[1D][01][00][00][00][00][00][00][00][00][00][00][00][00][00][00][00][00][00][00]FFDELFEEPFACNECEODIFFEKDEDACA[00] FHEPFCELE

------------------- Rx Data ---------------Rx_next_packet: 5404
Rx_packet_length: 60
Rx_pkt_count: 55
ÿÿÿÿÿÿ,`[0C]È»¶[08][06][00][01][08][00][06][04][00][01],`[0C]È»¶À¨[1D][11][00][00][00][00][00][00]À¨[1D][01][00][00][00][00][00][00][00][00][00][00][00][00][00][00][00][00][00][00]FFDELFEEPFACNECEODIFFEKDEDACA[00] FHEPFCELE

------------------- Rx Data ---------------Rx_next_packet: 5474
Rx_packet_length: 60
Rx_pkt_count: 55
ÿÿÿÿÿÿPF]LÖÐ[08][06][00][01][08][00][06][04][00][01]PF]LÖÐÀ¨[1D][1C][00][00][00][00][00][00]À¨[1D][01][00][00][00][00][00][00][00][00][00][00][00][00][00][00][00][00][00][00]FFDELFEEPFACNECEODIFFEKDEDACA[00] FHEPFCELE

------------------- Rx Data ---------------Rx_next_packet: 5544
Rx_packet_length: 60
Rx_pkt_count: 55
ÿÿÿÿÿÿ,`[0C]È»¶[08][06][00][01][08][00][06][04][00][01],`[0C]È»¶À¨[1D][11][00][00][00][00][00][00]À¨[1D][01][00][00][00][00][00][00][00][00][00][00][00][00][00][00][00][00][00][00]FFDELFEEPFACNECEODIFFEKDEDACA[00] FHEPFCELE

------------------- Rx Data ---------------Rx_next_packet: 5614
Rx_packet_length: 60
Rx_pkt_count: 55
ÿÿÿÿÿÿPF]LÖÐ[08][06][00][01][08][00][06][04][00][01]PF]LÖÐÀ¨[1D][1C][00][00][00][00][00][00]À¨[1D][01][00][00][00][00][00][00][00][00][00][00][00][00][00][00][00][00][00][00]FFDELFEEPFACNECEODIFFEKDEDACA[00] FHEPFCELE

------------------- Rx Data ---------------Rx_next_packet: 5684
Rx_packet_length: 60
Rx_pkt_count: 55
ÿÿÿÿÿÿPF]LÖÐ[08][06][00][01][08][00][06][04][00][01]PF]LÖÐÀ¨[1D][1C][00][00][00][00][00][00]À¨[1D][01][00][00][00][00][00][00][00][00][00][00][00][00][00][00][00][00][00][00]FFDELFEEPFACNECEODIFFEKDEDACA[00] FHEPFCELE

------------------- Rx Data ---------------Rx_next_packet: 5754
Rx_packet_length: 60
Rx_pkt_count: 55
ÿÿÿÿÿÿ,`[0C]È»¶[08][06][00][01][08][00][06][04][00][01],`[0C]È»¶À¨[1D][11][00][00][00][00][00][00]À¨[1D][01][00][00][00][00][00][00][00][00][00][00][00][00][00][00][00][00][00][00]FFDELFEEPFACNECEODIFFEKDEDACA[00] FHEPFCELE

------------------- Rx Data ---------------Rx_next_packet: 5824
Rx_packet_length: 60
Rx_pkt_count: 56
ÿÿÿÿÿÿPF]LÖÐ[08][06][00][01][08][00][06][04][00][01]PF]LÖÐÀ¨[1D][1C][00][00][00][00][00][00]À¨[1D][01][00][00][00][00][00][00][00][00][00][00][00][00][00][00][00][00][00][00]FFDELFEEPFACNECEODIFFEKDEDACA[00] FHEPFCELE

------------------- Rx Data ---------------Rx_next_packet: 5894
Rx_packet_length: 60
Rx_pkt_count: 55
ÿÿÿÿÿÿ,`[0C]È»¶[08][06][00][01][08][00][06][04][00][01],`[0C]È»¶À¨[1D][11][00][00][00][00][00][00]À¨[1D][01][00][00][00][00][00][00][00][00][00][00][00][00][00][00][00][00][00][00]FFDELFEEPFACNECEODIFFEKDEDACA[00] FHEPFCELE

------------------- Rx Data ---------------Rx_next_packet: 5964
Rx_packet_length: 60
Rx_pkt_count: 56
ÿÿÿÿÿÿPF]LÖÐ[08][06][00][01][08][00][06][04][00][01]PF]LÖÐÀ¨[1D][1C][00][00][00][00][00][00]À¨[1D][01][00][00][00][00][00][00][00][00][00][00][00][00][00][00][00][00][00][00]FFDELFEEPFACNECEODIFFEKDEDACA[00] FHEPFCELE

------------------- Rx Data ---------------Rx_next_packet: 6034
Rx_packet_length: 60
Rx_pkt_count: 55
ÿÿÿÿÿÿ,`[0C]È»¶[08][06][00][01][08][00][06][04][00][01],`[0C]È»¶À¨[1D][11][00][00][00][00][00][00]À¨[1D][01][00][00][00][00][00][00][00][00][00][00][00][00][00][00][00][00][00][00]FFDELFEEPFACNECEODIFFEKDEDACA[00] FHEPFCELE

------------------- Rx Data ---------------Rx_next_packet: 6104
Rx_packet_length: 60
Rx_pkt_count: 55
ÿÿÿÿÿÿPF]LÖÐ[08][06][00][01][08][00][06][04][00][01]PF]LÖÐÀ¨[1D][1C][00][00][00][00][00][00]À¨[1D][01][00][00][00][00][00][00][00][00][00][00][00][00][00][00][00][00][00][00]FFDELFEEPFACNECEODIFFEKDEDACA[00] FHEPFCELE

------------------- Rx Data ---------------Rx_next_packet: 6174
Rx_packet_length: 60
Rx_pkt_count: 57
ÿÿÿÿÿÿ,`[0C]È»¶[08][06][00][01][08][00][06][04][00][01],`[0C]È»¶À¨[1D][11][00][00][00][00][00][00]À¨[1D][01][00][00][00][00][00][00][00][00][00][00][00][00][00][00][00][00][00][00]FFDELFEEPFACNECEODIFFEKDEDACA[00] FHEPFCELE

------------------- Rx Data ---------------Rx_next_packet: 6244
Rx_packet_length: 60
Rx_pkt_count: 56
ÿÿÿÿÿÿPF]LÖÐ[08][06][00][01][08][00][06][04][00][01]PF]LÖÐÀ¨[1D][1C][00][00][00][00][00][00]À¨[1D][01][00][00][00][00][00][00][00][00][00][00][00][00][00][00][00][00][00][00]FFDELFEEPFACNECEODIFFEKDEDACA[00] FHEPFCELE

------------------- Rx Data ---------------Rx_next_packet: 6314
Rx_packet_length: 60
Rx_pkt_count: 57
ÿÿÿÿÿÿPF]LÖÐ[08][06][00][01][08][00][06][04][00][01]PF]LÖÐÀ¨[1D][1C][00][00][00][00][00][00]À¨[1D][01][00][00][00][00][00][00][00][00][00][00][00][00][00][00][00][00][00][00]FFDELFEEPFACNECEODIFFEKDEDACA[00] FHEPFCELE

------------------- Rx Data ---------------Rx_next_packet: 6384
Rx_packet_length: 60
Rx_pkt_count: 56
ÿÿÿÿÿÿ,`[0C]È»¶[08][06][00][01][08][00][06][04][00][01],`[0C]È»¶À¨[1D][11][00][00][00][00][00][00]À¨[1D][01][00][00][00][00][00][00][00][00][00][00][00][00][00][00][00][00][00][00]FFDELFEEPFACNECEODIFFEKDEDACA[00] FHEPFCELE

------------------- Rx Data ---------------Rx_next_packet: 6454
Rx_packet_length: 60
Rx_pkt_count: 56
ÿÿÿÿÿÿPF]LÖÐ[08][06][00][01][08][00][06][04][00][01]PF]LÖÐÀ¨[1D][1C][00][00][00][00][00][00]À¨[1D][01][00][00][00][00][00][00][00][00][00][00][00][00][00][00][00][00][00][00]FFDELFEEPFACNECEODIFFEKDEDACA[00] FHEPFCELE

------------------- Rx Data ---------------Rx_next_packet: 6524
Rx_packet_length: 60
Rx_pkt_count: 56
ÿÿÿÿÿÿ,`[0C]È»¶[08][06][00][01][08][00][06][04][00][01],`[0C]È»¶À¨[1D][11][00][00][00][00][00][00]À¨[1D][01][00][00][00][00][00][00][00][00][00][00][00][00][00][00][00][00][00][00]FFDELFEEPFACNECEODIFFEKDEDACA[00] FHEPFCELE

------------------- Rx Data ---------------Rx_next_packet: 6594
Rx_packet_length: 60
Rx_pkt_count: 57
ÿÿÿÿÿÿPF]LÖÐ[08][06][00][01][08][00][06][04][00][01]PF]LÖÐÀ¨[1D][1C][00][00][00][00][00][00]À¨[1D][01][00][00][00][00][00][00][00][00][00][00][00][00][00][00][00][00][00][00]FFDELFEEPFACNECEODIFFEKDEDACA[00] FHEPFCELE

------------------- Rx Data ---------------Rx_next_packet: 10
Rx_packet_length: 60
Rx_pkt_count: 57
ÿÿÿÿÿÿ,`[0C]È»¶[08][06][00][01][08][00][06][04][00][01],`[0C]È»¶À¨[1D][11][00][00][00][00][00][00]À¨[1D][01][00][00][00][00][00][00][00][00][00][00][00][00][00][00][00][00][00][00]FFDELFEEPFACNECEODIFFEKDEDACA[00] FHEPFCELE

------------------- Rx Data ---------------Rx_next_packet: 80
Rx_packet_length: 60
Rx_pkt_count: 57
ÿÿÿÿÿÿPF]LÖÐ[08][06][00][01][08][00][06][04][00][01]PF]LÖÐÀ¨[1D][1C][00][00][00][00][00][00]À¨[1D][01][00][00][00][00][00][00][00][00][00][00][00][00][00][00][00][00][00][00]FFDELFEEPFACNECEODIFFEKDEDACA[00] FHEPFCELE

------------------- Rx Data ---------------Rx_next_packet: 150
Rx_packet_length: 60
Rx_pkt_count: 58
ÿÿÿÿÿÿ,`[0C]È»¶[08][06][00][01][08][00][06][04][00][01],`[0C]È»¶À¨[1D][11][00][00][00][00][00][00]À¨[1D][01][00][00][00][00][00][00][00][00][00][00][00][00][00][00][00][00][00][00]FFDELFEEPFACNECEODIFFEKDEDACA[00] FHEPFCELE

------------------- Rx Data ---------------Rx_next_packet: 220
Rx_packet_length: 60
Rx_pkt_count: 58
ÿÿÿÿÿÿPF]LÖÐ[08][06][00][01][08][00][06][04][00][01]PF]LÖÐÀ¨[1D][1C][00][00][00][00][00][00]À¨[1D][01][00][00][00][00][00][00][00][00][00][00][00][00][00][00][00][00][00][00]FFDELFEEPFACNECEODIFFEKDEDACA[00] FHEPFCELE

------------------- Rx Data ---------------Rx_next_packet: 290
Rx_packet_length: 60
Rx_pkt_count: 59
ÿÿÿÿÿÿ,`[0C]È»¶[08][06][00][01][08][00][06][04][00][01],`[0C]È»¶À¨[1D][11][00][00][00][00][00][00]À¨[1D][01][00][00][00][00][00][00][00][00][00][00][00][00][00][00][00][00][00][00]FFDELFEEPFACNECEODIFFEKDEDACA[00] FHEPFCELE

------------------- Rx Data ---------------Rx_next_packet: 360
Rx_packet_length: 60
Rx_pkt_count: 59
ÿÿÿÿÿÿ,`[0C]È»¶[08][06][00][01][08][00][06][04][00][01],`[0C]È»¶À¨[1D][11][00][00][00][00][00][00]À¨[1D][01][00][00][00][00][00][00][00][00][00][00][00][00][00][00][00][00][00][00]FFDELFEEPFACNECEODIFFEKDEDACA[00] FHEPFCELE

------------------- Rx Data ---------------Rx_next_packet: 430
Rx_packet_length: 60
Rx_pkt_count: 60
ÿÿÿÿÿÿPF]LÖÐ[08][06][00][01][08][00][06][04][00][01]PF]LÖÐÀ¨[1D][1C][00][00][00][00][00][00]À¨[1D][01][00][00][00][00][00][00][00][00][00][00][00][00][00][00][00][00][00][00]FFDELFEEPFACNECEODIFFEKDEDACA[00] FHEPFCELE

------------------- Rx Data ---------------Rx_next_packet: 500
Rx_packet_length: 60
Rx_pkt_count: 60
ÿÿÿÿÿÿ,`[0C]È»¶[08][06][00][01][08][00][06][04][00][01],`[0C]È»¶À¨[1D][11][00][00][00][00][00][00]À¨[1D][01][00][00][00][00][00][00][00][00][00][00][00][00][00][00][00][00][00][00]FFDELFEEPFACNECEODIFFEKDEDACA[00] FHEPFCELE

------------------- Rx Data ---------------Rx_next_packet: 570
Rx_packet_length: 60
Rx_pkt_count: 66
ÿÿÿÿÿÿPF]LÖÐ[08][06][00][01][08][00][06][04][00][01]PF]LÖÐÀ¨[1D][1C][00][00][00][00][00][00]À¨[1D][01][00][00][00][00][00][00][00][00][00][00][00][00][00][00][00][00][00][00]FFDELFEEPFACNECEODIFFEKDEDACA[00] FHEPFCELE

------------------- Rx Data ---------------Rx_next_packet: 640
Rx_packet_length: 60
Rx_pkt_count: 68
ÿÿÿÿÿÿPF]LÖÐ[08][06][00][01][08][00][06][04][00][01]PF]LÖÐÀ¨[1D][1C][00][00][00][00][00][00]À¨[1D][01][00][00][00][00][00][00][00][00][00][00][00][00][00][00][00][00][00][00]FFDELFEEPFACNECEODIFFEKDEDACA[00] FHEPFCELE

------------------- Rx Data ---------------Rx_next_packet: 710
Rx_packet_length: 60
Rx_pkt_count: 70
ÿÿÿÿÿÿ,`[0C]È»¶[08][06][00][01][08][00][06][04][00][01],`[0C]È»¶À¨[1D][11][00][00][00][00][00][00]À¨[1D][01][00][00][00][00][00][00][00][00][00][00][00][00][00][00][00][00][00][00]FFDELFEEPFACNECEODIFFEKDEDACA[00] FHEPFCELE

------------------- Rx Data ---------------Rx_next_packet: 780
Rx_packet_length: 60
Rx_pkt_count: 74
ÿÿÿÿÿÿ,`[0C]È»¶[08][06][00][01][08][00][06][04][00][01],`[0C]È»¶À¨[1D][11][00][00][00][00][00][00]À¨[1D][01][00][00][00][00][00][00][00][00][00][00][00][00][00][00][00][00][00][00]FFDELFEEPFACNECEODIFFEKDEDACA[00] FHEPFCELE

------------------- Rx Data ---------------Rx_next_packet: 850
Rx_packet_length: 60
Rx_pkt_count: 77
ÿÿÿÿÿÿPF]LÖÐ[08][06][00][01][08][00][06][04][00][01]PF]LÖÐÀ¨[1D][1C][00][00][00][00][00][00]À¨[1D][01][00][00][00][00][00][00][00][00][00][00][00][00][00][00][00][00][00][00]FFDELFEEPFACNECEODIFFEKDEDACA[00] FHEPFCELE

------------------- Rx Data ---------------Rx_next_packet: 920
Rx_packet_length: 60
Rx_pkt_count: 77
ÿÿÿÿÿÿ,`[0C]È»¶[08][06][00][01][08][00][06][04][00][01],`[0C]È»¶À¨[1D][11][00][00][00][00][00][00]À¨[1D][01][00][00][00][00][00][00][00][00][00][00][00][00][00][00][00][00][00][00]FFDELFEEPFACNECEODIFFEKDEDACA[00] FHEPFCELE

------------------- Rx Data ---------------Rx_next_packet: 990
Rx_packet_length: 60
Rx_pkt_count: 78
ÿÿÿÿÿÿPF]LÖÐ[08][06][00][01][08][00][06][04][00][01]PF]LÖÐÀ¨[1D][1C][00][00][00][00][00][00]À¨[1D][01][00][00][00][00][00][00][00][00][00][00][00][00][00][00][00][00][00][00]FFDELFEEPFACNECEODIFFEKDEDACA[00] FHEPFCELE

------------------- Rx Data ---------------Rx_next_packet: 1060
Rx_packet_length: 60
Rx_pkt_count: 77
ÿÿÿÿÿÿPF]LÖÐ[08][06][00][01][08][00][06][04][00][01]PF]LÖÐÀ¨[1D][1C][00][00][00][00][00][00]À¨[1D][01][00][00][00][00][00][00][00][00][00][00][00][00][00][00][00][00][00][00]FFDELFEEPFACNECEODIFFEKDEDACA[00] FHEPFCELE

------------------- Rx Data ---------------Rx_next_packet: 1130
Rx_packet_length: 60
Rx_pkt_count: 79
ÿÿÿÿÿÿ,`[0C]È»¶[08][06][00][01][08][00][06][04][00][01],`[0C]È»¶À¨[1D][11][00][00][00][00][00][00]À¨[1D][01][00][00][00][00][00][00][00][00][00][00][00][00][00][00][00][00][00][00]FFDELFEEPFACNECEODIFFEKDEDACA[00] FHEPFCELE

------------------- Rx Data ---------------Rx_next_packet: 1200
Rx_packet_length: 60
Rx_pkt_count: 78
ÿÿÿÿÿÿ,`[0C]È»¶[08][06][00][01][08][00][06][04][00][01],`[0C]È»¶À¨[1D][11][00][00][00][00][00][00]À¨[1D][01][00][00][00][00][00][00][00][00][00][00][00][00][00][00][00][00][00][00]FFDELFEEPFACNECEODIFFEKDEDACA[00] FHEPFCELE

------------------- Rx Data ---------------Rx_next_packet: 1270
Rx_packet_length: 60
Rx_pkt_count: 79
ÿÿÿÿÿÿPF]LÖÐ[08][06][00][01][08][00][06][04][00][01]PF]LÖÐÀ¨[1D][1C][00][00][00][00][00][00]À¨[1D][01][00][00][00][00][00][00][00][00][00][00][00][00][00][00][00][00][00][00]FFDELFEEPFACNECEODIFFEKDEDACA[00] FHEPFCELE

------------------- Rx Data ---------------Rx_next_packet: 1340
Rx_packet_length: 60
Rx_pkt_count: 79
ÿÿÿÿÿÿ,`[0C]È»¶[08][06][00][01][08][00][06][04][00][01],`[0C]È»¶À¨[1D][11][00][00][00][00][00][00]À¨[1D][01][00][00][00][00][00][00][00][00][00][00][00][00][00][00][00][00][00][00]FFDELFEEPFACNECEODIFFEKDEDACA[00] FHEPFCELE

------------------- Rx Data ---------------Rx_next_packet: 1410
Rx_packet_length: 60
Rx_pkt_count: 80
ÿÿÿÿÿÿPF]LÖÐ[08][06][00][01][08][00][06][04][00][01]PF]LÖÐÀ¨[1D][1C][00][00][00][00][00][00]À¨[1D][01][00][00][00][00][00][00][00][00][00][00][00][00][00][00][00][00][00][00]FFDELFEEPFACNECEODIFFEKDEDACA[00] FHEPFCELE

------------------- Rx Data ---------------Rx_next_packet: 1480
Rx_packet_length: 60
Rx_pkt_count: 80
ÿÿÿÿÿÿPF]LÖÐ[08][06][00][01][08][00][06][04][00][01]PF]LÖÐÀ¨[1D][1C][00][00][00][00][00][00]À¨[1D][01][00][00][00][00][00][00][00][00][00][00][00][00][00][00][00][00][00][00]FFDELFEEPFACNECEODIFFEKDEDACA[00] FHEPFCELE

------------------- Rx Data ---------------Rx_next_packet: 1550
Rx_packet_length: 60
Rx_pkt_count: 81
ÿÿÿÿÿÿ,`[0C]È»¶[08][06][00][01][08][00][06][04][00][01],`[0C]È»¶À¨[1D][11][00][00][00][00][00][00]À¨[1D][01][00][00][00][00][00][00][00][00][00][00][00][00][00][00][00][00][00][00]FFDELFEEPFACNECEODIFFEKDEDACA[00] FHEPFCELE

------------------- Rx Data ---------------Rx_next_packet: 1620
Rx_packet_length: 60
Rx_pkt_count: 82
ÿÿÿÿÿÿPF]LÖÐ[08][06][00][01][08][00][06][04][00][01]PF]LÖÐÀ¨[1D][1C][00][00][00][00][00][00]À¨[1D][01][00][00][00][00][00][00][00][00][00][00][00][00][00][00][00][00][00][00]FFDELFEEPFACNECEODIFFEKDEDACA[00] FHEPFCELE

------------------- Rx Data ---------------Rx_next_packet: 1690
Rx_packet_length: 60
Rx_pkt_count: 81
ÿÿÿÿÿÿ,`[0C]È»¶[08][06][00][01][08][00][06][04][00][01],`[0C]È»¶À¨[1D][11][00][00][00][00][00][00]À¨[1D][01][00][00][00][00][00][00][00][00][00][00][00][00][00][00][00][00][00][00]FFDELFEEPFACNECEODIFFEKDEDACA[00] FHEPFCELE

------------------- Rx Data ---------------Rx_next_packet: 1760
Rx_packet_length: 60
Rx_pkt_count: 82
ÿÿÿÿÿÿPF]LÖÐ[08][06][00][01][08][00][06][04][00][01]PF]LÖÐÀ¨[1D][1C][00][00][00][00][00][00]À¨[1D][01][00][00][00][00][00][00][00][00][00][00][00][00][00][00][00][00][00][00]FFDELFEEPFACNECEODIFFEKDEDACA[00] FHEPFCELE

------------------- Rx Data ---------------Rx_next_packet: 1830
Rx_packet_length: 60
Rx_pkt_count: 82
ÿÿÿÿÿÿ,`[0C]È»¶[08][06][00][01][08][00][06][04][00][01],`[0C]È»¶À¨[1D][11][00][00][00][00][00][00]À¨[1D][01][00][00][00][00][00][00][00][00][00][00][00][00][00][00][00][00][00][00]FFDELFEEPFACNECEODIFFEKDEDACA[00] FHEPFCELE

------------------- Rx Data ---------------Rx_next_packet: 1900
Rx_packet_length: 60
Rx_pkt_count: 82
ÿÿÿÿÿÿPF]LÖÐ[08][06][00][01][08][00][06][04][00][01]PF]LÖÐÀ¨[1D][1C][00][00][00][00][00][00]À¨[1D][01][00][00][00][00][00][00][00][00][00][00][00][00][00][00][00][00][00][00]FFDELFEEPFACNECEODIFFEKDEDACA[00] FHEPFCELE

------------------- Rx Data ---------------Rx_next_packet: 1970
Rx_packet_length: 60
Rx_pkt_count: 83
ÿÿÿÿÿÿPF]LÖÐ[08][06][00][01][08][00][06][04][00][01]PF]LÖÐÀ¨[1D][1C][00][00][00][00][00][00]À¨[1D][01][00][00][00][00][00][00][00][00][00][00][00][00][00][00][00][00][00][00]FFDELFEEPFACNECEODIFFEKDEDACA[00] FHEPFCELE

------------------- Rx Data ---------------Rx_next_packet: 2040
Rx_packet_length: 60
Rx_pkt_count: 82
ÿÿÿÿÿÿ,`[0C]È»¶[08][06][00][01][08][00][06][04][00][01],`[0C]È»¶À¨[1D][11][00][00][00][00][00][00]À¨[1D][01][00][00][00][00][00][00][00][00][00][00][00][00][00][00][00][00][00][00]FFDELFEEPFACNECEODIFFEKDEDACA[00] FHEPFCELE

------------------- Rx Data ---------------Rx_next_packet: 2110
Rx_packet_length: 60
Rx_pkt_count: 83
ÿÿÿÿÿÿPF]LÖÐ[08][06][00][01][08][00][06][04][00][01]PF]LÖÐÀ¨[1D][1C][00][00][00][00][00][00]À¨[1D][01][00][00][00][00][00][00][00][00][00][00][00][00][00][00][00][00][00][00]FFDELFEEPFACNECEODIFFEKDEDACA[00] FHEPFCELE

------------------- Rx Data ---------------Rx_next_packet: 2180
Rx_packet_length: 60
Rx_pkt_count: 82
ÿÿÿÿÿÿ,`[0C]È»¶[08][06][00][01][08][00][06][04][00][01],`[0C]È»¶À¨[1D][11][00][00][00][00][00][00]À¨[1D][01][00][00][00][00][00][00][00][00][00][00][00][00][00][00][00][00][00][00]FFDELFEEPFACNECEODIFFEKDEDACA[00] FHEPFCELE

------------------- Rx Data ---------------Rx_next_packet: 2250
Rx_packet_length: 60
Rx_pkt_count: 83
ÿÿÿÿÿÿPF]LÖÐ[08][06][00][01][08][00][06][04][00][01]PF]LÖÐÀ¨[1D][1C][00][00][00][00][00][00]À¨[1D][01][00][00][00][00][00][00][00][00][00][00][00][00][00][00][00][00][00][00]FFDELFEEPFACNECEODIFFEKDEDACA[00] FHEPFCELE

------------------- Rx Data ---------------Rx_next_packet: 2320
Rx_packet_length: 60
Rx_pkt_count: 82
ÿÿÿÿÿÿ,`[0C]È»¶[08][06][00][01][08][00][06][04][00][01],`[0C]È»¶À¨[1D][11][00][00][00][00][00][00]À¨[1D][01][00][00][00][00][00][00][00][00][00][00][00][00][00][00][00][00][00][00]FFDELFEEPFACNECEODIFFEKDEDACA[00] FHEPFCELE

------------------- Rx Data ---------------Rx_next_packet: 2390
Rx_packet_length: 60
Rx_pkt_count: 82
ÿÿÿÿÿÿPF]LÖÐ[08][06][00][01][08][00][06][04][00][01]PF]LÖÐÀ¨[1D][1C][00][00][00][00][00][00]À¨[1D][01][00][00][00][00][00][00][00][00][00][00][00][00][00][00][00][00][00][00]FFDELFEEPFACNECEODIFFEKDEDACA[00] FHEPFCELE

------------------- Rx Data ---------------Rx_next_packet: 2460
Rx_packet_length: 60
Rx_pkt_count: 83
ÿÿÿÿÿÿ,`[0C]È»¶[08][06][00][01][08][00][06][04][00][01],`[0C]È»¶À¨[1D][11][00][00][00][00][00][00]À¨[1D][01][00][00][00][00][00][00][00][00][00][00][00][00][00][00][00][00][00][00]FFDELFEEPFACNECEODIFFEKDEDACA[00] FHEPFCELE

------------------- Rx Data ---------------Rx_next_packet: 2530
Rx_packet_length: 60
Rx_pkt_count: 83
ÿÿÿÿÿÿPF]LÖÐ[08][06][00][01][08][00][06][04][00][01]PF]LÖÐÀ¨[1D][1C][00][00][00][00][00][00]À¨[1D][01][00][00][00][00][00][00][00][00][00][00][00][00][00][00][00][00][00][00]FFDELFEEPFACNECEODIFFEKDEDACA[00] FHEPFCELE

------------------- Rx Data ---------------Rx_next_packet: 2600
Rx_packet_length: 60
Rx_pkt_count: 83
ÿÿÿÿÿÿ,`[0C]È»¶[08][06][00][01][08][00][06][04][00][01],`[0C]È»¶À¨[1D][11][00][00][00][00][00][00]À¨[1D][01][00][00][00][00][00][00][00][00][00][00][00][00][00][00][00][00][00][00]FFDELFEEPFACNECEODIFFEKDEDACA[00] FHEPFCELE

------------------- Rx Data ---------------Rx_next_packet: 2670
Rx_packet_length: 60
Rx_pkt_count: 85
ÿÿÿÿÿÿPF]LÖÐ[08][06][00][01][08][00][06][04][00][01]PF]LÖÐÀ¨[1D][1C][00][00][00][00][00][00]À¨[1D][01][00][00][00][00][00][00][00][00][00][00][00][00][00][00][00][00][00][00]FFDELFEEPFACNECEODIFFEKDEDACA[00] FHEPFCELE

------------------- Rx Data ---------------Rx_next_packet: 2740
Rx_packet_length: 60
Rx_pkt_count: 84
ÿÿÿÿÿÿ,`[0C]È»¶[08][06][00][01][08][00][06][04][00][01],`[0C]È»¶À¨[1D][11][00][00][00][00][00][00]À¨[1D][01][00][00][00][00][00][00][00][00][00][00][00][00][00][00][00][00][00][00]FFDELFEEPFACNECEODIFFEKDEDACA[00] FHEPFCELE

------------------- Rx Data ---------------Rx_next_packet: 2810
Rx_packet_length: 60
Rx_pkt_count: 84
ÿÿÿÿÿÿ,`[0C]È»¶[08][06][00][01][08][00][06][04][00][01],`[0C]È»¶À¨[1D][11][00][00][00][00][00][00]À¨[1D][01][00][00][00][00][00][00][00][00][00][00][00][00][00][00][00][00][00][00]FFDELFEEPFACNECEODIFFEKDEDACA[00] FHEPFCELE

------------------- Rx Data ---------------Rx_next_packet: 2880
Rx_packet_length: 60
Rx_pkt_count: 83
ÿÿÿÿÿÿPF]LÖÐ[08][06][00][01][08][00][06][04][00][01]PF]LÖÐÀ¨[1D][1C][00][00][00][00][00][00]À¨[1D][01][00][00][00][00][00][00][00][00][00][00][00][00][00][00][00][00][00][00]FFDELFEEPFACNECEODIFFEKDEDACA[00] FHEPFCELE

------------------- Rx Data ---------------Rx_next_packet: 2950
Rx_packet_length: 60
Rx_pkt_count: 84
ÿÿÿÿÿÿ,`[0C]È»¶[08][06][00][01][08][00][06][04][00][01],`[0C]È»¶À¨[1D][11][00][00][00][00][00][00]À¨[1D][01][00][00][00][00][00][00][00][00][00][00][00][00][00][00][00][00][00][00]FFDELFEEPFACNECEODIFFEKDEDACA[00] FHEPFCELE

------------------- Rx Data ---------------Rx_next_packet: 3020
Rx_packet_length: 60
Rx_pkt_count: 83
ÿÿÿÿÿÿPF]LÖÐ[08][06][00][01][08][00][06][04][00][01]PF]LÖÐÀ¨[1D][1C][00][00][00][00][00][00]À¨[1D][01][00][00][00][00][00][00][00][00][00][00][00][00][00][00][00][00][00][00]FFDELFEEPFACNECEODIFFEKDEDACA[00] FHEPFCELE

------------------- Rx Data ---------------Rx_next_packet: 3090
Rx_packet_length: 60
Rx_pkt_count: 84
ÿÿÿÿÿÿ,`[0C]È»¶[08][06][00][01][08][00][06][04][00][01],`[0C]È»¶À¨[1D][11][00][00][00][00][00][00]À¨[1D][01][00][00][00][00][00][00][00][00][00][00][00][00][00][00][00][00][00][00]FFDELFEEPFACNECEODIFFEKDEDACA[00] FHEPFCELE

------------------- Rx Data ---------------Rx_next_packet: 3160
Rx_packet_length: 60
Rx_pkt_count: 84
ÿÿÿÿÿÿPF]LÖÐ[08][06][00][01][08][00][06][04][00][01]PF]LÖÐÀ¨[1D][1C][00][00][00][00][00][00]À¨[1D][01][00][00][00][00][00][00][00][00][00][00][00][00][00][00][00][00][00][00]FFDELFEEPFACNECEODIFFEKDEDACA[00] FHEPFCELE

------------------- Rx Data ---------------Rx_next_packet: 3230
Rx_packet_length: 60
Rx_pkt_count: 84
ÿÿÿÿÿÿ,`[0C]È»¶[08][06][00][01][08][00][06][04][00][01],`[0C]È»¶À¨[1D][11][00][00][00][00][00][00]À¨[1D][01][00][00][00][00][00][00][00][00][00][00][00][00][00][00][00][00][00][00]FFDELFEEPFACNECEODIFFEKDEDACA[00] FHEPFCELE

------------------- Rx Data ---------------Rx_next_packet: 3300
Rx_packet_length: 60
Rx_pkt_count: 83
ÿÿÿÿÿÿPF]LÖÐ[08][06][00][01][08][00][06][04][00][01]PF]LÖÐÀ¨[1D][1C][00][00][00][00][00][00]À¨[1D][01][00][00][00][00][00][00][00][00][00][00][00][00][00][00][00][00][00][00]FFDELFEEPFACNECEODIFFEKDEDACA[00] FHEPFCELE

------------------- Rx Data ---------------Rx_next_packet: 3370
Rx_packet_length: 60
Rx_pkt_count: 82
ÿÿÿÿÿÿ,`[0C]È»¶[08][06][00][01][08][00][06][04][00][01],`[0C]È»¶À¨[1D][11][00][00][00][00][00][00]À¨[1D][01][00][00][00][00][00][00][00][00][00][00][00][00][00][00][00][00][00][00]FFDELFEEPFACNECEODIFFEKDEDACA[00] FHEPFCELE

------------------- Rx Data ---------------Rx_next_packet: 3440
Rx_packet_length: 60
Rx_pkt_count: 83
ÿÿÿÿÿÿPF]LÖÐ[08][06][00][01][08][00][06][04][00][01]PF]LÖÐÀ¨[1D][1C][00][00][00][00][00][00]À¨[1D][01][00][00][00][00][00][00][00][00][00][00][00][00][00][00][00][00][00][00]FFDELFEEPFACNECEODIFFEKDEDACA[00] FHEPFCELE

------------------- Rx Data ---------------Rx_next_packet: 3510
Rx_packet_length: 60
Rx_pkt_count: 82
ÿÿÿÿÿÿPF]LÖÐ[08][06][00][01][08][00][06][04][00][01]PF]LÖÐÀ¨[1D][1C][00][00][00][00][00][00]À¨[1D][01][00][00][00][00][00][00][00][00][00][00][00][00][00][00][00][00][00][00]FFDELFEEPFACNECEODIFFEKDEDACA[00] FHEPFCELE

------------------- Rx Data ---------------Rx_next_packet: 3580
Rx_packet_length: 60
Rx_pkt_count: 83
ÿÿÿÿÿÿ,`[0C]È»¶[08][06][00][01][08][00][06][04][00][01],`[0C]È»¶À¨[1D][11][00][00][00][00][00][00]À¨[1D][01][00][00][00][00][00][00][00][00][00][00][00][00][00][00][00][00][00][00]FFDELFEEPFACNECEODIFFEKDEDACA[00] FHEPFCELE

------------------- Rx Data ---------------Rx_next_packet: 3650
Rx_packet_length: 60
Rx_pkt_count: 84
ÿÿÿÿÿÿ,`[0C]È»¶[08][06][00][01][08][00][06][04][00][01],`[0C]È»¶À¨[1D][11][00][00][00][00][00][00]À¨[1D][01][00][00][00][00][00][00][00][00][00][00][00][00][00][00][00][00][00][00]FFDELFEEPFACNECEODIFFEKDEDACA[00] FHEPFCELE

------------------- Rx Data ---------------Rx_next_packet: 3720
Rx_packet_length: 60
Rx_pkt_count: 83
ÿÿÿÿÿÿPF]LÖÐ[08][06][00][01][08][00][06][04][00][01]PF]LÖÐÀ¨[1D][1C][00][00][00][00][00][00]À¨[1D][01][00][00][00][00][00][00][00][00][00][00][00][00][00][00][00][00][00][00]FFDELFEEPFACNECEODIFFEKDEDACA[00] FHEPFCELE

------------------- Rx Data ---------------Rx_next_packet: 3790
Rx_packet_length: 60
Rx_pkt_count: 83
ÿÿÿÿÿÿ,`[0C]È»¶[08][06][00][01][08][00][06][04][00][01],`[0C]È»¶À¨[1D][11][00][00][00][00][00][00]À¨[1D][01][00][00][00][00][00][00][00][00][00][00][00][00][00][00][00][00][00][00]FFDELFEEPFACNECEODIFFEKDEDACA[00] FHEPFCELE

------------------- Rx Data ---------------Rx_next_packet: 3860
Rx_packet_length: 60
Rx_pkt_count: 82
ÿÿÿÿÿÿPF]LÖÐ[08][06][00][01][08][00][06][04][00][01]PF]LÖÐÀ¨[1D][1C][00][00][00][00][00][00]À¨[1D][01][00][00][00][00][00][00][00][00][00][00][00][00][00][00][00][00][00][00]FFDELFEEPFACNECEODIFFEKDEDACA[00] FHEPFCELE

------------------- Rx Data ---------------Rx_next_packet: 3930
Rx_packet_length: 60
Rx_pkt_count: 83
ÿÿÿÿÿÿPF]LÖÐ[08][06][00][01][08][00][06][04][00][01]PF]LÖÐÀ¨[1D][1C][00][00][00][00][00][00]À¨[1D][01][00][00][00][00][00][00][00][00][00][00][00][00][00][00][00][00][00][00]FFDELFEEPFACNECEODIFFEKDEDACA[00] FHEPFCELE

------------------- Rx Data ---------------Rx_next_packet: 4000
Rx_packet_length: 60
Rx_pkt_count: 83
ÿÿÿÿÿÿ,`[0C]È»¶[08][06][00][01][08][00][06][04][00][01],`[0C]È»¶À¨[1D][11][00][00][00][00][00][00]À¨[1D][01][00][00][00][00][00][00][00][00][00][00][00][00][00][00][00][00][00][00]FFDELFEEPFACNECEODIFFEKDEDACA[00] FHEPFCELE

------------------- Rx Data ---------------Rx_next_packet: 4070
Rx_packet_length: 60
Rx_pkt_count: 82
ÿÿÿÿÿÿ,`[0C]È»¶[08][06][00][01][08][00][06][04][00][01],`[0C]È»¶À¨[1D][11][00][00][00][00][00][00]À¨[1D][01][00][00][00][00][00][00][00][00][00][00][00][00][00][00][00][00][00][00]FFDELFEEPFACNECEODIFFEKDEDACA[00] FHEPFCELE

------------------- Rx Data ---------------Rx_next_packet: 4140
Rx_packet_length: 60
Rx_pkt_count: 82
ÿÿÿÿÿÿPF]LÖÐ[08][06][00][01][08][00][06][04][00][01]PF]LÖÐÀ¨[1D][1C][00][00][00][00][00][00]À¨[1D][01][00][00][00][00][00][00][00][00][00][00][00][00][00][00][00][00][00][00]FFDELFEEPFACNECEODIFFEKDEDACA[00] FHEPFCELE

------------------- Rx Data ---------------Rx_next_packet: 4210
Rx_packet_length: 60
Rx_pkt_count: 82
ÿÿÿÿÿÿ,`[0C]È»¶[08][06][00][01][08][00][06][04][00][01],`[0C]È»¶[00][00][00][00][00][00][00][00][00][00]À¨[1D][11][00][00][00][00][00][00][00][00][00][00][00][00][00][00][00][00][00][00]FFDELFEEPFACNECEODIFFEKDEDACA[00] FHEPFCELE

------------------- Rx Data ---------------Rx_next_packet: 4280
Rx_packet_length: 60
Rx_pkt_count: 82
ÿÿÿÿÿÿPF]LÖÐ[08][06][00][01][08][00][06][04][00][01]PF]LÖÐÀ¨[1D][1C][00][00][00][00][00][00]À¨[1D][01][00][00][00][00][00][00][00][00][00][00][00][00][00][00][00][00][00][00]FFDELFEEPFACNECEODIFFEKDEDACA[00] FHEPFCELE

------------------- Rx Data ---------------Rx_next_packet: 4350
Rx_packet_length: 60
Rx_pkt_count: 82
ÿÿÿÿÿÿPF]LÖÐ[08][06][00][01][08][00][06][04][00][01]PF]LÖÐÀ¨[1D][1C][00][00][00][00][00][00]À¨[1D][01][00][00][00][00][00][00][00][00][00][00][00][00][00][00][00][00][00][00]FFDELFEEPFACNECEODIFFEKDEDACA[00] FHEPFCELE

------------------- Rx Data ---------------Rx_next_packet: 4420
Rx_packet_length: 60
Rx_pkt_count: 82
ÿÿÿÿÿÿ,`[0C]È»¶[08][06][00][01][08][00][06][04][00][01],`[0C]È»¶[00][00][00][00][00][00][00][00][00][00]À¨[1D][11][00][00][00][00][00][00][00][00][00][00][00][00][00][00][00][00][00][00]FFDELFEEPFACNECEODIFFEKDEDACA[00] FHEPFCELE

------------------- Rx Data ---------------Rx_next_packet: 4490
Rx_packet_length: 60
Rx_pkt_count: 83
ÿÿÿÿÿÿPF]LÖÐ[08][06][00][01][08][00][06][04][00][01]PF]LÖÐÀ¨[1D][1C][00][00][00][00][00][00]À¨[1D][01][00][00][00][00][00][00][00][00][00][00][00][00][00][00][00][00][00][00]FFDELFEEPFACNECEODIFFEKDEDACA[00] FHEPFCELE

------------------- Rx Data ---------------Rx_next_packet: 4560
Rx_packet_length: 60
Rx_pkt_count: 82
ÿÿÿÿÿÿ,`[0C]È»¶[08][06][00][01][08][00][06][04][00][01],`[0C]È»¶[00][00][00][00][00][00][00][00][00][00]À¨[1D][11][00][00][00][00][00][00][00][00][00][00][00][00][00][00][00][00][00][00]FFDELFEEPFACNECEODIFFEKDEDACA[00] FHEPFCELE

------------------- Rx Data ---------------Rx_next_packet: 4630
Rx_packet_length: 60
Rx_pkt_count: 83
ÿÿÿÿÿÿPF]LÖÐ[08][06][00][01][08][00][06][04][00][01]PF]LÖÐÀ¨[1D][1C][00][00][00][00][00][00]À¨[1D][01][00][00][00][00][00][00][00][00][00][00][00][00][00][00][00][00][00][00]FFDELFEEPFACNECEODIFFEKDEDACA[00] FHEPFCELE

------------------- Rx Data ---------------Rx_next_packet: 4700
Rx_packet_length: 60
Rx_pkt_count: 83
ÿÿÿÿÿÿ,`[0C]È»¶[08][06][00][01][08][00][06][04][00][01],`[0C]È»¶À¨[1D][11][00][00][00][00][00][00]À¨[1D][11][00][00][00][00][00][00][00][00][00][00][00][00][00][00][00][00][00][00]FFDELFEEPFACNECEODIFFEKDEDACA[00] FHEPFCELE

------------------- Rx Data ---------------Rx_next_packet: 4770
Rx_packet_length: 60
Rx_pkt_count: 83
[01][00]^[00][00][16],`[0C]È»¶[08][00]F[00][00](	ò[00][00][01][02]][0E]À¨[1D][11]à[00][00][16]”[04][00][00]"[00]ú[02][00][00][00][01][03][00][00][00]à[00][00]û[00][00][00][00][00][00]FFDELFEEPFACNECEODIFFEKDEDACA[00] FHEPFCELE

------------------- Rx Data ---------------Rx_next_packet: 4840
Rx_packet_length: 60
Rx_pkt_count: 83
[01][00]^[00][00][16],`[0C]È»¶[08][00]F[00][00](	ó[00][00][01][02]]
À¨[1D][11]à[00][00][16]”[04][00][00]"[00]ú[01][00][00][00][01][03][00][00][00]à[00][00]ü[00][00][00][00][00][00]FFDELFEEPFACNECEODIFFEKDEDACA[00] FHEPFCELE

------------------- Rx Data ---------------Rx_next_packet: 4910
Rx_packet_length: 60
Rx_pkt_count: 83
[01][00]^[00][00][16],`[0C]È»¶[08][00]F[00][00](	ô[00][00][01][02]][0C]À¨[1D][11]à[00][00][16]”[04][00][00]"[00]ù[01][00][00][00][01][04][00][00][00]à[00][00]ü[00][00][00][00][00][00]FFDELFEEPFACNECEODIFFEKDEDACA[00] FHEPFCELE

------------------- Rx Data ---------------Rx_next_packet: 4980
Rx_packet_length: 60
Rx_pkt_count: 84
[01][00]^[00][00][16],`[0C]È»¶[08][00]F[00][00](	õ[00][00][01][02]][0B]À¨[1D][11]à[00][00][16]”[04][00][00]"[00]ù[02][00][00][00][01][04][00][00][00]à[00][00]û[00][00][00][00][00][00]FFDELFEEPFACNECEODIFFEKDEDACA[00] FHEPFCELE

------------------- Rx Data ---------------Rx_next_packet: 5100
Rx_packet_length: 110
Rx_pkt_count: 84
ÿÿÿÿÿÿ,`[0C]È»¶[08][00]E[00][00]`$J[00][00]€[11]YâÀ¨[1D][11]À¨[1D]ÿ[00]‰[00]‰[00]LYõ˜ž)[10][00][01][00][00][00][00][00][01] FHEPFCELEHFCEPFFFACACACACACACAAA[00][00] [00][01]À[0C][00] [00][01][00][04]

------------------- Rx Data ---------------Rx_next_packet: 5220
Rx_packet_length: 110
Rx_pkt_count: 84
ÿÿÿÿÿÿ,`[0C]È»¶[08][00]E[00][00]`$K[00][00]€[11]YáÀ¨[1D][11]À¨[1D]ÿ[00]‰[00]‰[00]L¸ð˜Ÿ)[10][00][01][00][00][00][00][00][01] EKECFCEBFEEIEPEEEMFACNDBDJDIDIAA[00][00] [00][01]À[0C][00] [00][01][00][04]

------------------- Rx Data ---------------Rx_next_packet: 5290
Rx_packet_length: 60
Rx_pkt_count: 84
ÿÿÿÿÿÿ,`[0C]È»¶[08][06][00][01][08][00][06][04][00][01],`[0C]È»¶À¨[1D][11][00][00][00][00][00][00]À¨[1D][01][00][00][00][00][00][00][00][00][00][00][00][00][00][00][00][00][00][00]CEBFEEIEPEEEMFACNDBDJDIDIAA[00][00] [00][01]À[0C][00] [00][01][00][04]

------------------- Rx Data ---------------Rx_next_packet: 5360
Rx_packet_length: 60
Rx_pkt_count: 84
ÿÿÿÿÿÿ,`[0C]È»¶[08][06][00][01][08][00][06][04][00][01],`[0C]È»¶À¨[1D][11][00][00][00][00][00][00]À¨[1D][01][00][00][00][00][00][00][00][00][00][00][00][00][00][00][00][00][00][00]CEBFEEIEPEEEMFACNDBDJDIDIAA[00][00] [00][01]À[0C][00] [00][01][00][04]

------------------- Rx Data ---------------Rx_next_packet: 5430
Rx_packet_length: 60
Rx_pkt_count: 84
ÿÿÿÿÿÿPF]LÖÐ[08][06][00][01][08][00][06][04][00][01]PF]LÖÐÀ¨[1D][1C][00][00][00][00][00][00]À¨[1D][01][00][00][00][00][00][00][00][00][00][00][00][00][00][00][00][00][00][00]CEBFEEIEPEEEMFACNDBDJDIDIAA[00][00] [00][01]À[0C][00] [00][01][00][04]

------------------- Rx Data ---------------Rx_next_packet: 5550
Rx_packet_length: 110
Rx_pkt_count: 84
ÿÿÿÿÿÿ,`[0C]È»¶[08][00]E[00][00]`$L[00][00]€[11]YàÀ¨[1D][11]À¨[1D]ÿ[00]‰[00]‰[00]L¸ð˜Ÿ)[10][00][01][00][00][00][00][00][01] EKECFCEBFEEIEPEEEMFACNDBDJDIDIAA[00][00] [00][01]À[0C][00] [00][01][00][04]

------------------- Rx Data ---------------Rx_next_packet: 5670
Rx_packet_length: 110
Rx_pkt_count: 85
ÿÿÿÿÿÿ,`[0C]È»¶[08][00]E[00][00]`$M[00][00]€[11]YßÀ¨[1D][11]À¨[1D]ÿ[00]‰[00]‰[00]LYõ˜ž)[10][00][01][00][00][00][00][00][01] FHEPFCELEHFCEPFFFACACACACACACAAA[00][00] [00][01]À[0C][00] [00][01][00][04]

------------------- Rx Data ---------------Rx_next_packet: 5740
Rx_packet_length: 60
Rx_pkt_count: 85
ÿÿÿÿÿÿ,`[0C]È»¶[08][06][00][01][08][00][06][04][00][01],`[0C]È»¶À¨[1D][11][00][00][00][00][00][00]À¨[1D][01][00][00][00][00][00][00][00][00][00][00][00][00][00][00][00][00][00][00]CELEHFCEPFFFACACACACACACAAA[00][00] [00][01]À[0C][00] [00][01][00][04]

------------------- Rx Data ---------------Rx_next_packet: 5810
Rx_packet_length: 60
Rx_pkt_count: 84
ÿÿÿÿÿÿ,`[0C]È»¶[08][06][00][01][08][00][06][04][00][01],`[0C]È»¶À¨[1D][11][00][00][00][00][00][00]À¨[1D][01][00][00][00][00][00][00][00][00][00][00][00][00][00][00][00][00][00][00]CELEHFCEPFFFACACACACACACAAA[00][00] [00][01]À[0C][00] [00][01][00][04]

------------------- Rx Data ---------------Rx_next_packet: 5880
Rx_packet_length: 60
Rx_pkt_count: 84
ÿÿÿÿÿÿPF]LÖÐ[08][06][00][01][08][00][06][04][00][01]PF]LÖÐÀ¨[1D][1C][00][00][00][00][00][00]À¨[1D][01][00][00][00][00][00][00][00][00][00][00][00][00][00][00][00][00][00][00]CELEHFCEPFFFACACACACACACAAA[00][00] [00][01]À[0C][00] [00][01][00][04]

------------------- Rx Data ---------------Rx_next_packet: 6000
Rx_packet_length: 110
Rx_pkt_count: 85
ÿÿÿÿÿÿ,`[0C]È»¶[08][00]E[00][00]`$N[00][00]€[11]YÞÀ¨[1D][11]À¨[1D]ÿ[00]‰[00]‰[00]LYõ˜ž)[10][00][01][00][00][00][00][00][01] FHEPFCELEHFCEPFFFACACACACACACAAA[00][00] [00][01]À[0C][00] [00][01][00][04]

------------------- Rx Data ---------------Rx_next_packet: 6120
Rx_packet_length: 110
Rx_pkt_count: 85
ÿÿÿÿÿÿ,`[0C]È»¶[08][00]E[00][00]`$O[00][00]€[11]YÝÀ¨[1D][11]À¨[1D]ÿ[00]‰[00]‰[00]L¸ð˜Ÿ)[10][00][01][00][00][00][00][00][01] EKECFCEBFEEIEPEEEMFACNDBDJDIDIAA[00][00] [00][01]À[0C][00] [00][01][00][04]

------------------- Rx Data ---------------Rx_next_packet: 6190
Rx_packet_length: 60
Rx_pkt_count: 87
ÿÿÿÿÿÿPF]LÖÐ[08][06][00][01][08][00][06][04][00][01]PF]LÖÐÀ¨[1D][1C][00][00][00][00][00][00]À¨[1D][01][00][00][00][00][00][00][00][00][00][00][00][00][00][00][00][00][00][00]CEBFEEIEPEEEMFACNDBDJDIDIAA[00][00] [00][01]À[0C][00] [00][01][00][04]

------------------- Rx Data ---------------Rx_next_packet: 6260
Rx_packet_length: 60
Rx_pkt_count: 88
ÿÿÿÿÿÿ,`[0C]È»¶[08][06][00][01][08][00][06][04][00][01],`[0C]È»¶À¨[1D][11][00][00][00][00][00][00]À¨[1D][11][00][00][00][00][00][00][00][00][00][00][00][00][00][00][00][00][00][00]CEBFEEIEPEEEMFACNDBDJDIDIAA[00][00] [00][01]À[0C][00] [00][01][00][04]

------------------- Rx Data ---------------Rx_next_packet: 6380
Rx_packet_length: 110
Rx_pkt_count: 87
ÿÿÿÿÿÿ,`[0C]È»¶[08][00]E[00][00]`$P[00][00]€[11]YÜÀ¨[1D][11]À¨[1D]ÿ[00]‰[00]‰[00]L¹ð˜Ÿ([10][00][01][00][00][00][00][00][01] EKECFCEBFEEIEPEEEMFACNDBDJDIDIAA[00][00] [00][01]À[0C][00] [00][01][00][04]

------------------- Rx Data ---------------Rx_next_packet: 6500
Rx_packet_length: 110
Rx_pkt_count: 86
ÿÿÿÿÿÿ,`[0C]È»¶[08][00]E[00][00]`$Q[00][00]€[11]YÛÀ¨[1D][11]À¨[1D]ÿ[00]‰[00]‰[00]LZõ˜ž([10][00][01][00][00][00][00][00][01] FHEPFCELEHFCEPFFFACACACACACACAAA[00][00] [00][01]À[0C][00] [00][01][00][04]

------------------- Rx Data ---------------Rx_next_packet: 6570
Rx_packet_length: 60
Rx_pkt_count: 87
ÿÿÿÿÿÿ,`[0C]È»¶[08][06][00][01][08][00][06][04][00][01],`[0C]È»¶À¨[1D][11][00][00][00][00][00][00]À¨[1D][01][00][00][00][00][00][00][00][00][00][00][00][00][00][00][00][00][00][00]CELEHFCEPFFFACACACACACACAAA[00][00] [00][01]À[0C][00] [00][01][00][04]

------------------- Rx Data ---------------Rx_next_packet: 6640
Rx_packet_length: 60
Rx_pkt_count: 86
ÿÿÿÿÿÿPF]LÖÐ[08][06][00][01][08][00][06][04][00][01]PF]LÖÐÀ¨[1D][1C][00][00][00][00][00][00]À¨[1D][01][00][00][00][00][00][00][00][00][00][00][00][00][00][00][00][00][00][00]CELEHFCEPFFFACACACACACACAAA[00][00] [00][01]À[0C][00] [00][01][00][04]

------------------- Rx Data ---------------Rx_next_packet: 56
Rx_packet_length: 60
Rx_pkt_count: 87
ÿÿÿÿÿÿ,`[0C]È»¶[08][06][00][01][08][00][06][04][00][01],`[0C]È»¶À¨[1D][11][00][00][00][00][00][00]À¨[1D][01][00][00][00][00][00][00][00][00][00][00][00][00][00][00][00][00][00][00]CELEHFCEPFFFACACACACACACAAA[00][00] [00][01]À[0C][00] [00][01][00][04]

------------------- Rx Data ---------------Rx_next_packet: 126
Rx_packet_length: 60
Rx_pkt_count: 88
ÿÿÿÿÿÿPF]LÖÐ[08][06][00][01][08][00][06][04][00][01]PF]LÖÐÀ¨[1D][1C][00][00][00][00][00][00]À¨[1D][01][00][00][00][00][00][00][00][00][00][00][00][00][00][00][00][00][00][00]CELEHFCEPFFFACACACACACACAAA[00][00] [00][01]À[0C][00] [00][01][00][04]

------------------- Rx Data ---------------Rx_next_packet: 196
Rx_packet_length: 60
Rx_pkt_count: 87
ÿÿÿÿÿÿ,`[0C]È»¶[08][06][00][01][08][00][06][04][00][01],`[0C]È»¶À¨[1D][11][00][00][00][00][00][00]À¨[1D][01][00][00][00][00][00][00][00][00][00][00][00][00][00][00][00][00][00][00]CELEHFCEPFFFACACACACACACAAA[00][00] [00][01]À[0C][00] [00][01][00][04]

------------------- Rx Data ---------------Rx_next_packet: 266
Rx_packet_length: 60
Rx_pkt_count: 87
ÿÿÿÿÿÿ,`[0C]È»¶[08][06][00][01][08][00][06][04][00][01],`[0C]È»¶À¨[1D][11][00][00][00][00][00][00]À¨[1D][01][00][00][00][00][00][00][00][00][00][00][00][00][00][00][00][00][00][00]CELEHFCEPFFFACACACACACACAAA[00][00] [00][01]À[0C][00] [00][01][00][04]

------------------- Rx Data ---------------Rx_next_packet: 336
Rx_packet_length: 60
Rx_pkt_count: 87
ÿÿÿÿÿÿPF]LÖÐ[08][06][00][01][08][00][06][04][00][01]PF]LÖÐÀ¨[1D][1C][00][00][00][00][00][00]À¨[1D][01][00][00][00][00][00][00][00][00][00][00][00][00][00][00][00][00][00][00]CELEHFCEPFFFACACACACACACAAA[00][00] [00][01]À[0C][00] [00][01][00][04]

------------------- Rx Data ---------------Rx_next_packet: 406
Rx_packet_length: 60
Rx_pkt_count: 87
ÿÿÿÿÿÿ,`[0C]È»¶[08][06][00][01][08][00][06][04][00][01],`[0C]È»¶À¨[1D][11][00][00][00][00][00][00]À¨[1D][01][00][00][00][00][00][00][00][00][00][00][00][00][00][00][00][00][00][00]CELEHFCEPFFFACACACACACACAAA[00][00] [00][01]À[0C][00] [00][01][00][04]

------------------- Rx Data ---------------Rx_next_packet: 476
Rx_packet_length: 60
Rx_pkt_count: 86
ÿÿÿÿÿÿPF]LÖÐ[08][06][00][01][08][00][06][04][00][01]PF]LÖÐÀ¨[1D][1C][00][00][00][00][00][00]À¨[1D][01][00][00][00][00][00][00][00][00][00][00][00][00][00][00][00][00][00][00]CELEHFCEPFFFACACACACACACAAA[00][00] [00][01]À[0C][00] [00][01][00][04]

------------------- Rx Data ---------------Rx_next_packet: 578
Rx_packet_length: 92
Rx_pkt_count: 86
ÿÿÿÿÿÿ,`[0C]È»¶[08][00]E[00][00]N$R[00][00]€[11]YìÀ¨[1D][11]À¨[1D]ÿ[00]‰[00]‰[00]:'é˜¡[01][10][00][01][00][00][00][00][00][00] FHEPFCELEHFCEPFFFACACACACACACABM[00][00] [00][01]À[0C][00] [00][01][00][04]

------------------- Rx Data ---------------Rx_next_packet: 648
Rx_packet_length: 60
Rx_pkt_count: 85
ÿÿÿÿÿÿPF]LÖÐ[08][06][00][01][08][00][06][04][00][01]PF]LÖÐÀ¨[1D][1C][00][00][00][00][00][00]À¨[1D][01][00][00][00][00][00][00][00][00][00][00][00][00][00][00][00][00][00][00]CELEHFCEPFFFACACACACACACABM[00][00] [00][01]À[0C][00] [00][01][00][04]

------------------- Rx Data ---------------Rx_next_packet: 750
Rx_packet_length: 92
Rx_pkt_count: 85
ÿÿÿÿÿÿ,`[0C]È»¶[08][00]E[00][00]N$S[00][00]€[11]YëÀ¨[1D][11]À¨[1D]ÿ[00]‰[00]‰[00]:'é˜¡[01][10][00][01][00][00][00][00][00][00] FHEPFCELEHFCEPFFFACACACACACACABM[00][00] [00][01]À[0C][00] [00][01][00][04]

------------------- Rx Data ---------------Rx_next_packet: 820
Rx_packet_length: 60
Rx_pkt_count: 85
ÿÿÿÿÿÿ,`[0C]È»¶[08][06][00][01][08][00][06][04][00][01],`[0C]È»¶À¨[1D][11][00][00][00][00][00][00]À¨[1D][01][00][00][00][00][00][00][00][00][00][00][00][00][00][00][00][00][00][00]CELEHFCEPFFFACACACACACACABM[00][00] [00][01]À[0C][00] [00][01][00][04]

------------------- Rx Data ---------------Rx_next_packet: 890
Rx_packet_length: 60
Rx_pkt_count: 84
ÿÿÿÿÿÿPF]LÖÐ[08][06][00][01][08][00][06][04][00][01]PF]LÖÐÀ¨[1D][1C][00][00][00][00][00][00]À¨[1D][01][00][00][00][00][00][00][00][00][00][00][00][00][00][00][00][00][00][00]CELEHFCEPFFFACACACACACACABM[00][00] [00][01]À[0C][00] [00][01][00][04]

------------------- Rx Data ---------------Rx_next_packet: 992
Rx_packet_length: 92
Rx_pkt_count: 85
ÿÿÿÿÿÿ,`[0C]È»¶[08][00]E[00][00]N$T[00][00]€[11]YêÀ¨[1D][11]À¨[1D]ÿ[00]‰[00]‰[00]:'é˜¡[01][10][00][01][00][00][00][00][00][00] FHEPFCELEHFCEPFFFACACACACACACABM[00][00] [00][01]À[0C][00] [00][01][00][04]

------------------- Rx Data ---------------Rx_next_packet: 1062
Rx_packet_length: 60
Rx_pkt_count: 85
ÿÿÿÿÿÿ,`[0C]È»¶[08][06][00][01][08][00][06][04][00][01],`[0C]È»¶À¨[1D][11][00][00][00][00][00][00]À¨[1D][01][00][00][00][00][00][00][00][00][00][00][00][00][00][00][00][00][00][00]CELEHFCEPFFFACACACACACACABM[00][00] [00][01]À[0C][00] [00][01][00][04]

------------------- Rx Data ---------------Rx_next_packet: 1132
Rx_packet_length: 60
Rx_pkt_count: 84
ÿÿÿÿÿÿPF]LÖÐ[08][06][00][01][08][00][06][04][00][01]PF]LÖÐÀ¨[1D][1C][00][00][00][00][00][00]À¨[1D][01][00][00][00][00][00][00][00][00][00][00][00][00][00][00][00][00][00][00]CELEHFCEPFFFACACACACACACABM[00][00] [00][01]À[0C][00] [00][01][00][04]

------------------- Rx Data ---------------Rx_next_packet: 1202
Rx_packet_length: 60
Rx_pkt_count: 84
ÿÿÿÿÿÿ,`[0C]È»¶[08][06][00][01][08][00][06][04][00][01],`[0C]È»¶À¨[1D][11][00][00][00][00][00][00]À¨[1D][01][00][00][00][00][00][00][00][00][00][00][00][00][00][00][00][00][00][00]CELEHFCEPFFFACACACACACACABM[00][00] [00][01]À[0C][00] [00][01][00][04]

------------------- Rx Data ---------------Rx_next_packet: 1272
Rx_packet_length: 60
Rx_pkt_count: 84
ÿÿÿÿÿÿPF]LÖÐ[08][06][00][01][08][00][06][04][00][01]PF]LÖÐÀ¨[1D][1C][00][00][00][00][00][00]À¨[1D][01][00][00][00][00][00][00][00][00][00][00][00][00][00][00][00][00][00][00]CELEHFCEPFFFACACACACACACABM[00][00] [00][01]À[0C][00] [00][01][00][04]

------------------- Rx Data ---------------Rx_next_packet: 1342
Rx_packet_length: 60
Rx_pkt_count: 84
ÿÿÿÿÿÿ,`[0C]È»¶[08][06][00][01][08][00][06][04][00][01],`[0C]È»¶À¨[1D][11][00][00][00][00][00][00]À¨[1D][01][00][00][00][00][00][00][00][00][00][00][00][00][00][00][00][00][00][00]CELEHFCEPFFFACACACACACACABM[00][00] [00][01]À[0C][00] [00][01][00][04]

------------------- Rx Data ---------------Rx_next_packet: 1412
Rx_packet_length: 60
Rx_pkt_count: 84
ÿÿÿÿÿÿPF]LÖÐ[08][06][00][01][08][00][06][04][00][01]PF]LÖÐÀ¨[1D][1C][00][00][00][00][00][00]À¨[1D][01][00][00][00][00][00][00][00][00][00][00][00][00][00][00][00][00][00][00]CELEHFCEPFFFACACACACACACABM[00][00] [00][01]À[0C][00] [00][01][00][04]

------------------- Rx Data ---------------Rx_next_packet: 1482
Rx_packet_length: 60
Rx_pkt_count: 85
ÿÿÿÿÿÿ,`[0C]È»¶[08][06][00][01][08][00][06][04][00][01],`[0C]È»¶À¨[1D][11][00][00][00][00][00][00]À¨[1D][01][00][00][00][00][00][00][00][00][00][00][00][00][00][00][00][00][00][00]CELEHFCEPFFFACACACACACACABM[00][00] [00][01]À[0C][00] [00][01][00][04]

------------------- Rx Data ---------------Rx_next_packet: 1552
Rx_packet_length: 60
Rx_pkt_count: 86
ÿÿÿÿÿÿPF]LÖÐ[08][06][00][01][08][00][06][04][00][01]PF]LÖÐÀ¨[1D][1C][00][00][00][00][00][00]À¨[1D][01][00][00][00][00][00][00][00][00][00][00][00][00][00][00][00][00][00][00]CELEHFCEPFFFACACACACACACABM[00][00] [00][01]À[0C][00] [00][01][00][04]

------------------- Rx Data ---------------Rx_next_packet: 1622
Rx_packet_length: 60
Rx_pkt_count: 85
ÿÿÿÿÿÿ,`[0C]È»¶[08][06][00][01][08][00][06][04][00][01],`[0C]È»¶À¨[1D][11][00][00][00][00][00][00]À¨[1D][01][00][00][00][00][00][00][00][00][00][00][00][00][00][00][00][00][00][00]CELEHFCEPFFFACACACACACACABM[00][00] [00][01]À[0C][00] [00][01][00][04]

------------------- Rx Data ---------------Rx_next_packet: 1692
Rx_packet_length: 60
Rx_pkt_count: 86
ÿÿÿÿÿÿPF]LÖÐ[08][06][00][01][08][00][06][04][00][01]PF]LÖÐÀ¨[1D][1C][00][00][00][00][00][00]À¨[1D][01][00][00][00][00][00][00][00][00][00][00][00][00][00][00][00][00][00][00]CELEHFCEPFFFACACACACACACABM[00][00] [00][01]À[0C][00] [00][01][00][04]

------------------- Rx Data ---------------Rx_next_packet: 1762
Rx_packet_length: 60
Rx_pkt_count: 86
ÿÿÿÿÿÿ,`[0C]È»¶[08][06][00][01][08][00][06][04][00][01],`[0C]È»¶À¨[1D][11][00][00][00][00][00][00]À¨[1D][01][00][00][00][00][00][00][00][00][00][00][00][00][00][00][00][00][00][00]CELEHFCEPFFFACACACACACACABM[00][00] [00][01]À[0C][00] [00][01][00][04]

------------------- Rx Data ---------------Rx_next_packet: 1832
Rx_packet_length: 60
Rx_pkt_count: 85
ÿÿÿÿÿÿPF]LÖÐ[08][06][00][01][08][00][06][04][00][01]PF]LÖÐÀ¨[1D][1C][00][00][00][00][00][00]À¨[1D][01][00][00][00][00][00][00][00][00][00][00][00][00][00][00][00][00][00][00]CELEHFCEPFFFACACACACACACABM[00][00] [00][01]À[0C][00] [00][01][00][04]

------------------- Rx Data ---------------Rx_next_packet: 1902
Rx_packet_length: 60
Rx_pkt_count: 86
ÿÿÿÿÿÿ,`[0C]È»¶[08][06][00][01][08][00][06][04][00][01],`[0C]È»¶À¨[1D][11][00][00][00][00][00][00]À¨[1D][01][00][00][00][00][00][00][00][00][00][00][00][00][00][00][00][00][00][00]CELEHFCEPFFFACACACACACACABM[00][00] [00][01]À[0C][00] [00][01][00][04]

------------------- Rx Data ---------------Rx_next_packet: 1972
Rx_packet_length: 60
Rx_pkt_count: 86
ÿÿÿÿÿÿPF]LÖÐ[08][06][00][01][08][00][06][04][00][01]PF]LÖÐÀ¨[1D][1C][00][00][00][00][00][00]À¨[1D][01][00][00][00][00][00][00][00][00][00][00][00][00][00][00][00][00][00][00]CELEHFCEPFFFACACACACACACABM[00][00] [00][01]À[0C][00] [00][01][00][04]

------------------- Rx Data ---------------Rx_next_packet: 2042
Rx_packet_length: 60
Rx_pkt_count: 87
ÿÿÿÿÿÿ,`[0C]È»¶[08][06][00][01][08][00][06][04][00][01],`[0C]È»¶À¨[1D][11][00][00][00][00][00][00]À¨[1D][01][00][00][00][00][00][00][00][00][00][00][00][00][00][00][00][00][00][00]CELEHFCEPFFFACACACACACACABM[00][00] [00][01]À[0C][00] [00][01][00][04]

------------------- Rx Data ---------------Rx_next_packet: 2112
Rx_packet_length: 60
Rx_pkt_count: 87
ÿÿÿÿÿÿPF]LÖÐ[08][06][00][01][08][00][06][04][00][01]PF]LÖÐÀ¨[1D][1C][00][00][00][00][00][00]À¨[1D][01][00][00][00][00][00][00][00][00][00][00][00][00][00][00][00][00][00][00]CELEHFCEPFFFACACACACACACABM[00][00] [00][01]À[0C][00] [00][01][00][04]

------------------- Rx Data ---------------Rx_next_packet: 2182
Rx_packet_length: 60
Rx_pkt_count: 86
ÿÿÿÿÿÿ,`[0C]È»¶[08][06][00][01][08][00][06][04][00][01],`[0C]È»¶À¨[1D][11][00][00][00][00][00][00]À¨[1D][01][00][00][00][00][00][00][00][00][00][00][00][00][00][00][00][00][00][00]CELEHFCEPFFFACACACACACACABM[00][00] [00][01]À[0C][00] [00][01][00][04]

------------------- Rx Data ---------------Rx_next_packet: 2252
Rx_packet_length: 60
Rx_pkt_count: 87
ÿÿÿÿÿÿPF]LÖÐ[08][06][00][01][08][00][06][04][00][01]PF]LÖÐÀ¨[1D][1C][00][00][00][00][00][00]À¨[1D][01][00][00][00][00][00][00][00][00][00][00][00][00][00][00][00][00][00][00]CELEHFCEPFFFACACACACACACABM[00][00] [00][01]À[0C][00] [00][01][00][04]

------------------- Rx Data ---------------Rx_next_packet: 2322
Rx_packet_length: 60
Rx_pkt_count: 86
ÿÿÿÿÿÿ,`[0C]È»¶[08][06][00][01][08][00][06][04][00][01],`[0C]È»¶À¨[1D][11][00][00][00][00][00][00]À¨[1D][01][00][00][00][00][00][00][00][00][00][00][00][00][00][00][00][00][00][00]CELEHFCEPFFFACACACACACACABM[00][00] [00][01]À[0C][00] [00][01][00][04]

------------------- Rx Data ---------------Rx_next_packet: 2392
Rx_packet_length: 60
Rx_pkt_count: 87
ÿÿÿÿÿÿ,`[0C]È»¶[08][06][00][01][08][00][06][04][00][01],`[0C]È»¶À¨[1D][11][00][00][00][00][00][00]À¨[1D][01][00][00][00][00][00][00][00][00][00][00][00][00][00][00][00][00][00][00]CELEHFCEPFFFACACACACACACABM[00][00] [00][01]À[0C][00] [00][01][00][04]

------------------- Rx Data ---------------Rx_next_packet: 2462
Rx_packet_length: 60
Rx_pkt_count: 87
ÿÿÿÿÿÿ,`[0C]È»¶[08][06][00][01][08][00][06][04][00][01],`[0C]È»¶À¨[1D][11][00][00][00][00][00][00]À¨[1D][01][00][00][00][00][00][00][00][00][00][00][00][00][00][00][00][00][00][00]CELEHFCEPFFFACACACACACACABM[00][00] [00][01]À[0C][00] [00][01][00][04]

------------------- Rx Data ---------------Rx_next_packet: 2532
Rx_packet_length: 60
Rx_pkt_count: 87
ÿÿÿÿÿÿ,`[0C]È»¶[08][06][00][01][08][00][06][04][00][01],`[0C]È»¶À¨[1D][11][00][00][00][00][00][00]À¨[1D][01][00][00][00][00][00][00][00][00][00][00][00][00][00][00][00][00][00][00]CELEHFCEPFFFACACACACACACABM[00][00] [00][01]À[0C][00] [00][01][00][04]

------------------- Rx Data ---------------Rx_next_packet: 2602
Rx_packet_length: 60
Rx_pkt_count: 87
ÿÿÿÿÿÿPF]LÖÐ[08][06][00][01][08][00][06][04][00][01]PF]LÖÐÀ¨[1D][1C][00][00][00][00][00][00]À¨[1D][01][00][00][00][00][00][00][00][00][00][00][00][00][00][00][00][00][00][00]CELEHFCEPFFFACACACACACACABM[00][00] [00][01]À[0C][00] [00][01][00][04]

------------------- Rx Data ---------------Rx_next_packet: 2672
Rx_packet_length: 60
Rx_pkt_count: 87
ÿÿÿÿÿÿ,`[0C]È»¶[08][06][00][01][08][00][06][04][00][01],`[0C]È»¶À¨[1D][11][00][00][00][00][00][00]À¨[1D][01][00][00][00][00][00][00][00][00][00][00][00][00][00][00][00][00][00][00]CELEHFCEPFFFACACACACACACABM[00][00] [00][01]À[0C][00] [00][01][00][04]

------------------- Rx Data ---------------Rx_next_packet: 2742
Rx_packet_length: 60
Rx_pkt_count: 88
ÿÿÿÿÿÿPF]LÖÐ[08][06][00][01][08][00][06][04][00][01]PF]LÖÐÀ¨[1D][1C][00][00][00][00][00][00]À¨[1D][01][00][00][00][00][00][00][00][00][00][00][00][00][00][00][00][00][00][00]CELEHFCEPFFFACACACACACACABM[00][00] [00][01]À[0C][00] [00][01][00][04]

------------------- Rx Data ---------------Rx_next_packet: 2812
Rx_packet_length: 60
Rx_pkt_count: 87
ÿÿÿÿÿÿ,`[0C]È»¶[08][06][00][01][08][00][06][04][00][01],`[0C]È»¶À¨[1D][11][00][00][00][00][00][00]À¨[1D][01][00][00][00][00][00][00][00][00][00][00][00][00][00][00][00][00][00][00]CELEHFCEPFFFACACACACACACABM[00][00] [00][01]À[0C][00] [00][01][00][04]

------------------- Rx Data ---------------Rx_next_packet: 2882
Rx_packet_length: 60
Rx_pkt_count: 88
ÿÿÿÿÿÿPF]LÖÐ[08][06][00][01][08][00][06][04][00][01]PF]LÖÐÀ¨[1D][1C][00][00][00][00][00][00]À¨[1D][01][00][00][00][00][00][00][00][00][00][00][00][00][00][00][00][00][00][00]CELEHFCEPFFFACACACACACACABM[00][00] [00][01]À[0C][00] [00][01][00][04]

------------------- Rx Data ---------------Rx_next_packet: 2952
Rx_packet_length: 60
Rx_pkt_count: 87
ÿÿÿÿÿÿ,`[0C]È»¶[08][06][00][01][08][00][06][04][00][01],`[0C]È»¶À¨[1D][11][00][00][00][00][00][00]À¨[1D][01][00][00][00][00][00][00][00][00][00][00][00][00][00][00][00][00][00][00]CELEHFCEPFFFACACACACACACABM[00][00] [00][01]À[0C][00] [00][01][00][04]

------------------- Rx Data ---------------Rx_next_packet: 3022
Rx_packet_length: 60
Rx_pkt_count: 87
ÿÿÿÿÿÿPF]LÖÐ[08][06][00][01][08][00][06][04][00][01]PF]LÖÐÀ¨[1D][1C][00][00][00][00][00][00]À¨[1D][01][00][00][00][00][00][00][00][00][00][00][00][00][00][00][00][00][00][00]CELEHFCEPFFFACACACACACACABM[00][00] [00][01]À[0C][00] [00][01][00][04]

------------------- Rx Data ---------------Rx_next_packet: 3092
Rx_packet_length: 60
Rx_pkt_count: 86
ÿÿÿÿÿÿ,`[0C]È»¶[08][06][00][01][08][00][06][04][00][01],`[0C]È»¶À¨[1D][11][00][00][00][00][00][00]À¨[1D][01][00][00][00][00][00][00][00][00][00][00][00][00][00][00][00][00][00][00]CELEHFCEPFFFACACACACACACABM[00][00] [00][01]À[0C][00] [00][01][00][04]

------------------- Rx Data ---------------Rx_next_packet: 3162
Rx_packet_length: 60
Rx_pkt_count: 86
ÿÿÿÿÿÿPF]LÖÐ[08][06][00][01][08][00][06][04][00][01]PF]LÖÐÀ¨[1D][1C][00][00][00][00][00][00]À¨[1D][01][00][00][00][00][00][00][00][00][00][00][00][00][00][00][00][00][00][00]CELEHFCEPFFFACACACACACACABM[00][00] [00][01]À[0C][00] [00][01][00][04]

------------------- Rx Data ---------------Rx_next_packet: 3232
Rx_packet_length: 60
Rx_pkt_count: 86
ÿÿÿÿÿÿ,`[0C]È»¶[08][06][00][01][08][00][06][04][00][01],`[0C]È»¶À¨[1D][11][00][00][00][00][00][00]À¨[1D][01][00][00][00][00][00][00][00][00][00][00][00][00][00][00][00][00][00][00]CELEHFCEPFFFACACACACACACABM[00][00] [00][01]À[0C][00] [00][01][00][04]

------------------- Rx Data ---------------Rx_next_packet: 3302
Rx_packet_length: 60
Rx_pkt_count: 86
ÿÿÿÿÿÿPF]LÖÐ[08][06][00][01][08][00][06][04][00][01]PF]LÖÐÀ¨[1D][1C][00][00][00][00][00][00]À¨[1D][01][00][00][00][00][00][00][00][00][00][00][00][00][00][00][00][00][00][00]CELEHFCEPFFFACACACACACACABM[00][00] [00][01]À[0C][00] [00][01][00][04]

------------------- Rx Data ---------------Rx_next_packet: 3372
Rx_packet_length: 60
Rx_pkt_count: 87
ÿÿÿÿÿÿ,`[0C]È»¶[08][06][00][01][08][00][06][04][00][01],`[0C]È»¶À¨[1D][11][00][00][00][00][00][00]À¨[1D][01][00][00][00][00][00][00][00][00][00][00][00][00][00][00][00][00][00][00]CELEHFCEPFFFACACACACACACABM[00][00] [00][01]À[0C][00] [00][01][00][04]

------------------- Rx Data ---------------Rx_next_packet: 3442
Rx_packet_length: 60
Rx_pkt_count: 86
ÿÿÿÿÿÿ,`[0C]È»¶[08][06][00][01][08][00][06][04][00][01],`[0C]È»¶À¨[1D][11][00][00][00][00][00][00]À¨[1D][01][00][00][00][00][00][00][00][00][00][00][00][00][00][00][00][00][00][00]CELEHFCEPFFFACACACACACACABM[00][00] [00][01]À[0C][00] [00][01][00][04]

------------------- Rx Data ---------------Rx_next_packet: 3512
Rx_packet_length: 60
Rx_pkt_count: 87
ÿÿÿÿÿÿPF]LÖÐ[08][06][00][01][08][00][06][04][00][01]PF]LÖÐÀ¨[1D][1C][00][00][00][00][00][00]À¨[1D][01][00][00][00][00][00][00][00][00][00][00][00][00][00][00][00][00][00][00]CELEHFCEPFFFACACACACACACABM[00][00] [00][01]À[0C][00] [00][01][00][04]

------------------- Rx Data ---------------Rx_next_packet: 3582
Rx_packet_length: 60
Rx_pkt_count: 87
ÿÿÿÿÿÿPF]LÖÐ[08][06][00][01][08][00][06][04][00][01]PF]LÖÐÀ¨[1D][1C][00][00][00][00][00][00]À¨[1D][01][00][00][00][00][00][00][00][00][00][00][00][00][00][00][00][00][00][00]CELEHFCEPFFFACACACACACACABM[00][00] [00][01]À[0C][00] [00][01][00][04]

------------------- Rx Data ---------------Rx_next_packet: 3652
Rx_packet_length: 60
Rx_pkt_count: 86
ÿÿÿÿÿÿPF]LÖÐ[08][06][00][01][08][00][06][04][00][01]PF]LÖÐÀ¨[1D][1C][00][00][00][00][00][00]À¨[1D][01][00][00][00][00][00][00][00][00][00][00][00][00][00][00][00][00][00][00]CELEHFCEPFFFACACACACACACABM[00][00] [00][01]À[0C][00] [00][01][00][04]

------------------- Rx Data ---------------Rx_next_packet: 3722
Rx_packet_length: 60
Rx_pkt_count: 86
ÿÿÿÿÿÿPF]LÖÐ[08][06][00][01][08][00][06][04][00][01]PF]LÖÐÀ¨[1D][1C][00][00][00][00][00][00]À¨[1D][01][00][00][00][00][00][00][00][00][00][00][00][00][00][00][00][00][00][00]CELEHFCEPFFFACACACACACACABM[00][00] [00][01]À[0C][00] [00][01][00][04]

------------------- Rx Data ---------------Rx_next_packet: 3792
Rx_packet_length: 60
Rx_pkt_count: 85
ÿÿÿÿÿÿ,`[0C]È»¶[08][06][00][01][08][00][06][04][00][01],`[0C]È»¶À¨[1D][11][00][00][00][00][00][00]À¨[1D][01][00][00][00][00][00][00][00][00][00][00][00][00][00][00][00][00][00][00]CELEHFCEPFFFACACACACACACABM[00][00] [00][01]À[0C][00] [00][01][00][04]

------------------- Rx Data ---------------Rx_next_packet: 3862
Rx_packet_length: 60
Rx_pkt_count: 85
ÿÿÿÿÿÿPF]LÖÐ[08][06][00][01][08][00][06][04][00][01]PF]LÖÐÀ¨[1D][1C][00][00][00][00][00][00]À¨[1D][01][00][00][00][00][00][00][00][00][00][00][00][00][00][00][00][00][00][00]CELEHFCEPFFFACACACACACACABM[00][00] [00][01]À[0C][00] [00][01][00][04]

------------------- Rx Data ---------------Rx_next_packet: 3932
Rx_packet_length: 60
Rx_pkt_count: 85
ÿÿÿÿÿÿ,`[0C]È»¶[08][06][00][01][08][00][06][04][00][01],`[0C]È»¶À¨[1D][11][00][00][00][00][00][00]À¨[1D][01][00][00][00][00][00][00][00][00][00][00][00][00][00][00][00][00][00][00]CELEHFCEPFFFACACACACACACABM[00][00] [00][01]À[0C][00] [00][01][00][04]

------------------- Rx Data ---------------Rx_next_packet: 4002
Rx_packet_length: 60
Rx_pkt_count: 84
ÿÿÿÿÿÿPF]LÖÐ[08][06][00][01][08][00][06][04][00][01]PF]LÖÐÀ¨[1D][1C][00][00][00][00][00][00]À¨[1D][01][00][00][00][00][00][00][00][00][00][00][00][00][00][00][00][00][00][00]CELEHFCEPFFFACACACACACACABM[00][00] [00][01]À[0C][00] [00][01][00][04]

------------------- Rx Data ---------------Rx_next_packet: 4072
Rx_packet_length: 60
Rx_pkt_count: 84
ÿÿÿÿÿÿ,`[0C]È»¶[08][06][00][01][08][00][06][04][00][01],`[0C]È»¶À¨[1D][11][00][00][00][00][00][00]À¨[1D][01][00][00][00][00][00][00][00][00][00][00][00][00][00][00][00][00][00][00]CELEHFCEPFFFACACACACACACABM[00][00] [00][01]À[0C][00] [00][01][00][04]

------------------- Rx Data ---------------Rx_next_packet: 4142
Rx_packet_length: 60
Rx_pkt_count: 83
ÿÿÿÿÿÿPF]LÖÐ[08][06][00][01][08][00][06][04][00][01]PF]LÖÐÀ¨[1D][1C][00][00][00][00][00][00]À¨[1D][01][00][00][00][00][00][00][00][00][00][00][00][00][00][00][00][00][00][00]CELEHFCEPFFFACACACACACACABM[00][00] [00][01]À[0C][00] [00][01][00][04]

------------------- Rx Data ---------------Rx_next_packet: 4212
Rx_packet_length: 60
Rx_pkt_count: 83
ÿÿÿÿÿÿ,`[0C]È»¶[08][06][00][01][08][00][06][04][00][01],`[0C]È»¶À¨[1D][11][00][00][00][00][00][00]À¨[1D][01][00][00][00][00][00][00][00][00][00][00][00][00][00][00][00][00][00][00]CELEHFCEPFFFACACACACACACABM[00][00] [00][01]À[0C][00] [00][01][00][04]

------------------- Rx Data ---------------Rx_next_packet: 4282
Rx_packet_length: 60
Rx_pkt_count: 82
ÿÿÿÿÿÿPF]LÖÐ[08][06][00][01][08][00][06][04][00][01]PF]LÖÐÀ¨[1D][1C][00][00][00][00][00][00]À¨[1D][01][00][00][00][00][00][00][00][00][00][00][00][00][00][00][00][00][00][00]CELEHFCEPFFFACACACACACACABM[00][00] [00][01]À[0C][00] [00][01][00][04]

------------------- Rx Data ---------------Rx_next_packet: 4352
Rx_packet_length: 60
Rx_pkt_count: 82
ÿÿÿÿÿÿ,`[0C]È»¶[08][06][00][01][08][00][06][04][00][01],`[0C]È»¶À¨[1D][11][00][00][00][00][00][00]À¨[1D][01][00][00][00][00][00][00][00][00][00][00][00][00][00][00][00][00][00][00]CELEHFCEPFFFACACACACACACABM[00][00] [00][01]À[0C][00] [00][01][00][04]

------------------- Rx Data ---------------Rx_next_packet: 4422
Rx_packet_length: 60
Rx_pkt_count: 82
ÿÿÿÿÿÿPF]LÖÐ[08][06][00][01][08][00][06][04][00][01]PF]LÖÐÀ¨[1D][1C][00][00][00][00][00][00]À¨[1D][01][00][00][00][00][00][00][00][00][00][00][00][00][00][00][00][00][00][00]CELEHFCEPFFFACACACACACACABM[00][00] [00][01]À[0C][00] [00][01][00][04]

------------------- Rx Data ---------------Rx_next_packet: 4492
Rx_packet_length: 60
Rx_pkt_count: 81
ÿÿÿÿÿÿ,`[0C]È»¶[08][06][00][01][08][00][06][04][00][01],`[0C]È»¶À¨[1D][11][00][00][00][00][00][00]À¨[1D][01][00][00][00][00][00][00][00][00][00][00][00][00][00][00][00][00][00][00]CELEHFCEPFFFACACACACACACABM[00][00] [00][01]À[0C][00] [00][01][00][04]

------------------- Rx Data ---------------Rx_next_packet: 4562
Rx_packet_length: 60
Rx_pkt_count: 80
ÿÿÿÿÿÿPF]LÖÐ[08][06][00][01][08][00][06][04][00][01]PF]LÖÐÀ¨[1D][1C][00][00][00][00][00][00]À¨[1D][01][00][00][00][00][00][00][00][00][00][00][00][00][00][00][00][00][00][00]CELEHFCEPFFFACACACACACACABM[00][00] [00][01]À[0C][00] [00][01][00][04]

------------------- Rx Data ---------------Rx_next_packet: 4632
Rx_packet_length: 60
Rx_pkt_count: 80
ÿÿÿÿÿÿ,`[0C]È»¶[08][06][00][01][08][00][06][04][00][01],`[0C]È»¶À¨[1D][11][00][00][00][00][00][00]À¨[1D][01][00][00][00][00][00][00][00][00][00][00][00][00][00][00][00][00][00][00]CELEHFCEPFFFACACACACACACABM[00][00] [00][01]À[0C][00] [00][01][00][04]

------------------- Rx Data ---------------Rx_next_packet: 4702
Rx_packet_length: 60
Rx_pkt_count: 80
ÿÿÿÿÿÿPF]LÖÐ[08][06][00][01][08][00][06][04][00][01]PF]LÖÐÀ¨[1D][1C][00][00][00][00][00][00]À¨[1D][01][00][00][00][00][00][00][00][00][00][00][00][00][00][00][00][00][00][00]CELEHFCEPFFFACACACACACACABM[00][00] [00][01]À[0C][00] [00][01][00][04]

------------------- Rx Data ---------------Rx_next_packet: 4772
Rx_packet_length: 60
Rx_pkt_count: 79
ÿÿÿÿÿÿ,`[0C]È»¶[08][06][00][01][08][00][06][04][00][01],`[0C]È»¶À¨[1D][11][00][00][00][00][00][00]À¨[1D][01][00][00][00][00][00][00][00][00][00][00][00][00][00][00][00][00][00][00]CELEHFCEPFFFACACACACACACABM[00][00] [00][01]À[0C][00] [00][01][00][04]

------------------- Rx Data ---------------Rx_next_packet: 4842
Rx_packet_length: 60
Rx_pkt_count: 79
ÿÿÿÿÿÿPF]LÖÐ[08][06][00][01][08][00][06][04][00][01]PF]LÖÐÀ¨[1D][1C][00][00][00][00][00][00]À¨[1D][01][00][00][00][00][00][00][00][00][00][00][00][00][00][00][00][00][00][00]CELEHFCEPFFFACACACACACACABM[00][00] [00][01]À[0C][00] [00][01][00][04]

------------------- Rx Data ---------------Rx_next_packet: 4912
Rx_packet_length: 60
Rx_pkt_count: 79
ÿÿÿÿÿÿ,`[0C]È»¶[08][06][00][01][08][00][06][04][00][01],`[0C]È»¶À¨[1D][11][00][00][00][00][00][00]À¨[1D][01][00][00][00][00][00][00][00][00][00][00][00][00][00][00][00][00][00][00]CELEHFCEPFFFACACACACACACABM[00][00] [00][01]À[0C][00] [00][01][00][04]

------------------- Rx Data ---------------Rx_next_packet: 4982
Rx_packet_length: 60
Rx_pkt_count: 78
ÿÿÿÿÿÿPF]LÖÐ[08][06][00][01][08][00][06][04][00][01]PF]LÖÐÀ¨[1D][1C][00][00][00][00][00][00]À¨[1D][01][00][00][00][00][00][00][00][00][00][00][00][00][00][00][00][00][00][00]CELEHFCEPFFFACACACACACACABM[00][00] [00][01]À[0C][00] [00][01][00][04]

------------------- Rx Data ---------------Rx_next_packet: 5052
Rx_packet_length: 60
Rx_pkt_count: 78
ÿÿÿÿÿÿ,`[0C]È»¶[08][06][00][01][08][00][06][04][00][01],`[0C]È»¶À¨[1D][11][00][00][00][00][00][00]À¨[1D][01][00][00][00][00][00][00][00][00][00][00][00][00][00][00][00][00][00][00]CELEHFCEPFFFACACACACACACABM[00][00] [00][01]À[0C][00] [00][01][00][04]

------------------- Rx Data ---------------Rx_next_packet: 5122
Rx_packet_length: 60
Rx_pkt_count: 78
ÿÿÿÿÿÿPF]LÖÐ[08][06][00][01][08][00][06][04][00][01]PF]LÖÐÀ¨[1D][1C][00][00][00][00][00][00]À¨[1D][01][00][00][00][00][00][00][00][00][00][00][00][00][00][00][00][00][00][00]CELEHFCEPFFFACACACACACACABM[00][00] [00][01]À[0C][00] [00][01][00][04]

------------------- Rx Data ---------------Rx_next_packet: 5192
Rx_packet_length: 60
Rx_pkt_count: 79
ÿÿÿÿÿÿ,`[0C]È»¶[08][06][00][01][08][00][06][04][00][01],`[0C]È»¶À¨[1D][11][00][00][00][00][00][00]À¨[1D][01][00][00][00][00][00][00][00][00][00][00][00][00][00][00][00][00][00][00]CELEHFCEPFFFACACACACACACABM[00][00] [00][01]À[0C][00] [00][01][00][04]

------------------- Rx Data ---------------Rx_next_packet: 5262
Rx_packet_length: 60
Rx_pkt_count: 78
ÿÿÿÿÿÿPF]LÖÐ[08][06][00][01][08][00][06][04][00][01]PF]LÖÐÀ¨[1D][1C][00][00][00][00][00][00]À¨[1D][01][00][00][00][00][00][00][00][00][00][00][00][00][00][00][00][00][00][00]CELEHFCEPFFFACACACACACACABM[00][00] [00][01]À[0C][00] [00][01][00][04]

------------------- Rx Data ---------------Rx_next_packet: 5332
Rx_packet_length: 60
Rx_pkt_count: 79
ÿÿÿÿÿÿ,`[0C]È»¶[08][06][00][01][08][00][06][04][00][01],`[0C]È»¶À¨[1D][11][00][00][00][00][00][00]À¨[1D][01][00][00][00][00][00][00][00][00][00][00][00][00][00][00][00][00][00][00]CELEHFCEPFFFACACACACACACABM[00][00] [00][01]À[0C][00] [00][01][00][04]

------------------- Rx Data ---------------Rx_next_packet: 5402
Rx_packet_length: 60
Rx_pkt_count: 79
ÿÿÿÿÿÿPF]LÖÐ[08][06][00][01][08][00][06][04][00][01]PF]LÖÐÀ¨[1D][1C][00][00][00][00][00][00]À¨[1D][01][00][00][00][00][00][00][00][00][00][00][00][00][00][00][00][00][00][00]CELEHFCEPFFFACACACACACACABM[00][00] [00][01]À[0C][00] [00][01][00][04]

------------------- Rx Data ---------------Rx_next_packet: 5504
Rx_packet_length: 92
Rx_pkt_count: 78
ÿÿÿÿÿÿ,`[0C]È»¶[08][00]E[00][00]N$U[00][00]€[11]YéÀ¨[1D][11]À¨[1D]ÿ[00]‰[00]‰[00]:'ç˜£[01][10][00][01][00][00][00][00][00][00] FHEPFCELEHFCEPFFFACACACACACACABM[00][00] [00][01]À[0C][00] [00][01][00][04]

------------------- Rx Data ---------------Rx_next_packet: 5574
Rx_packet_length: 60
Rx_pkt_count: 78
ÿÿÿÿÿÿ,`[0C]È»¶[08][06][00][01][08][00][06][04][00][01],`[0C]È»¶À¨[1D][11][00][00][00][00][00][00]À¨[1D][01][00][00][00][00][00][00][00][00][00][00][00][00][00][00][00][00][00][00]CELEHFCEPFFFACACACACACACABM[00][00] [00][01]À[0C][00] [00][01][00][04]

------------------- Rx Data ---------------Rx_next_packet: 5676
Rx_packet_length: 92
Rx_pkt_count: 77
ÿÿÿÿÿÿ,`[0C]È»¶[08][00]E[00][00]N$V[00][00]€[11]YèÀ¨[1D][11]À¨[1D]ÿ[00]‰[00]‰[00]:'ç˜£[01][10][00][01][00][00][00][00][00][00] FHEPFCELEHFCEPFFFACACACACACACABM[00][00] [00][01]À[0C][00] [00][01][00][04]

------------------- Rx Data ---------------Rx_next_packet: 5746
Rx_packet_length: 60
Rx_pkt_count: 76
ÿÿÿÿÿÿPF]LÖÐ[08][06][00][01][08][00][06][04][00][01]PF]LÖÐÀ¨[1D][1C][00][00][00][00][00][00]À¨[1D][01][00][00][00][00][00][00][00][00][00][00][00][00][00][00][00][00][00][00]CELEHFCEPFFFACACACACACACABM[00][00] [00][01]À[0C][00] [00][01][00][04]

------------------- Rx Data ---------------Rx_next_packet: 5816
Rx_packet_length: 60
Rx_pkt_count: 76
ÿÿÿÿÿÿ,`[0C]È»¶[08][06][00][01][08][00][06][04][00][01],`[0C]È»¶À¨[1D][11][00][00][00][00][00][00]À¨[1D][01][00][00][00][00][00][00][00][00][00][00][00][00][00][00][00][00][00][00]CELEHFCEPFFFACACACACACACABM[00][00] [00][01]À[0C][00] [00][01][00][04]

------------------- Rx Data ---------------Rx_next_packet: 5918
Rx_packet_length: 92
Rx_pkt_count: 76
ÿÿÿÿÿÿ,`[0C]È»¶[08][00]E[00][00]N$W[00][00]€[11]YçÀ¨[1D][11]À¨[1D]ÿ[00]‰[00]‰[00]:'ç˜£[01][10][00][01][00][00][00][00][00][00] FHEPFCELEHFCEPFFFACACACACACACABM[00][00] [00][01]À[0C][00] [00][01][00][04]

------------------- Rx Data ---------------Rx_next_packet: 5988
Rx_packet_length: 60
Rx_pkt_count: 75
ÿÿÿÿÿÿPF]LÖÐ[08][06][00][01][08][00][06][04][00][01]PF]LÖÐÀ¨[1D][1C][00][00][00][00][00][00]À¨[1D][01][00][00][00][00][00][00][00][00][00][00][00][00][00][00][00][00][00][00]CELEHFCEPFFFACACACACACACABM[00][00] [00][01]À[0C][00] [00][01][00][04]

------------------- Rx Data ---------------Rx_next_packet: 6058
Rx_packet_length: 60
Rx_pkt_count: 75
ÿÿÿÿÿÿPF]LÖÐ[08][06][00][01][08][00][06][04][00][01]PF]LÖÐÀ¨[1D][1C][00][00][00][00][00][00]À¨[1D][01][00][00][00][00][00][00][00][00][00][00][00][00][00][00][00][00][00][00]CELEHFCEPFFFACACACACACACABM[00][00] [00][01]À[0C][00] [00][01][00][04]

------------------- Rx Data ---------------Rx_next_packet: 6128
Rx_packet_length: 60
Rx_pkt_count: 74
ÿÿÿÿÿÿ,`[0C]È»¶[08][06][00][01][08][00][06][04][00][01],`[0C]È»¶À¨[1D][11][00][00][00][00][00][00]À¨[1D][01][00][00][00][00][00][00][00][00][00][00][00][00][00][00][00][00][00][00]CELEHFCEPFFFACACACACACACABM[00][00] [00][01]À[0C][00] [00][01][00][04]

------------------- Rx Data ---------------Rx_next_packet: 6198
Rx_packet_length: 60
Rx_pkt_count: 74
ÿÿÿÿÿÿ,`[0C]È»¶[08][06][00][01][08][00][06][04][00][01],`[0C]È»¶À¨[1D][11][00][00][00][00][00][00]À¨[1D][01][00][00][00][00][00][00][00][00][00][00][00][00][00][00][00][00][00][00]CELEHFCEPFFFACACACACACACABM[00][00] [00][01]À[0C][00] [00][01][00][04]

------------------- Rx Data ---------------Rx_next_packet: 6268
Rx_packet_length: 60
Rx_pkt_count: 74
ÿÿÿÿÿÿPF]LÖÐ[08][06][00][01][08][00][06][04][00][01]PF]LÖÐÀ¨[1D][1C][00][00][00][00][00][00]À¨[1D][01][00][00][00][00][00][00][00][00][00][00][00][00][00][00][00][00][00][00]CELEHFCEPFFFACACACACACACABM[00][00] [00][01]À[0C][00] [00][01][00][04]

------------------- Rx Data ---------------Rx_next_packet: 6338
Rx_packet_length: 60
Rx_pkt_count: 73
ÿÿÿÿÿÿ,`[0C]È»¶[08][06][00][01][08][00][06][04][00][01],`[0C]È»¶À¨[1D][11][00][00][00][00][00][00]À¨[1D][01][00][00][00][00][00][00][00][00][00][00][00][00][00][00][00][00][00][00]CELEHFCEPFFFACACACACACACABM[00][00] [00][01]À[0C][00] [00][01][00][04]

------------------- Rx Data ---------------Rx_next_packet: 6408
Rx_packet_length: 60
Rx_pkt_count: 73
ÿÿÿÿÿÿPF]LÖÐ[08][06][00][01][08][00][06][04][00][01]PF]LÖÐÀ¨[1D][1C][00][00][00][00][00][00]À¨[1D][01][00][00][00][00][00][00][00][00][00][00][00][00][00][00][00][00][00][00]CELEHFCEPFFFACACACACACACABM[00][00] [00][01]À[0C][00] [00][01][00][04]

------------------- Rx Data ---------------Rx_next_packet: 6478
Rx_packet_length: 60
Rx_pkt_count: 72
ÿÿÿÿÿÿ,`[0C]È»¶[08][06][00][01][08][00][06][04][00][01],`[0C]È»¶À¨[1D][11][00][00][00][00][00][00]À¨[1D][01][00][00][00][00][00][00][00][00][00][00][00][00][00][00][00][00][00][00]CELEHFCEPFFFACACACACACACABM[00][00] [00][01]À[0C][00] [00][01][00][04]

------------------- Rx Data ---------------Rx_next_packet: 6548
Rx_packet_length: 60
Rx_pkt_count: 72
ÿÿÿÿÿÿPF]LÖÐ[08][06][00][01][08][00][06][04][00][01]PF]LÖÐÀ¨[1D][1C][00][00][00][00][00][00]À¨[1D][01][00][00][00][00][00][00][00][00][00][00][00][00][00][00][00][00][00][00]CELEHFCEPFFFACACACACACACABM[00][00] [00][01]À[0C][00] [00][01][00][04]

------------------- Rx Data ---------------Rx_next_packet: 6618
Rx_packet_length: 60
Rx_pkt_count: 71
ÿÿÿÿÿÿPF]LÖÐ[08][06][00][01][08][00][06][04][00][01]PF]LÖÐÀ¨[1D][1C][00][00][00][00][00][00]À¨[1D][01][00][00][00][00][00][00][00][00][00][00][00][00][00][00][00][00][00][00]CELEHFCEPFFFACACACACACACABM[00][00] [00][01]À[0C][00] [00][01][00][04]

------------------- Rx Data ---------------Rx_next_packet: 34
Rx_packet_length: 60
Rx_pkt_count: 72
ÿÿÿÿÿÿPF]LÖÐ[08][06][00][01][08][00][06][04][00][01]PF]LÖÐÀ¨[1D][1C][00][00][00][00][00][00]À¨[1D][01][00][00][00][00][00][00][00][00][00][00][00][00][00][00][00][00][00][00]CELEHFCEPFFFACACACACACACABM[00][00] [00][01]À[0C][00] [00][01][00][04]

------------------- Rx Data ---------------Rx_next_packet: 104
Rx_packet_length: 60
Rx_pkt_count: 73
ÿÿÿÿÿÿPF]LÖÐ[08][06][00][01][08][00][06][04][00][01]PF]LÖÐÀ¨[1D][1C][00][00][00][00][00][00]À¨[1D][01][00][00][00][00][00][00][00][00][00][00][00][00][00][00][00][00][00][00]CELEHFCEPFFFACACACACACACABM[00][00] [00][01]À[0C][00] [00][01][00][04]

------------------- Rx Data ---------------Rx_next_packet: 174
Rx_packet_length: 60
Rx_pkt_count: 72
ÿÿÿÿÿÿPF]LÖÐ[08][06][00][01][08][00][06][04][00][01]PF]LÖÐÀ¨[1D][1C][00][00][00][00][00][00]À¨[1D][01][00][00][00][00][00][00][00][00][00][00][00][00][00][00][00][00][00][00]CELEHFCEPFFFACACACACACACABM[00][00] [00][01]À[0C][00] [00][01][00][04]

------------------- Rx Data ---------------Rx_next_packet: 244
Rx_packet_length: 60
Rx_pkt_count: 95
ÿÿÿÿÿÿPF]LÖÐ[08][06][00][01][08][00][06][04][00][01]PF]LÖÐÀ¨[1D][1C][00][00][00][00][00][00]À¨[1D][01][00][00][00][00][00][00][00][00][00][00][00][00][00][00][00][00][00][00]CELEHFCEPFFFACACACACACACABM[00][00] [00][01]À[0C][00] [00][01][00][04]

------------------- Rx Data ---------------Rx_next_packet: 314
Rx_packet_length: 60
Rx_pkt_count: 95
ÿÿÿÿÿÿ,`[0C]È»¶[08][06][00][01][08][00][06][04][00][01],`[0C]È»¶À¨[1D][11][00][00][00][00][00][00]À¨[1D][01][00][00][00][00][00][00][00][00][00][00][00][00][00][00][00][00][00][00]CELEHFCEPFFFACACACACACACABM[00][00] [00][01]À[0C][00] [00][01][00][04]

------------------- Rx Data ---------------Rx_next_packet: 384
Rx_packet_length: 60
Rx_pkt_count: 95
ÿÿÿÿÿÿ,`[0C]È»¶[08][06][00][01][08][00][06][04][00][01],`[0C]È»¶À¨[1D][11][00][00][00][00][00][00]À¨[1D][01][00][00][00][00][00][00][00][00][00][00][00][00][00][00][00][00][00][00]CELEHFCEPFFFACACACACACACABM[00][00] [00][01]À[0C][00] [00][01][00][04]

------------------- Rx Data ---------------Rx_next_packet: 454
Rx_packet_length: 60
Rx_pkt_count: 94
ÿÿÿÿÿÿ,`[0C]È»¶[08][06][00][01][08][00][06][04][00][01],`[0C]È»¶À¨[1D][11][00][00][00][00][00][00]À¨[1D][01][00][00][00][00][00][00][00][00][00][00][00][00][00][00][00][00][00][00]CELEHFCEPFFFACACACACACACABM[00][00] [00][01]À[0C][00] [00][01][00][04]

------------------- Rx Data ---------------Rx_next_packet: 524
Rx_packet_length: 60
Rx_pkt_count: 95
ÿÿÿÿÿÿPF]LÖÐ[08][06][00][01][08][00][06][04][00][01]PF]LÖÐÀ¨[1D][1C][00][00][00][00][00][00]À¨[1D][01][00][00][00][00][00][00][00][00][00][00][00][00][00][00][00][00][00][00]CELEHFCEPFFFACACACACACACABM[00][00] [00][01]À[0C][00] [00][01][00][04]

------------------- Rx Data ---------------Rx_next_packet: 594
Rx_packet_length: 60
Rx_pkt_count: 94
ÿÿÿÿÿÿPF]LÖÐ[08][06][00][01][08][00][06][04][00][01]PF]LÖÐÀ¨[1D][1C][00][00][00][00][00][00]À¨[1D][01][00][00][00][00][00][00][00][00][00][00][00][00][00][00][00][00][00][00]CELEHFCEPFFFACACACACACACABM[00][00] [00][01]À[0C][00] [00][01][00][04]

------------------- Rx Data ---------------Rx_next_packet: 664
Rx_packet_length: 60
Rx_pkt_count: 95
ÿÿÿÿÿÿ,`[0C]È»¶[08][06][00][01][08][00][06][04][00][01],`[0C]È»¶À¨[1D][11][00][00][00][00][00][00]À¨[1D][01][00][00][00][00][00][00][00][00][00][00][00][00][00][00][00][00][00][00]CELEHFCEPFFFACACACACACACABM[00][00] [00][01]À[0C][00] [00][01][00][04]

------------------- Rx Data ---------------Rx_next_packet: 734
Rx_packet_length: 60
Rx_pkt_count: 95
ÿÿÿÿÿÿ,`[0C]È»¶[08][06][00][01][08][00][06][04][00][01],`[0C]È»¶À¨[1D][11][00][00][00][00][00][00]À¨[1D][01][00][00][00][00][00][00][00][00][00][00][00][00][00][00][00][00][00][00]CELEHFCEPFFFACACACACACACABM[00][00] [00][01]À[0C][00] [00][01][00][04]

------------------- Rx Data ---------------Rx_next_packet: 804
Rx_packet_length: 60
Rx_pkt_count: 94
ÿÿÿÿÿÿPF]LÖÐ[08][06][00][01][08][00][06][04][00][01]PF]LÖÐÀ¨[1D][1C][00][00][00][00][00][00]À¨[1D][01][00][00][00][00][00][00][00][00][00][00][00][00][00][00][00][00][00][00]CELEHFCEPFFFACACACACACACABM[00][00] [00][01]À[0C][00] [00][01][00][04]

------------------- Rx Data ---------------Rx_next_packet: 874
Rx_packet_length: 60
Rx_pkt_count: 94
ÿÿÿÿÿÿ,`[0C]È»¶[08][06][00][01][08][00][06][04][00][01],`[0C]È»¶À¨[1D][11][00][00][00][00][00][00]À¨[1D][01][00][00][00][00][00][00][00][00][00][00][00][00][00][00][00][00][00][00]CELEHFCEPFFFACACACACACACABM[00][00] [00][01]À[0C][00] [00][01][00][04]

------------------- Rx Data ---------------Rx_next_packet: 944
Rx_packet_length: 60
Rx_pkt_count: 93
ÿÿÿÿÿÿ,`[0C]È»¶[08][06][00][01][08][00][06][04][00][01],`[0C]È»¶À¨[1D][11][00][00][00][00][00][00]À¨[1D][01][00][00][00][00][00][00][00][00][00][00][00][00][00][00][00][00][00][00]CELEHFCEPFFFACACACACACACABM[00][00] [00][01]À[0C][00] [00][01][00][04]

------------------- Rx Data ---------------Rx_next_packet: 1014
Rx_packet_length: 60
Rx_pkt_count: 93
ÿÿÿÿÿÿPF]LÖÐ[08][06][00][01][08][00][06][04][00][01]PF]LÖÐÀ¨[1D][1C][00][00][00][00][00][00]À¨[1D][01][00][00][00][00][00][00][00][00][00][00][00][00][00][00][00][00][00][00]CELEHFCEPFFFACACACACACACABM[00][00] [00][01]À[0C][00] [00][01][00][04]

------------------- Rx Data ---------------Rx_next_packet: 1084
Rx_packet_length: 60
Rx_pkt_count: 92
ÿÿÿÿÿÿ,`[0C]È»¶[08][06][00][01][08][00][06][04][00][01],`[0C]È»¶À¨[1D][11][00][00][00][00][00][00]À¨[1D][01][00][00][00][00][00][00][00][00][00][00][00][00][00][00][00][00][00][00]CELEHFCEPFFFACACACACACACABM[00][00] [00][01]À[0C][00] [00][01][00][04]

------------------- Rx Data ---------------Rx_next_packet: 1154
Rx_packet_length: 60
Rx_pkt_count: 95
ÿÿÿÿÿÿPF]LÖÐ[08][06][00][01][08][00][06][04][00][01]PF]LÖÐÀ¨[1D][1C][00][00][00][00][00][00]À¨[1D][01][00][00][00][00][00][00][00][00][00][00][00][00][00][00][00][00][00][00]CELEHFCEPFFFACACACACACACABM[00][00] [00][01]À[0C][00] [00][01][00][04]

------------------- Rx Data ---------------Rx_next_packet: 1224
Rx_packet_length: 60
Rx_pkt_count: 95
ÿÿÿÿÿÿ,`[0C]È»¶[08][06][00][01][08][00][06][04][00][01],`[0C]È»¶À¨[1D][11][00][00][00][00][00][00]À¨[1D][01][00][00][00][00][00][00][00][00][00][00][00][00][00][00][00][00][00][00]CELEHFCEPFFFACACACACACACABM[00][00] [00][01]À[0C][00] [00][01][00][04]

------------------- Rx Data ---------------Rx_next_packet: 1294
Rx_packet_length: 60
Rx_pkt_count: 94
ÿÿÿÿÿÿPF]LÖÐ[08][06][00][01][08][00][06][04][00][01]PF]LÖÐÀ¨[1D][1C][00][00][00][00][00][00]À¨[1D][01][00][00][00][00][00][00][00][00][00][00][00][00][00][00][00][00][00][00]CELEHFCEPFFFACACACACACACABM[00][00] [00][01]À[0C][00] [00][01][00][04]

------------------- Rx Data ---------------Rx_next_packet: 1364
Rx_packet_length: 60
Rx_pkt_count: 94
ÿÿÿÿÿÿ,`[0C]È»¶[08][06][00][01][08][00][06][04][00][01],`[0C]È»¶À¨[1D][11][00][00][00][00][00][00]À¨[1D][01][00][00][00][00][00][00][00][00][00][00][00][00][00][00][00][00][00][00]CELEHFCEPFFFACACACACACACABM[00][00] [00][01]À[0C][00] [00][01][00][04]

------------------- Rx Data ---------------Rx_next_packet: 1434
Rx_packet_length: 60
Rx_pkt_count: 93
ÿÿÿÿÿÿPF]LÖÐ[08][06][00][01][08][00][06][04][00][01]PF]LÖÐÀ¨[1D][1C][00][00][00][00][00][00]À¨[1D][01][00][00][00][00][00][00][00][00][00][00][00][00][00][00][00][00][00][00]CELEHFCEPFFFACACACACACACABM[00][00] [00][01]À[0C][00] [00][01][00][04]

------------------- Rx Data ---------------Rx_next_packet: 1504
Rx_packet_length: 60
Rx_pkt_count: 93
ÿÿÿÿÿÿ,`[0C]È»¶[08][06][00][01][08][00][06][04][00][01],`[0C]È»¶À¨[1D][11][00][00][00][00][00][00]À¨[1D][01][00][00][00][00][00][00][00][00][00][00][00][00][00][00][00][00][00][00]CELEHFCEPFFFACACACACACACABM[00][00] [00][01]À[0C][00] [00][01][00][04]

------------------- Rx Data ---------------Rx_next_packet: 1574
Rx_packet_length: 60
Rx_pkt_count: 94
ÿÿÿÿÿÿPF]LÖÐ[08][06][00][01][08][00][06][04][00][01]PF]LÖÐÀ¨[1D][1C][00][00][00][00][00][00]À¨[1D][01][00][00][00][00][00][00][00][00][00][00][00][00][00][00][00][00][00][00]CELEHFCEPFFFACACACACACACABM[00][00] [00][01]À[0C][00] [00][01][00][04]

------------------- Rx Data ---------------Rx_next_packet: 1644
Rx_packet_length: 60
Rx_pkt_count: 94
ÿÿÿÿÿÿPF]LÖÐ[08][06][00][01][08][00][06][04][00][01]PF]LÖÐÀ¨[1D][1C][00][00][00][00][00][00]À¨[1D][01][00][00][00][00][00][00][00][00][00][00][00][00][00][00][00][00][00][00]CELEHFCEPFFFACACACACACACABM[00][00] [00][01]À[0C][00] [00][01][00][04]

------------------- Rx Data ---------------Rx_next_packet: 1714
Rx_packet_length: 60
Rx_pkt_count: 94
ÿÿÿÿÿÿ,`[0C]È»¶[08][06][00][01][08][00][06][04][00][01],`[0C]È»¶À¨[1D][11][00][00][00][00][00][00]À¨[1D][01][00][00][00][00][00][00][00][00][00][00][00][00][00][00][00][00][00][00]CELEHFCEPFFFACACACACACACABM[00][00] [00][01]À[0C][00] [00][01][00][04]

------------------- Rx Data ---------------Rx_next_packet: 1784
Rx_packet_length: 60
Rx_pkt_count: 94
ÿÿÿÿÿÿ,`[0C]È»¶[08][06][00][01][08][00][06][04][00][01],`[0C]È»¶À¨[1D][11][00][00][00][00][00][00]À¨[1D][01][00][00][00][00][00][00][00][00][00][00][00][00][00][00][00][00][00][00]CELEHFCEPFFFACACACACACACABM[00][00] [00][01]À[0C][00] [00][01][00][04]

------------------- Rx Data ---------------Rx_next_packet: 1854
Rx_packet_length: 60
Rx_pkt_count: 94
ÿÿÿÿÿÿPF]LÖÐ[08][06][00][01][08][00][06][04][00][01]PF]LÖÐÀ¨[1D][1C][00][00][00][00][00][00]À¨[1D][01][00][00][00][00][00][00][00][00][00][00][00][00][00][00][00][00][00][00]CELEHFCEPFFFACACACACACACABM[00][00] [00][01]À[0C][00] [00][01][00][04]

------------------- Rx Data ---------------Rx_next_packet: 1924
Rx_packet_length: 60
Rx_pkt_count: 93
ÿÿÿÿÿÿ,`[0C]È»¶[08][06][00][01][08][00][06][04][00][01],`[0C]È»¶À¨[1D][11][00][00][00][00][00][00]À¨[1D][01][00][00][00][00][00][00][00][00][00][00][00][00][00][00][00][00][00][00]CELEHFCEPFFFACACACACACACABM[00][00] [00][01]À[0C][00] [00][01][00][04]

------------------- Rx Data ---------------Rx_next_packet: 1994
Rx_packet_length: 60
Rx_pkt_count: 93
ÿÿÿÿÿÿPF]LÖÐ[08][06][00][01][08][00][06][04][00][01]PF]LÖÐÀ¨[1D][1C][00][00][00][00][00][00]À¨[1D][01][00][00][00][00][00][00][00][00][00][00][00][00][00][00][00][00][00][00]CELEHFCEPFFFACACACACACACABM[00][00] [00][01]À[0C][00] [00][01][00][04]

------------------- Rx Data ---------------Rx_next_packet: 2064
Rx_packet_length: 60
Rx_pkt_count: 93
ÿÿÿÿÿÿPF]LÖÐ[08][06][00][01][08][00][06][04][00][01]PF]LÖÐÀ¨[1D][1C][00][00][00][00][00][00]À¨[1D][01][00][00][00][00][00][00][00][00][00][00][00][00][00][00][00][00][00][00]CELEHFCEPFFFACACACACACACABM[00][00] [00][01]À[0C][00] [00][01][00][04]

------------------- Rx Data ---------------Rx_next_packet: 2134
Rx_packet_length: 60
Rx_pkt_count: 93
ÿÿÿÿÿÿ,`[0C]È»¶[08][06][00][01][08][00][06][04][00][01],`[0C]È»¶À¨[1D][11][00][00][00][00][00][00]À¨[1D][01][00][00][00][00][00][00][00][00][00][00][00][00][00][00][00][00][00][00]CELEHFCEPFFFACACACACACACABM[00][00] [00][01]À[0C][00] [00][01][00][04]

------------------- Rx Data ---------------Rx_next_packet: 2204
Rx_packet_length: 60
Rx_pkt_count: 93
ÿÿÿÿÿÿ,`[0C]È»¶[08][06][00][01][08][00][06][04][00][01],`[0C]È»¶À¨[1D][11][00][00][00][00][00][00]À¨[1D][01][00][00][00][00][00][00][00][00][00][00][00][00][00][00][00][00][00][00]CELEHFCEPFFFACACACACACACABM[00][00] [00][01]À[0C][00] [00][01][00][04]

------------------- Rx Data ---------------Rx_next_packet: 2274
Rx_packet_length: 60
Rx_pkt_count: 93
ÿÿÿÿÿÿPF]LÖÐ[08][06][00][01][08][00][06][04][00][01]PF]LÖÐÀ¨[1D][1C][00][00][00][00][00][00]À¨[1D][01][00][00][00][00][00][00][00][00][00][00][00][00][00][00][00][00][00][00]CELEHFCEPFFFACACACACACACABM[00][00] [00][01]À[0C][00] [00][01][00][04]

------------------- Rx Data ---------------Rx_next_packet: 2344
Rx_packet_length: 60
Rx_pkt_count: 93
ÿÿÿÿÿÿ,`[0C]È»¶[08][06][00][01][08][00][06][04][00][01],`[0C]È»¶À¨[1D][11][00][00][00][00][00][00]À¨[1D][01][00][00][00][00][00][00][00][00][00][00][00][00][00][00][00][00][00][00]CELEHFCEPFFFACACACACACACABM[00][00] [00][01]À[0C][00] [00][01][00][04]

------------------- Rx Data ---------------Rx_next_packet: 2414
Rx_packet_length: 60
Rx_pkt_count: 93
ÿÿÿÿÿÿPF]LÖÐ[08][06][00][01][08][00][06][04][00][01]PF]LÖÐÀ¨[1D][1C][00][00][00][00][00][00]À¨[1D][01][00][00][00][00][00][00][00][00][00][00][00][00][00][00][00][00][00][00]CELEHFCEPFFFACACACACACACABM[00][00] [00][01]À[0C][00] [00][01][00][04]

------------------- Rx Data ---------------Rx_next_packet: 2484
Rx_packet_length: 60
Rx_pkt_count: 94
ÿÿÿÿÿÿPF]LÖÐ[08][06][00][01][08][00][06][04][00][01]PF]LÖÐÀ¨[1D][1C][00][00][00][00][00][00]À¨[1D][01][00][00][00][00][00][00][00][00][00][00][00][00][00][00][00][00][00][00]CELEHFCEPFFFACACACACACACABM[00][00] [00][01]À[0C][00] [00][01][00][04]

------------------- Rx Data ---------------Rx_next_packet: 2554
Rx_packet_length: 60
Rx_pkt_count: 94
ÿÿÿÿÿÿPF]LÖÐ[08][06][00][01][08][00][06][04][00][01]PF]LÖÐÀ¨[1D][1C][00][00][00][00][00][00]À¨[1D][01][00][00][00][00][00][00][00][00][00][00][00][00][00][00][00][00][00][00]CELEHFCEPFFFACACACACACACABM[00][00] [00][01]À[0C][00] [00][01][00][04]

------------------- Rx Data ---------------Rx_next_packet: 2624
Rx_packet_length: 60
Rx_pkt_count: 93
ÿÿÿÿÿÿPF]LÖÐ[08][06][00][01][08][00][06][04][00][01]PF]LÖÐÀ¨[1D][1C][00][00][00][00][00][00]À¨[1D][01][00][00][00][00][00][00][00][00][00][00][00][00][00][00][00][00][00][00]CELEHFCEPFFFACACACACACACABM[00][00] [00][01]À[0C][00] [00][01][00][04]

------------------- Rx Data ---------------Rx_next_packet: 2694
Rx_packet_length: 60
Rx_pkt_count: 93
ÿÿÿÿÿÿ,`[0C]È»¶[08][06][00][01][08][00][06][04][00][01],`[0C]È»¶À¨[1D][11][00][00][00][00][00][00]À¨[1D][01][00][00][00][00][00][00][00][00][00][00][00][00][00][00][00][00][00][00]CELEHFCEPFFFACACACACACACABM[00][00] [00][01]À[0C][00] [00][01][00][04]

------------------- Rx Data ---------------Rx_next_packet: 2764
Rx_packet_length: 60
Rx_pkt_count: 92
ÿÿÿÿÿÿPF]LÖÐ[08][06][00][01][08][00][06][04][00][01]PF]LÖÐÀ¨[1D][1C][00][00][00][00][00][00]À¨[1D][01][00][00][00][00][00][00][00][00][00][00][00][00][00][00][00][00][00][00]CELEHFCEPFFFACACACACACACABM[00][00] [00][01]À[0C][00] [00][01][00][04]

------------------- Rx Data ---------------Rx_next_packet: 2834
Rx_packet_length: 60
Rx_pkt_count: 92
ÿÿÿÿÿÿ,`[0C]È»¶[08][06][00][01][08][00][06][04][00][01],`[0C]È»¶À¨[1D][11][00][00][00][00][00][00]À¨[1D][01][00][00][00][00][00][00][00][00][00][00][00][00][00][00][00][00][00][00]CELEHFCEPFFFACACACACACACABM[00][00] [00][01]À[0C][00] [00][01][00][04]

------------------- Rx Data ---------------Rx_next_packet: 2904
Rx_packet_length: 60
Rx_pkt_count: 91
ÿÿÿÿÿÿPF]LÖÐ[08][06][00][01][08][00][06][04][00][01]PF]LÖÐÀ¨[1D][1C][00][00][00][00][00][00]À¨[1D][01][00][00][00][00][00][00][00][00][00][00][00][00][00][00][00][00][00][00]CELEHFCEPFFFACACACACACACABM[00][00] [00][01]À[0C][00] [00][01][00][04]

------------------- Rx Data ---------------Rx_next_packet: 2974
Rx_packet_length: 60
Rx_pkt_count: 92
ÿÿÿÿÿÿ,`[0C]È»¶[08][06][00][01][08][00][06][04][00][01],`[0C]È»¶À¨[1D][11][00][00][00][00][00][00]À¨[1D][01][00][00][00][00][00][00][00][00][00][00][00][00][00][00][00][00][00][00]CELEHFCEPFFFACACACACACACABM[00][00] [00][01]À[0C][00] [00][01][00][04]

------------------- Rx Data ---------------Rx_next_packet: 3044
Rx_packet_length: 60
Rx_pkt_count: 92
ÿÿÿÿÿÿPF]LÖÐ[08][06][00][01][08][00][06][04][00][01]PF]LÖÐÀ¨[1D][1C][00][00][00][00][00][00]À¨[1D][01][00][00][00][00][00][00][00][00][00][00][00][00][00][00][00][00][00][00]CELEHFCEPFFFACACACACACACABM[00][00] [00][01]À[0C][00] [00][01][00][04]

------------------- Rx Data ---------------Rx_next_packet: 3114
Rx_packet_length: 60
Rx_pkt_count: 92
ÿÿÿÿÿÿPF]LÖÐ[08][06][00][01][08][00][06][04][00][01]PF]LÖÐÀ¨[1D][1C][00][00][00][00][00][00]À¨[1D][01][00][00][00][00][00][00][00][00][00][00][00][00][00][00][00][00][00][00]CELEHFCEPFFFACACACACACACABM[00][00] [00][01]À[0C][00] [00][01][00][04]

------------------- Rx Data ---------------Rx_next_packet: 3184
Rx_packet_length: 60
Rx_pkt_count: 92
ÿÿÿÿÿÿPF]LÖÐ[08][06][00][01][08][00][06][04][00][01]PF]LÖÐÀ¨[1D][1C][00][00][00][00][00][00]À¨[1D][01][00][00][00][00][00][00][00][00][00][00][00][00][00][00][00][00][00][00]CELEHFCEPFFFACACACACACACABM[00][00] [00][01]À[0C][00] [00][01][00][04]

------------------- Rx Data ---------------Rx_next_packet: 3254
Rx_packet_length: 60
Rx_pkt_count: 92
ÿÿÿÿÿÿPF]LÖÐ[08][06][00][01][08][00][06][04][00][01]PF]LÖÐÀ¨[1D][1C][00][00][00][00][00][00]À¨[1D][01][00][00][00][00][00][00][00][00][00][00][00][00][00][00][00][00][00][00]CELEHFCEPFFFACACACACACACABM[00][00] [00][01]À[0C][00] [00][01][00][04]

------------------- Rx Data ---------------Rx_next_packet: 3324
Rx_packet_length: 60
Rx_pkt_count: 92
ÿÿÿÿÿÿPF]LÖÐ[08][06][00][01][08][00][06][04][00][01]PF]LÖÐÀ¨[1D][1C][00][00][00][00][00][00]À¨[1D][01][00][00][00][00][00][00][00][00][00][00][00][00][00][00][00][00][00][00]CELEHFCEPFFFACACACACACACABM[00][00] [00][01]À[0C][00] [00][01][00][04]

------------------- Rx Data ---------------Rx_next_packet: 3394
Rx_packet_length: 60
Rx_pkt_count: 92
ÿÿÿÿÿÿPF]LÖÐ[08][06][00][01][08][00][06][04][00][01]PF]LÖÐÀ¨[1D][1C][00][00][00][00][00][00]À¨[1D][01][00][00][00][00][00][00][00][00][00][00][00][00][00][00][00][00][00][00]CELEHFCEPFFFACACACACACACABM[00][00] [00][01]À[0C][00] [00][01][00][04]

------------------- Rx Data ---------------Rx_next_packet: 3464
Rx_packet_length: 60
Rx_pkt_count: 91
ÿÿÿÿÿÿPF]LÖÐ[08][06][00][01][08][00][06][04][00][01]PF]LÖÐÀ¨[1D][1C][00][00][00][00][00][00]À¨[1D][01][00][00][00][00][00][00][00][00][00][00][00][00][00][00][00][00][00][00]CELEHFCEPFFFACACACACACACABM[00][00] [00][01]À[0C][00] [00][01][00][04]

------------------- Rx Data ---------------Rx_next_packet: 3534
Rx_packet_length: 60
Rx_pkt_count: 91
ÿÿÿÿÿÿPF]LÖÐ[08][06][00][01][08][00][06][04][00][01]PF]LÖÐÀ¨[1D][1C][00][00][00][00][00][00]À¨[1D][01][00][00][00][00][00][00][00][00][00][00][00][00][00][00][00][00][00][00]CELEHFCEPFFFACACACACACACABM[00][00] [00][01]À[0C][00] [00][01][00][04]

------------------- Rx Data ---------------Rx_next_packet: 3604
Rx_packet_length: 60
Rx_pkt_count: 91
ÿÿÿÿÿÿPF]LÖÐ[08][06][00][01][08][00][06][04][00][01]PF]LÖÐÀ¨[1D][1C][00][00][00][00][00][00]À¨[1D][01][00][00][00][00][00][00][00][00][00][00][00][00][00][00][00][00][00][00]CELEHFCEPFFFACACACACACACABM[00][00] [00][01]À[0C][00] [00][01][00][04]

------------------- Rx Data ---------------Rx_next_packet: 3674
Rx_packet_length: 60
Rx_pkt_count: 90
ÿÿÿÿÿÿPF]LÖÐ[08][06][00][01][08][00][06][04][00][01]PF]LÖÐÀ¨[1D][1C][00][00][00][00][00][00]À¨[1D][01][00][00][00][00][00][00][00][00][00][00][00][00][00][00][00][00][00][00]CELEHFCEPFFFACACACACACACABM[00][00] [00][01]À[0C][00] [00][01][00][04]

------------------- Rx Data ---------------Rx_next_packet: 3744
Rx_packet_length: 60
Rx_pkt_count: 90
ÿÿÿÿÿÿPF]LÖÐ[08][06][00][01][08][00][06][04][00][01]PF]LÖÐÀ¨[1D][1C][00][00][00][00][00][00]À¨[1D][01][00][00][00][00][00][00][00][00][00][00][00][00][00][00][00][00][00][00]CELEHFCEPFFFACACACACACACABM[00][00] [00][01]À[0C][00] [00][01][00][04]

------------------- Rx Data ---------------Rx_next_packet: 3814
Rx_packet_length: 60
Rx_pkt_count: 90
ÿÿÿÿÿÿPF]LÖÐ[08][06][00][01][08][00][06][04][00][01]PF]LÖÐÀ¨[1D][1C][00][00][00][00][00][00]À¨[1D][01][00][00][00][00][00][00][00][00][00][00][00][00][00][00][00][00][00][00]CELEHFCEPFFFACACACACACACABM[00][00] [00][01]À[0C][00] [00][01][00][04]

------------------- Rx Data ---------------Rx_next_packet: 3884
Rx_packet_length: 60
Rx_pkt_count: 90
ÿÿÿÿÿÿPF]LÖÐ[08][06][00][01][08][00][06][04][00][01]PF]LÖÐÀ¨[1D][1C][00][00][00][00][00][00]À¨[1D][01][00][00][00][00][00][00][00][00][00][00][00][00][00][00][00][00][00][00]CELEHFCEPFFFACACACACACACABM[00][00] [00][01]À[0C][00] [00][01][00][04]

------------------- Rx Data ---------------Rx_next_packet: 3954
Rx_packet_length: 60
Rx_pkt_count: 90
ÿÿÿÿÿÿ,`[0C]È»¶[08][06][00][01][08][00][06][04][00][01],`[0C]È»¶À¨[1D][11][00][00][00][00][00][00]À¨[1D][01][00][00][00][00][00][00][00][00][00][00][00][00][00][00][00][00][00][00]CELEHFCEPFFFACACACACACACABM[00][00] [00][01]À[0C][00] [00][01][00][04]

------------------- Rx Data ---------------Rx_next_packet: 4024
Rx_packet_length: 60
Rx_pkt_count: 90
ÿÿÿÿÿÿPF]LÖÐ[08][06][00][01][08][00][06][04][00][01]PF]LÖÐÀ¨[1D][1C][00][00][00][00][00][00]À¨[1D][01][00][00][00][00][00][00][00][00][00][00][00][00][00][00][00][00][00][00]CELEHFCEPFFFACACACACACACABM[00][00] [00][01]À[0C][00] [00][01][00][04]

------------------- Rx Data ---------------Rx_next_packet: 4094
Rx_packet_length: 60
Rx_pkt_count: 90
ÿÿÿÿÿÿ,`[0C]È»¶[08][06][00][01][08][00][06][04][00][01],`[0C]È»¶À¨[1D][11][00][00][00][00][00][00]À¨[1D][01][00][00][00][00][00][00][00][00][00][00][00][00][00][00][00][00][00][00]CELEHFCEPFFFACACACACACACABM[00][00] [00][01]À[0C][00] [00][01][00][04]

------------------- Rx Data ---------------Rx_next_packet: 4164
Rx_packet_length: 60
Rx_pkt_count: 90
ÿÿÿÿÿÿPF]LÖÐ[08][06][00][01][08][00][06][04][00][01]PF]LÖÐÀ¨[1D][1C][00][00][00][00][00][00]À¨[1D][01][00][00][00][00][00][00][00][00][00][00][00][00][00][00][00][00][00][00]CELEHFCEPFFFACACACACACACABM[00][00] [00][01]À[0C][00] [00][01][00][04]

------------------- Rx Data ---------------Rx_next_packet: 4234
Rx_packet_length: 60
Rx_pkt_count: 90
ÿÿÿÿÿÿ,`[0C]È»¶[08][06][00][01][08][00][06][04][00][01],`[0C]È»¶À¨[1D][11][00][00][00][00][00][00]À¨[1D][01][00][00][00][00][00][00][00][00][00][00][00][00][00][00][00][00][00][00]CELEHFCEPFFFACACACACACACABM[00][00] [00][01]À[0C][00] [00][01][00][04]

------------------- Rx Data ---------------Rx_next_packet: 4304
Rx_packet_length: 60
Rx_pkt_count: 90
ÿÿÿÿÿÿPF]LÖÐ[08][06][00][01][08][00][06][04][00][01]PF]LÖÐÀ¨[1D][1C][00][00][00][00][00][00]À¨[1D][01][00][00][00][00][00][00][00][00][00][00][00][00][00][00][00][00][00][00]CELEHFCEPFFFACACACACACACABM[00][00] [00][01]À[0C][00] [00][01][00][04]

------------------- Rx Data ---------------Rx_next_packet: 4374
Rx_packet_length: 60
Rx_pkt_count: 90
ÿÿÿÿÿÿPF]LÖÐ[08][06][00][01][08][00][06][04][00][01]PF]LÖÐÀ¨[1D][1C][00][00][00][00][00][00]À¨[1D][01][00][00][00][00][00][00][00][00][00][00][00][00][00][00][00][00][00][00]CELEHFCEPFFFACACACACACACABM[00][00] [00][01]À[0C][00] [00][01][00][04]

------------------- Rx Data ---------------Rx_next_packet: 4444
Rx_packet_length: 60
Rx_pkt_count: 90
ÿÿÿÿÿÿPF]LÖÐ[08][06][00][01][08][00][06][04][00][01]PF]LÖÐÀ¨[1D][1C][00][00][00][00][00][00]À¨[1D][01][00][00][00][00][00][00][00][00][00][00][00][00][00][00][00][00][00][00]CELEHFCEPFFFACACACACACACABM[00][00] [00][01]À[0C][00] [00][01][00][04]

------------------- Rx Data ---------------Rx_next_packet: 4514
Rx_packet_length: 60
Rx_pkt_count: 90
ÿÿÿÿÿÿPF]LÖÐ[08][06][00][01][08][00][06][04][00][01]PF]LÖÐÀ¨[1D][1C][00][00][00][00][00][00]À¨[1D][01][00][00][00][00][00][00][00][00][00][00][00][00][00][00][00][00][00][00]CELEHFCEPFFFACACACACACACABM[00][00] [00][01]À[0C][00] [00][01][00][04]

------------------- Rx Data ---------------Rx_next_packet: 4584
Rx_packet_length: 60
Rx_pkt_count: 90
ÿÿÿÿÿÿPF]LÖÐ[08][06][00][01][08][00][06][04][00][01]PF]LÖÐÀ¨[1D][1C][00][00][00][00][00][00]À¨[1D][01][00][00][00][00][00][00][00][00][00][00][00][00][00][00][00][00][00][00]CELEHFCEPFFFACACACACACACABM[00][00] [00][01]À[0C][00] [00][01][00][04]

------------------- Rx Data ---------------Rx_next_packet: 4654
Rx_packet_length: 60
Rx_pkt_count: 90
ÿÿÿÿÿÿPF]LÖÐ[08][06][00][01][08][00][06][04][00][01]PF]LÖÐÀ¨[1D][1C][00][00][00][00][00][00]À¨[1D][01][00][00][00][00][00][00][00][00][00][00][00][00][00][00][00][00][00][00]CELEHFCEPFFFACACACACACACABM[00][00] [00][01]À[0C][00] [00][01][00][04]

------------------- Rx Data ---------------Rx_next_packet: 4724
Rx_packet_length: 60
Rx_pkt_count: 90
ÿÿÿÿÿÿPF]LÖÐ[08][06][00][01][08][00][06][04][00][01]PF]LÖÐÀ¨[1D][1C][00][00][00][00][00][00]À¨[1D][01][00][00][00][00][00][00][00][00][00][00][00][00][00][00][00][00][00][00]CELEHFCEPFFFACACACACACACABM[00][00] [00][01]À[0C][00] [00][01][00][04]

------------------- Rx Data ---------------Rx_next_packet: 4794
Rx_packet_length: 60
Rx_pkt_count: 90
ÿÿÿÿÿÿPF]LÖÐ[08][06][00][01][08][00][06][04][00][01]PF]LÖÐÀ¨[1D][1C][00][00][00][00][00][00]À¨[1D][01][00][00][00][00][00][00][00][00][00][00][00][00][00][00][00][00][00][00]CELEHFCEPFFFACACACACACACABM[00][00] [00][01]À[0C][00] [00][01][00][04]

------------------- Rx Data ---------------Rx_next_packet: 4864
Rx_packet_length: 60
Rx_pkt_count: 90
ÿÿÿÿÿÿ,`[0C]È»¶[08][06][00][01][08][00][06][04][00][01],`[0C]È»¶À¨[1D][11][00][00][00][00][00][00]À¨[1D][01][00][00][00][00][00][00][00][00][00][00][00][00][00][00][00][00][00][00]CELEHFCEPFFFACACACACACACABM[00][00] [00][01]À[0C][00] [00][01][00][04]

------------------- Rx Data ---------------Rx_next_packet: 4934
Rx_packet_length: 60
Rx_pkt_count: 89
ÿÿÿÿÿÿ,`[0C]È»¶[08][06][00][01][08][00][06][04][00][01],`[0C]È»¶À¨[1D][11][00][00][00][00][00][00]À¨[1D][01][00][00][00][00][00][00][00][00][00][00][00][00][00][00][00][00][00][00]CELEHFCEPFFFACACACACACACABM[00][00] [00][01]À[0C][00] [00][01][00][04]

------------------- Rx Data ---------------Rx_next_packet: 5004
Rx_packet_length: 60
Rx_pkt_count: 89
ÿÿÿÿÿÿPF]LÖÐ[08][06][00][01][08][00][06][04][00][01]PF]LÖÐÀ¨[1D][1C][00][00][00][00][00][00]À¨[1D][01][00][00][00][00][00][00][00][00][00][00][00][00][00][00][00][00][00][00]CELEHFCEPFFFACACACACACACABM[00][00] [00][01]À[0C][00] [00][01][00][04]

------------------- Rx Data ---------------Rx_next_packet: 5074
Rx_packet_length: 60
Rx_pkt_count: 88
ÿÿÿÿÿÿ,`[0C]È»¶[08][06][00][01][08][00][06][04][00][01],`[0C]È»¶À¨[1D][11][00][00][00][00][00][00]À¨[1D][01][00][00][00][00][00][00][00][00][00][00][00][00][00][00][00][00][00][00]CELEHFCEPFFFACACACACACACABM[00][00] [00][01]À[0C][00] [00][01][00][04]

------------------- Rx Data ---------------Rx_next_packet: 5144
Rx_packet_length: 60
Rx_pkt_count: 88
ÿÿÿÿÿÿPF]LÖÐ[08][06][00][01][08][00][06][04][00][01]PF]LÖÐÀ¨[1D][1C][00][00][00][00][00][00]À¨[1D][01][00][00][00][00][00][00][00][00][00][00][00][00][00][00][00][00][00][00]CELEHFCEPFFFACACACACACACABM[00][00] [00][01]À[0C][00] [00][01][00][04]

------------------- Rx Data ---------------Rx_next_packet: 5214
Rx_packet_length: 60
Rx_pkt_count: 88
ÿÿÿÿÿÿPF]LÖÐ[08][06][00][01][08][00][06][04][00][01]PF]LÖÐÀ¨[1D][1C][00][00][00][00][00][00]À¨[1D][01][00][00][00][00][00][00][00][00][00][00][00][00][00][00][00][00][00][00]CELEHFCEPFFFACACACACACACABM[00][00] [00][01]À[0C][00] [00][01][00][04]

------------------- Rx Data ---------------Rx_next_packet: 5284
Rx_packet_length: 60
Rx_pkt_count: 87
ÿÿÿÿÿÿ,`[0C]È»¶[08][06][00][01][08][00][06][04][00][01],`[0C]È»¶À¨[1D][11][00][00][00][00][00][00]À¨[1D][01][00][00][00][00][00][00][00][00][00][00][00][00][00][00][00][00][00][00]CELEHFCEPFFFACACACACACACABM[00][00] [00][01]À[0C][00] [00][01][00][04]

------------------- Rx Data ---------------Rx_next_packet: 5354
Rx_packet_length: 60
Rx_pkt_count: 86
ÿÿÿÿÿÿ,`[0C]È»¶[08][06][00][01][08][00][06][04][00][01],`[0C]È»¶À¨[1D][11][00][00][00][00][00][00]À¨[1D][01][00][00][00][00][00][00][00][00][00][00][00][00][00][00][00][00][00][00]CELEHFCEPFFFACACACACACACABM[00][00] [00][01]À[0C][00] [00][01][00][04]

------------------- Rx Data ---------------Rx_next_packet: 5424
Rx_packet_length: 60
Rx_pkt_count: 85
ÿÿÿÿÿÿPF]LÖÐ[08][06][00][01][08][00][06][04][00][01]PF]LÖÐÀ¨[1D][1C][00][00][00][00][00][00]À¨[1D][01][00][00][00][00][00][00][00][00][00][00][00][00][00][00][00][00][00][00]CELEHFCEPFFFACACACACACACABM[00][00] [00][01]À[0C][00] [00][01][00][04]

------------------- Rx Data ---------------Rx_next_packet: 5494
Rx_packet_length: 60
Rx_pkt_count: 84
ÿÿÿÿÿÿ,`[0C]È»¶[08][06][00][01][08][00][06][04][00][01],`[0C]È»¶À¨[1D][11][00][00][00][00][00][00]À¨[1D][01][00][00][00][00][00][00][00][00][00][00][00][00][00][00][00][00][00][00]CELEHFCEPFFFACACACACACACABM[00][00] [00][01]À[0C][00] [00][01][00][04]

------------------- Rx Data ---------------Rx_next_packet: 5564
Rx_packet_length: 60
Rx_pkt_count: 83
ÿÿÿÿÿÿPF]LÖÐ[08][06][00][01][08][00][06][04][00][01]PF]LÖÐÀ¨[1D][1C][00][00][00][00][00][00]À¨[1D][01][00][00][00][00][00][00][00][00][00][00][00][00][00][00][00][00][00][00]CELEHFCEPFFFACACACACACACABM[00][00] [00][01]À[0C][00] [00][01][00][04]

------------------- Rx Data ---------------Rx_next_packet: 5634
Rx_packet_length: 60
Rx_pkt_count: 82
ÿÿÿÿÿÿPF]LÖÐ[08][06][00][01][08][00][06][04][00][01]PF]LÖÐÀ¨[1D][1C][00][00][00][00][00][00]À¨[1D][01][00][00][00][00][00][00][00][00][00][00][00][00][00][00][00][00][00][00]CELEHFCEPFFFACACACACACACABM[00][00] [00][01]À[0C][00] [00][01][00][04]

------------------- Rx Data ---------------Rx_next_packet: 5704
Rx_packet_length: 60
Rx_pkt_count: 82
ÿÿÿÿÿÿ,`[0C]È»¶[08][06][00][01][08][00][06][04][00][01],`[0C]È»¶À¨[1D][11][00][00][00][00][00][00]À¨[1D][01][00][00][00][00][00][00][00][00][00][00][00][00][00][00][00][00][00][00]CELEHFCEPFFFACACACACACACABM[00][00] [00][01]À[0C][00] [00][01][00][04]

------------------- Rx Data ---------------Rx_next_packet: 5774
Rx_packet_length: 60
Rx_pkt_count: 82
ÿÿÿÿÿÿPF]LÖÐ[08][06][00][01][08][00][06][04][00][01]PF]LÖÐÀ¨[1D][1C][00][00][00][00][00][00]À¨[1D][01][00][00][00][00][00][00][00][00][00][00][00][00][00][00][00][00][00][00]CELEHFCEPFFFACACACACACACABM[00][00] [00][01]À[0C][00] [00][01][00][04]

------------------- Rx Data ---------------Rx_next_packet: 5844
Rx_packet_length: 60
Rx_pkt_count: 81
ÿÿÿÿÿÿ,`[0C]È»¶[08][06][00][01][08][00][06][04][00][01],`[0C]È»¶À¨[1D][11][00][00][00][00][00][00]À¨[1D][01][00][00][00][00][00][00][00][00][00][00][00][00][00][00][00][00][00][00]CELEHFCEPFFFACACACACACACABM[00][00] [00][01]À[0C][00] [00][01][00][04]

------------------- Rx Data ---------------Rx_next_packet: 5914
Rx_packet_length: 60
Rx_pkt_count: 81
ÿÿÿÿÿÿPF]LÖÐ[08][06][00][01][08][00][06][04][00][01]PF]LÖÐÀ¨[1D][1C][00][00][00][00][00][00]À¨[1D][01][00][00][00][00][00][00][00][00][00][00][00][00][00][00][00][00][00][00]CELEHFCEPFFFACACACACACACABM[00][00] [00][01]À[0C][00] [00][01][00][04]

------------------- Rx Data ---------------Rx_next_packet: 5984
Rx_packet_length: 60
Rx_pkt_count: 80
ÿÿÿÿÿÿ,`[0C]È»¶[08][06][00][01][08][00][06][04][00][01],`[0C]È»¶À¨[1D][11][00][00][00][00][00][00]À¨[1D][01][00][00][00][00][00][00][00][00][00][00][00][00][00][00][00][00][00][00]CELEHFCEPFFFACACACACACACABM[00][00] [00][01]À[0C][00] [00][01][00][04]

------------------- Rx Data ---------------Rx_next_packet: 6054
Rx_packet_length: 60
Rx_pkt_count: 80
ÿÿÿÿÿÿPF]LÖÐ[08][06][00][01][08][00][06][04][00][01]PF]LÖÐÀ¨[1D][1C][00][00][00][00][00][00]À¨[1D][01][00][00][00][00][00][00][00][00][00][00][00][00][00][00][00][00][00][00]CELEHFCEPFFFACACACACACACABM[00][00] [00][01]À[0C][00] [00][01][00][04]

------------------- Rx Data ---------------Rx_next_packet: 6124
Rx_packet_length: 60
Rx_pkt_count: 79
ÿÿÿÿÿÿPF]LÖÐ[08][06][00][01][08][00][06][04][00][01]PF]LÖÐÀ¨[1D][1C][00][00][00][00][00][00]À¨[1D][01][00][00][00][00][00][00][00][00][00][00][00][00][00][00][00][00][00][00]CELEHFCEPFFFACACACACACACABM[00][00] [00][01]À[0C][00] [00][01][00][04]

------------------- Rx Data ---------------Rx_next_packet: 6194
Rx_packet_length: 60
Rx_pkt_count: 79
ÿÿÿÿÿÿPF]LÖÐ[08][06][00][01][08][00][06][04][00][01]PF]LÖÐÀ¨[1D][1C][00][00][00][00][00][00]À¨[1D][01][00][00][00][00][00][00][00][00][00][00][00][00][00][00][00][00][00][00]CELEHFCEPFFFACACACACACACABM[00][00] [00][01]À[0C][00] [00][01][00][04]

------------------- Rx Data ---------------Rx_next_packet: 6264
Rx_packet_length: 60
Rx_pkt_count: 80
ÿÿÿÿÿÿ,`[0C]È»¶[08][06][00][01][08][00][06][04][00][01],`[0C]È»¶À¨[1D][11][00][00][00][00][00][00]À¨[1D][01][00][00][00][00][00][00][00][00][00][00][00][00][00][00][00][00][00][00]CELEHFCEPFFFACACACACACACABM[00][00] [00][01]À[0C][00] [00][01][00][04]

------------------- Rx Data ---------------Rx_next_packet: 6334
Rx_packet_length: 60
Rx_pkt_count: 79
ÿÿÿÿÿÿ,`[0C]È»¶[08][06][00][01][08][00][06][04][00][01],`[0C]È»¶À¨[1D][11][00][00][00][00][00][00]À¨[1D][01][00][00][00][00][00][00][00][00][00][00][00][00][00][00][00][00][00][00]CELEHFCEPFFFACACACACACACABM[00][00] [00][01]À[0C][00] [00][01][00][04]

------------------- Rx Data ---------------Rx_next_packet: 6404
Rx_packet_length: 60
Rx_pkt_count: 80
ÿÿÿÿÿÿPF]LÖÐ[08][06][00][01][08][00][06][04][00][01]PF]LÖÐÀ¨[1D][1C][00][00][00][00][00][00]À¨[1D][01][00][00][00][00][00][00][00][00][00][00][00][00][00][00][00][00][00][00]CELEHFCEPFFFACACACACACACABM[00][00] [00][01]À[0C][00] [00][01][00][04]

------------------- Rx Data ---------------Rx_next_packet: 6474
Rx_packet_length: 60
Rx_pkt_count: 79
ÿÿÿÿÿÿ,`[0C]È»¶[08][06][00][01][08][00][06][04][00][01],`[0C]È»¶À¨[1D][11][00][00][00][00][00][00]À¨[1D][01][00][00][00][00][00][00][00][00][00][00][00][00][00][00][00][00][00][00]CELEHFCEPFFFACACACACACACABM[00][00] [00][01]À[0C][00] [00][01][00][04]

------------------- Rx Data ---------------Rx_next_packet: 6544
Rx_packet_length: 60
Rx_pkt_count: 80
ÿÿÿÿÿÿ,`[0C]È»¶[08][06][00][01][08][00][06][04][00][01],`[0C]È»¶À¨[1D][11][00][00][00][00][00][00]À¨[1D][01][00][00][00][00][00][00][00][00][00][00][00][00][00][00][00][00][00][00]CELEHFCEPFFFACACACACACACABM[00][00] [00][01]À[0C][00] [00][01][00][04]

------------------- Rx Data ---------------Rx_next_packet: 6614
Rx_packet_length: 60
Rx_pkt_count: 80
ÿÿÿÿÿÿ,`[0C]È»¶[08][06][00][01][08][00][06][04][00][01],`[0C]È»¶À¨[1D][11][00][00][00][00][00][00]À¨[1D][01][00][00][00][00][00][00][00][00][00][00][00][00][00][00][00][00][00][00]CELEHFCEPFFFACACACACACACABM[00][00] [00][01]À[0C][00] [00][01][00][04]

------------------- Rx Data ---------------Rx_next_packet: 30
Rx_packet_length: 60
Rx_pkt_count: 79
ÿÿÿÿÿÿPF]LÖÐ[08][06][00][01][08][00][06][04][00][01]PF]LÖÐÀ¨[1D][1C][00][00][00][00][00][00]À¨[1D][01][00][00][00][00][00][00][00][00][00][00][00][00][00][00][00][00][00][00]CELEHFCEPFFFACACACACACACABM[00][00] [00][01]À[0C][00] [00][01][00][04]

------------------- Rx Data ---------------Rx_next_packet: 100
Rx_packet_length: 60
Rx_pkt_count: 78
ÿÿÿÿÿÿ,`[0C]È»¶[08][06][00][01][08][00][06][04][00][01],`[0C]È»¶À¨[1D][11][00][00][00][00][00][00]À¨[1D][01][00][00][00][00][00][00][00][00][00][00][00][00][00][00][00][00][00][00]CELEHFCEPFFFACACACACACACABM[00][00] [00][01]À[0C][00] [00][01][00][04]

------------------- Rx Data ---------------Rx_next_packet: 170
Rx_packet_length: 60
Rx_pkt_count: 78
ÿÿÿÿÿÿPF]LÖÐ[08][06][00][01][08][00][06][04][00][01]PF]LÖÐÀ¨[1D][1C][00][00][00][00][00][00]À¨[1D][01][00][00][00][00][00][00][00][00][00][00][00][00][00][00][00][00][00][00]CELEHFCEPFFFACACACACACACABM[00][00] [00][01]À[0C][00] [00][01][00][04]

------------------- Rx Data ---------------Rx_next_packet: 240
Rx_packet_length: 60
Rx_pkt_count: 78
ÿÿÿÿÿÿ,`[0C]È»¶[08][06][00][01][08][00][06][04][00][01],`[0C]È»¶À¨[1D][11][00][00][00][00][00][00]À¨[1D][01][00][00][00][00][00][00][00][00][00][00][00][00][00][00][00][00][00][00]CELEHFCEPFFFACACACACACACABM[00][00] [00][01]À[0C][00] [00][01][00][04]

------------------- Rx Data ---------------Rx_next_packet: 310
Rx_packet_length: 60
Rx_pkt_count: 77
ÿÿÿÿÿÿ,`[0C]È»¶[08][06][00][01][08][00][06][04][00][01],`[0C]È»¶À¨[1D][11][00][00][00][00][00][00]À¨[1D][01][00][00][00][00][00][00][00][00][00][00][00][00][00][00][00][00][00][00]CELEHFCEPFFFACACACACACACABM[00][00] [00][01]À[0C][00] [00][01][00][04]

------------------- Rx Data ---------------Rx_next_packet: 380
Rx_packet_length: 60
Rx_pkt_count: 77
ÿÿÿÿÿÿ,`[0C]È»¶[08][06][00][01][08][00][06][04][00][01],`[0C]È»¶À¨[1D][11][00][00][00][00][00][00]À¨[1D][01][00][00][00][00][00][00][00][00][00][00][00][00][00][00][00][00][00][00]CELEHFCEPFFFACACACACACACABM[00][00] [00][01]À[0C][00] [00][01][00][04]

------------------- Rx Data ---------------Rx_next_packet: 450
Rx_packet_length: 60
Rx_pkt_count: 76
ÿÿÿÿÿÿPF]LÖÐ[08][06][00][01][08][00][06][04][00][01]PF]LÖÐÀ¨[1D][1C][00][00][00][00][00][00]À¨[1D][01][00][00][00][00][00][00][00][00][00][00][00][00][00][00][00][00][00][00]CELEHFCEPFFFACACACACACACABM[00][00] [00][01]À[0C][00] [00][01][00][04]

------------------- Rx Data ---------------Rx_next_packet: 520
Rx_packet_length: 60
Rx_pkt_count: 75
ÿÿÿÿÿÿ,`[0C]È»¶[08][06][00][01][08][00][06][04][00][01],`[0C]È»¶À¨[1D][11][00][00][00][00][00][00]À¨[1D][01][00][00][00][00][00][00][00][00][00][00][00][00][00][00][00][00][00][00]CELEHFCEPFFFACACACACACACABM[00][00] [00][01]À[0C][00] [00][01][00][04]

------------------- Rx Data ---------------Rx_next_packet: 590
Rx_packet_length: 60
Rx_pkt_count: 76
ÿÿÿÿÿÿPF]LÖÐ[08][06][00][01][08][00][06][04][00][01]PF]LÖÐÀ¨[1D][1C][00][00][00][00][00][00]À¨[1D][01][00][00][00][00][00][00][00][00][00][00][00][00][00][00][00][00][00][00]CELEHFCEPFFFACACACACACACABM[00][00] [00][01]À[0C][00] [00][01][00][04]

------------------- Rx Data ---------------Rx_next_packet: 660
Rx_packet_length: 60
Rx_pkt_count: 77
ÿÿÿÿÿÿ,`[0C]È»¶[08][06][00][01][08][00][06][04][00][01],`[0C]È»¶À¨[1D][11][00][00][00][00][00][00]À¨[1D][01][00][00][00][00][00][00][00][00][00][00][00][00][00][00][00][00][00][00]CELEHFCEPFFFACACACACACACABM[00][00] [00][01]À[0C][00] [00][01][00][04]

------------------- Rx Data ---------------Rx_next_packet: 730
Rx_packet_length: 60
Rx_pkt_count: 76
ÿÿÿÿÿÿPF]LÖÐ[08][06][00][01][08][00][06][04][00][01]PF]LÖÐÀ¨[1D][1C][00][00][00][00][00][00]À¨[1D][01][00][00][00][00][00][00][00][00][00][00][00][00][00][00][00][00][00][00]CELEHFCEPFFFACACACACACACABM[00][00] [00][01]À[0C][00] [00][01][00][04]

------------------- Rx Data ---------------Rx_next_packet: 800
Rx_packet_length: 60
Rx_pkt_count: 77
ÿÿÿÿÿÿPF]LÖÐ[08][06][00][01][08][00][06][04][00][01]PF]LÖÐÀ¨[1D][1C][00][00][00][00][00][00]À¨[1D][01][00][00][00][00][00][00][00][00][00][00][00][00][00][00][00][00][00][00]CELEHFCEPFFFACACACACACACABM[00][00] [00][01]À[0C][00] [00][01][00][04]

------------------- Rx Data ---------------Rx_next_packet: 870
Rx_packet_length: 60
Rx_pkt_count: 76
ÿÿÿÿÿÿPF]LÖÐ[08][06][00][01][08][00][06][04][00][01]PF]LÖÐÀ¨[1D][1C][00][00][00][00][00][00]À¨[1D][01][00][00][00][00][00][00][00][00][00][00][00][00][00][00][00][00][00][00]CELEHFCEPFFFACACACACACACABM[00][00] [00][01]À[0C][00] [00][01][00][04]

------------------- Rx Data ---------------Rx_next_packet: 940
Rx_packet_length: 60
Rx_pkt_count: 77
ÿÿÿÿÿÿPF]LÖÐ[08][06][00][01][08][00][06][04][00][01]PF]LÖÐÀ¨[1D][1C][00][00][00][00][00][00]À¨[1D][01][00][00][00][00][00][00][00][00][00][00][00][00][00][00][00][00][00][00]CELEHFCEPFFFACACACACACACABM[00][00] [00][01]À[0C][00] [00][01][00][04]

------------------- Rx Data ---------------Rx_next_packet: 1010
Rx_packet_length: 60
Rx_pkt_count: 78
ÿÿÿÿÿÿ,`[0C]È»¶[08][06][00][01][08][00][06][04][00][01],`[0C]È»¶À¨[1D][11][00][00][00][00][00][00]À¨[1D][01][00][00][00][00][00][00][00][00][00][00][00][00][00][00][00][00][00][00]CELEHFCEPFFFACACACACACACABM[00][00] [00][01]À[0C][00] [00][01][00][04]

------------------- Rx Data ---------------Rx_next_packet: 1080
Rx_packet_length: 60
Rx_pkt_count: 77
ÿÿÿÿÿÿPF]LÖÐ[08][06][00][01][08][00][06][04][00][01]PF]LÖÐÀ¨[1D][1C][00][00][00][00][00][00]À¨[1D][01][00][00][00][00][00][00][00][00][00][00][00][00][00][00][00][00][00][00]CELEHFCEPFFFACACACACACACABM[00][00] [00][01]À[0C][00] [00][01][00][04]

------------------- Rx Data ---------------Rx_next_packet: 1150
Rx_packet_length: 60
Rx_pkt_count: 78
ÿÿÿÿÿÿ,`[0C]È»¶[08][06][00][01][08][00][06][04][00][01],`[0C]È»¶À¨[1D][11][00][00][00][00][00][00]À¨[1D][01][00][00][00][00][00][00][00][00][00][00][00][00][00][00][00][00][00][00]CELEHFCEPFFFACACACACACACABM[00][00] [00][01]À[0C][00] [00][01][00][04]

------------------- Rx Data ---------------Rx_next_packet: 1220
Rx_packet_length: 60
Rx_pkt_count: 77
ÿÿÿÿÿÿ,`[0C]È»¶[08][06][00][01][08][00][06][04][00][01],`[0C]È»¶À¨[1D][11][00][00][00][00][00][00]À¨[1D][01][00][00][00][00][00][00][00][00][00][00][00][00][00][00][00][00][00][00]CELEHFCEPFFFACACACACACACABM[00][00] [00][01]À[0C][00] [00][01][00][04]

------------------- Rx Data ---------------Rx_next_packet: 1290
Rx_packet_length: 60
Rx_pkt_count: 76
ÿÿÿÿÿÿPF]LÖÐ[08][06][00][01][08][00][06][04][00][01]PF]LÖÐÀ¨[1D][1C][00][00][00][00][00][00]À¨[1D][01][00][00][00][00][00][00][00][00][00][00][00][00][00][00][00][00][00][00]CELEHFCEPFFFACACACACACACABM[00][00] [00][01]À[0C][00] [00][01][00][04]

------------------- Rx Data ---------------Rx_next_packet: 1360
Rx_packet_length: 60
Rx_pkt_count: 75
ÿÿÿÿÿÿ,`[0C]È»¶[08][06][00][01][08][00][06][04][00][01],`[0C]È»¶À¨[1D][11][00][00][00][00][00][00]À¨[1D][01][00][00][00][00][00][00][00][00][00][00][00][00][00][00][00][00][00][00]CELEHFCEPFFFACACACACACACABM[00][00] [00][01]À[0C][00] [00][01][00][04]

------------------- Rx Data ---------------Rx_next_packet: 1430
Rx_packet_length: 60
Rx_pkt_count: 76
ÿÿÿÿÿÿPF]LÖÐ[08][06][00][01][08][00][06][04][00][01]PF]LÖÐÀ¨[1D][1C][00][00][00][00][00][00]À¨[1D][01][00][00][00][00][00][00][00][00][00][00][00][00][00][00][00][00][00][00]CELEHFCEPFFFACACACACACACABM[00][00] [00][01]À[0C][00] [00][01][00][04]

------------------- Rx Data ---------------Rx_next_packet: 1500
Rx_packet_length: 60
Rx_pkt_count: 77
ÿÿÿÿÿÿ,`[0C]È»¶[08][06][00][01][08][00][06][04][00][01],`[0C]È»¶À¨[1D][11][00][00][00][00][00][00]À¨[1D][01][00][00][00][00][00][00][00][00][00][00][00][00][00][00][00][00][00][00]CELEHFCEPFFFACACACACACACABM[00][00] [00][01]À[0C][00] [00][01][00][04]

------------------- Rx Data ---------------Rx_next_packet: 1570
Rx_packet_length: 60
Rx_pkt_count: 76
ÿÿÿÿÿÿPF]LÖÐ[08][06][00][01][08][00][06][04][00][01]PF]LÖÐÀ¨[1D][1C][00][00][00][00][00][00]À¨[1D][01][00][00][00][00][00][00][00][00][00][00][00][00][00][00][00][00][00][00]CELEHFCEPFFFACACACACACACABM[00][00] [00][01]À[0C][00] [00][01][00][04]

------------------- Rx Data ---------------Rx_next_packet: 1640
Rx_packet_length: 60
Rx_pkt_count: 77
ÿÿÿÿÿÿ,`[0C]È»¶[08][06][00][01][08][00][06][04][00][01],`[0C]È»¶À¨[1D][11][00][00][00][00][00][00]À¨[1D][01][00][00][00][00][00][00][00][00][00][00][00][00][00][00][00][00][00][00]CELEHFCEPFFFACACACACACACABM[00][00] [00][01]À[0C][00] [00][01][00][04]

------------------- Rx Data ---------------Rx_next_packet: 1710
Rx_packet_length: 60
Rx_pkt_count: 76
ÿÿÿÿÿÿPF]LÖÐ[08][06][00][01][08][00][06][04][00][01]PF]LÖÐÀ¨[1D][1C][00][00][00][00][00][00]À¨[1D][01][00][00][00][00][00][00][00][00][00][00][00][00][00][00][00][00][00][00]CELEHFCEPFFFACACACACACACABM[00][00] [00][01]À[0C][00] [00][01][00][04]

------------------- Rx Data ---------------Rx_next_packet: 1780
Rx_packet_length: 60
Rx_pkt_count: 75
ÿÿÿÿÿÿPF]LÖÐ[08][06][00][01][08][00][06][04][00][01]PF]LÖÐÀ¨[1D][1C][00][00][00][00][00][00]À¨[1D][01][00][00][00][00][00][00][00][00][00][00][00][00][00][00][00][00][00][00]CELEHFCEPFFFACACACACACACABM[00][00] [00][01]À[0C][00] [00][01][00][04]

------------------- Rx Data ---------------Rx_next_packet: 1850
Rx_packet_length: 60
Rx_pkt_count: 74
ÿÿÿÿÿÿPF]LÖÐ[08][06][00][01][08][00][06][04][00][01]PF]LÖÐÀ¨[1D][1C][00][00][00][00][00][00]À¨[1D][01][00][00][00][00][00][00][00][00][00][00][00][00][00][00][00][00][00][00]CELEHFCEPFFFACACACACACACABM[00][00] [00][01]À[0C][00] [00][01][00][04]

------------------- Rx Data ---------------Rx_next_packet: 1920
Rx_packet_length: 60
Rx_pkt_count: 73
ÿÿÿÿÿÿ,`[0C]È»¶[08][06][00][01][08][00][06][04][00][01],`[0C]È»¶À¨[1D][11][00][00][00][00][00][00]À¨[1D][01][00][00][00][00][00][00][00][00][00][00][00][00][00][00][00][00][00][00]CELEHFCEPFFFACACACACACACABM[00][00] [00][01]À[0C][00] [00][01][00][04]

------------------- Rx Data ---------------Rx_next_packet: 1990
Rx_packet_length: 60
Rx_pkt_count: 72
ÿÿÿÿÿÿPF]LÖÐ[08][06][00][01][08][00][06][04][00][01]PF]LÖÐÀ¨[1D][1C][00][00][00][00][00][00]À¨[1D][01][00][00][00][00][00][00][00][00][00][00][00][00][00][00][00][00][00][00]CELEHFCEPFFFACACACACACACABM[00][00] [00][01]À[0C][00] [00][01][00][04]

------------------- Rx Data ---------------Rx_next_packet: 2060
Rx_packet_length: 60
Rx_pkt_count: 72
ÿÿÿÿÿÿ,`[0C]È»¶[08][06][00][01][08][00][06][04][00][01],`[0C]È»¶À¨[1D][11][00][00][00][00][00][00]À¨[1D][01][00][00][00][00][00][00][00][00][00][00][00][00][00][00][00][00][00][00]CELEHFCEPFFFACACACACACACABM[00][00] [00][01]À[0C][00] [00][01][00][04]

------------------- Rx Data ---------------Rx_next_packet: 2130
Rx_packet_length: 60
Rx_pkt_count: 73
ÿÿÿÿÿÿPF]LÖÐ[08][06][00][01][08][00][06][04][00][01]PF]LÖÐÀ¨[1D][1C][00][00][00][00][00][00]À¨[1D][01][00][00][00][00][00][00][00][00][00][00][00][00][00][00][00][00][00][00]CELEHFCEPFFFACACACACACACABM[00][00] [00][01]À[0C][00] [00][01][00][04]

------------------- Rx Data ---------------Rx_next_packet: 2200
Rx_packet_length: 60
Rx_pkt_count: 74
ÿÿÿÿÿÿ,`[0C]È»¶[08][06][00][01][08][00][06][04][00][01],`[0C]È»¶À¨[1D][11][00][00][00][00][00][00]À¨[1D][01][00][00][00][00][00][00][00][00][00][00][00][00][00][00][00][00][00][00]CELEHFCEPFFFACACACACACACABM[00][00] [00][01]À[0C][00] [00][01][00][04]

------------------- Rx Data ---------------Rx_next_packet: 2270
Rx_packet_length: 60
Rx_pkt_count: 74
ÿÿÿÿÿÿPF]LÖÐ[08][06][00][01][08][00][06][04][00][01]PF]LÖÐÀ¨[1D][1C][00][00][00][00][00][00]À¨[1D][01][00][00][00][00][00][00][00][00][00][00][00][00][00][00][00][00][00][00]CELEHFCEPFFFACACACACACACABM[00][00] [00][01]À[0C][00] [00][01][00][04]

------------------- Rx Data ---------------Rx_next_packet: 2340
Rx_packet_length: 60
Rx_pkt_count: 73
ÿÿÿÿÿÿ,`[0C]È»¶[08][06][00][01][08][00][06][04][00][01],`[0C]È»¶À¨[1D][11][00][00][00][00][00][00]À¨[1D][01][00][00][00][00][00][00][00][00][00][00][00][00][00][00][00][00][00][00]CELEHFCEPFFFACACACACACACABM[00][00] [00][01]À[0C][00] [00][01][00][04]

------------------- Rx Data ---------------Rx_next_packet: 2410
Rx_packet_length: 60
Rx_pkt_count: 73
ÿÿÿÿÿÿPF]LÖÐ[08][06][00][01][08][00][06][04][00][01]PF]LÖÐÀ¨[1D][1C][00][00][00][00][00][00]À¨[1D][01][00][00][00][00][00][00][00][00][00][00][00][00][00][00][00][00][00][00]CELEHFCEPFFFACACACACACACABM[00][00] [00][01]À[0C][00] [00][01][00][04]

------------------- Rx Data ---------------Rx_next_packet: 2480
Rx_packet_length: 60
Rx_pkt_count: 74
ÿÿÿÿÿÿPF]LÖÐ[08][06][00][01][08][00][06][04][00][01]PF]LÖÐÀ¨[1D][1C][00][00][00][00][00][00]À¨[1D][01][00][00][00][00][00][00][00][00][00][00][00][00][00][00][00][00][00][00]CELEHFCEPFFFACACACACACACABM[00][00] [00][01]À[0C][00] [00][01][00][04]

------------------- Rx Data ---------------Rx_next_packet: 2550
Rx_packet_length: 60
Rx_pkt_count: 73
ÿÿÿÿÿÿPF]LÖÐ[08][06][00][01][08][00][06][04][00][01]PF]LÖÐÀ¨[1D][1C][00][00][00][00][00][00]À¨[1D][01][00][00][00][00][00][00][00][00][00][00][00][00][00][00][00][00][00][00]CELEHFCEPFFFACACACACACACABM[00][00] [00][01]À[0C][00] [00][01][00][04]

------------------- Rx Data ---------------Rx_next_packet: 2620
Rx_packet_length: 60
Rx_pkt_count: 74
ÿÿÿÿÿÿPF]LÖÐ[08][06][00][01][08][00][06][04][00][01]PF]LÖÐÀ¨[1D][1C][00][00][00][00][00][00]À¨[1D][01][00][00][00][00][00][00][00][00][00][00][00][00][00][00][00][00][00][00]CELEHFCEPFFFACACACACACACABM[00][00] [00][01]À[0C][00] [00][01][00][04]

------------------- Rx Data ---------------Rx_next_packet: 2690
Rx_packet_length: 60
Rx_pkt_count: 73
ÿÿÿÿÿÿ,`[0C]È»¶[08][06][00][01][08][00][06][04][00][01],`[0C]È»¶À¨[1D][11][00][00][00][00][00][00]À¨[1D][01][00][00][00][00][00][00][00][00][00][00][00][00][00][00][00][00][00][00]CELEHFCEPFFFACACACACACACABM[00][00] [00][01]À[0C][00] [00][01][00][04]

------------------- Rx Data ---------------Rx_next_packet: 2760
Rx_packet_length: 60
Rx_pkt_count: 73
ÿÿÿÿÿÿPF]LÖÐ[08][06][00][01][08][00][06][04][00][01]PF]LÖÐÀ¨[1D][1C][00][00][00][00][00][00]À¨[1D][01][00][00][00][00][00][00][00][00][00][00][00][00][00][00][00][00][00][00]CELEHFCEPFFFACACACACACACABM[00][00] [00][01]À[0C][00] [00][01][00][04]

------------------- Rx Data ---------------Rx_next_packet: 2830
Rx_packet_length: 60
Rx_pkt_count: 72
ÿÿÿÿÿÿ,`[0C]È»¶[08][06][00][01][08][00][06][04][00][01],`[0C]È»¶À¨[1D][11][00][00][00][00][00][00]À¨[1D][01][00][00][00][00][00][00][00][00][00][00][00][00][00][00][00][00][00][00]CELEHFCEPFFFACACACACACACABM[00][00] [00][01]À[0C][00] [00][01][00][04]

------------------- Rx Data ---------------Rx_next_packet: 2900
Rx_packet_length: 60
Rx_pkt_count: 72
ÿÿÿÿÿÿPF]LÖÐ[08][06][00][01][08][00][06][04][00][01]PF]LÖÐÀ¨[1D][1C][00][00][00][00][00][00]À¨[1D][01][00][00][00][00][00][00][00][00][00][00][00][00][00][00][00][00][00][00]CELEHFCEPFFFACACACACACACABM[00][00] [00][01]À[0C][00] [00][01][00][04]

------------------- Rx Data ---------------Rx_next_packet: 2970
Rx_packet_length: 60
Rx_pkt_count: 73
ÿÿÿÿÿÿ,`[0C]È»¶[08][06][00][01][08][00][06][04][00][01],`[0C]È»¶À¨[1D][11][00][00][00][00][00][00]À¨[1D][01][00][00][00][00][00][00][00][00][00][00][00][00][00][00][00][00][00][00]CELEHFCEPFFFACACACACACACABM[00][00] [00][01]À[0C][00] [00][01][00][04]

------------------- Rx Data ---------------Rx_next_packet: 3040
Rx_packet_length: 60
Rx_pkt_count: 73
ÿÿÿÿÿÿPF]LÖÐ[08][06][00][01][08][00][06][04][00][01]PF]LÖÐÀ¨[1D][1C][00][00][00][00][00][00]À¨[1D][01][00][00][00][00][00][00][00][00][00][00][00][00][00][00][00][00][00][00]CELEHFCEPFFFACACACACACACABM[00][00] [00][01]À[0C][00] [00][01][00][04]

------------------- Rx Data ---------------Rx_next_packet: 3110
Rx_packet_length: 60
Rx_pkt_count: 73
ÿÿÿÿÿÿPF]LÖÐ[08][06][00][01][08][00][06][04][00][01]PF]LÖÐÀ¨[1D][1C][00][00][00][00][00][00]À¨[1D][01][00][00][00][00][00][00][00][00][00][00][00][00][00][00][00][00][00][00]CELEHFCEPFFFACACACACACACABM[00][00] [00][01]À[0C][00] [00][01][00][04]

------------------- Rx Data ---------------Rx_next_packet: 3180
Rx_packet_length: 60
Rx_pkt_count: 73
ÿÿÿÿÿÿPF]LÖÐ[08][06][00][01][08][00][06][04][00][01]PF]LÖÐÀ¨[1D][1C][00][00][00][00][00][00]À¨[1D][01][00][00][00][00][00][00][00][00][00][00][00][00][00][00][00][00][00][00]CELEHFCEPFFFACACACACACACABM[00][00] [00][01]À[0C][00] [00][01][00][04]

------------------- Rx Data ---------------Rx_next_packet: 3250
Rx_packet_length: 60
Rx_pkt_count: 72
ÿÿÿÿÿÿ,`[0C]È»¶[08][06][00][01][08][00][06][04][00][01],`[0C]È»¶À¨[1D][11][00][00][00][00][00][00]À¨[1D][01][00][00][00][00][00][00][00][00][00][00][00][00][00][00][00][00][00][00]CELEHFCEPFFFACACACACACACABM[00][00] [00][01]À[0C][00] [00][01][00][04]

------------------- Rx Data ---------------Rx_next_packet: 3320
Rx_packet_length: 60
Rx_pkt_count: 72
ÿÿÿÿÿÿ,`[0C]È»¶[08][06][00][01][08][00][06][04][00][01],`[0C]È»¶À¨[1D][11][00][00][00][00][00][00]À¨[1D][01][00][00][00][00][00][00][00][00][00][00][00][00][00][00][00][00][00][00]CELEHFCEPFFFACACACACACACABM[00][00] [00][01]À[0C][00] [00][01][00][04]

------------------- Rx Data ---------------Rx_next_packet: 3390
Rx_packet_length: 60
Rx_pkt_count: 71
ÿÿÿÿÿÿ,`[0C]È»¶[08][06][00][01][08][00][06][04][00][01],`[0C]È»¶À¨[1D][11][00][00][00][00][00][00]À¨[1D][01][00][00][00][00][00][00][00][00][00][00][00][00][00][00][00][00][00][00]CELEHFCEPFFFACACACACACACABM[00][00] [00][01]À[0C][00] [00][01][00][04]

------------------- Rx Data ---------------Rx_next_packet: 3460
Rx_packet_length: 60
Rx_pkt_count: 71
ÿÿÿÿÿÿPF]LÖÐ[08][06][00][01][08][00][06][04][00][01]PF]LÖÐÀ¨[1D][1C][00][00][00][00][00][00]À¨[1D][01][00][00][00][00][00][00][00][00][00][00][00][00][00][00][00][00][00][00]CELEHFCEPFFFACACACACACACABM[00][00] [00][01]À[0C][00] [00][01][00][04]

------------------- Rx Data ---------------Rx_next_packet: 3530
Rx_packet_length: 60
Rx_pkt_count: 71
ÿÿÿÿÿÿ,`[0C]È»¶[08][06][00][01][08][00][06][04][00][01],`[0C]È»¶À¨[1D][11][00][00][00][00][00][00]À¨[1D][01][00][00][00][00][00][00][00][00][00][00][00][00][00][00][00][00][00][00]CELEHFCEPFFFACACACACACACABM[00][00] [00][01]À[0C][00] [00][01][00][04]

------------------- Rx Data ---------------Rx_next_packet: 3600
Rx_packet_length: 60
Rx_pkt_count: 72
ÿÿÿÿÿÿPF]LÖÐ[08][06][00][01][08][00][06][04][00][01]PF]LÖÐÀ¨[1D][1C][00][00][00][00][00][00]À¨[1D][01][00][00][00][00][00][00][00][00][00][00][00][00][00][00][00][00][00][00]CELEHFCEPFFFACACACACACACABM[00][00] [00][01]À[0C][00] [00][01][00][04]

------------------- Rx Data ---------------Rx_next_packet: 3670
Rx_packet_length: 60
Rx_pkt_count: 72
ÿÿÿÿÿÿ,`[0C]È»¶[08][06][00][01][08][00][06][04][00][01],`[0C]È»¶À¨[1D][11][00][00][00][00][00][00]À¨[1D][01][00][00][00][00][00][00][00][00][00][00][00][00][00][00][00][00][00][00]CELEHFCEPFFFACACACACACACABM[00][00] [00][01]À[0C][00] [00][01][00][04]

------------------- Rx Data ---------------Rx_next_packet: 3740
Rx_packet_length: 60
Rx_pkt_count: 72
ÿÿÿÿÿÿPF]LÖÐ[08][06][00][01][08][00][06][04][00][01]PF]LÖÐÀ¨[1D][1C][00][00][00][00][00][00]À¨[1D][01][00][00][00][00][00][00][00][00][00][00][00][00][00][00][00][00][00][00]CELEHFCEPFFFACACACACACACABM[00][00] [00][01]À[0C][00] [00][01][00][04]

------------------- Rx Data ---------------Rx_next_packet: 3810
Rx_packet_length: 60
Rx_pkt_count: 72
ÿÿÿÿÿÿ,`[0C]È»¶[08][06][00][01][08][00][06][04][00][01],`[0C]È»¶À¨[1D][11][00][00][00][00][00][00]À¨[1D][01][00][00][00][00][00][00][00][00][00][00][00][00][00][00][00][00][00][00]CELEHFCEPFFFACACACACACACABM[00][00] [00][01]À[0C][00] [00][01][00][04]

------------------- Rx Data ---------------Rx_next_packet: 3880
Rx_packet_length: 60
Rx_pkt_count: 71
ÿÿÿÿÿÿPF]LÖÐ[08][06][00][01][08][00][06][04][00][01]PF]LÖÐÀ¨[1D][1C][00][00][00][00][00][00]À¨[1D][01][00][00][00][00][00][00][00][00][00][00][00][00][00][00][00][00][00][00]CELEHFCEPFFFACACACACACACABM[00][00] [00][01]À[0C][00] [00][01][00][04]

------------------- Rx Data ---------------Rx_next_packet: 3950
Rx_packet_length: 60
Rx_pkt_count: 72
ÿÿÿÿÿÿPF]LÖÐ[08][06][00][01][08][00][06][04][00][01]PF]LÖÐÀ¨[1D][1C][00][00][00][00][00][00]À¨[1D][01][00][00][00][00][00][00][00][00][00][00][00][00][00][00][00][00][00][00]CELEHFCEPFFFACACACACACACABM[00][00] [00][01]À[0C][00] [00][01][00][04]

------------------- Rx Data ---------------Rx_next_packet: 4020
Rx_packet_length: 60
Rx_pkt_count: 72
ÿÿÿÿÿÿ,`[0C]È»¶[08][06][00][01][08][00][06][04][00][01],`[0C]È»¶À¨[1D][11][00][00][00][00][00][00]À¨[1D][01][00][00][00][00][00][00][00][00][00][00][00][00][00][00][00][00][00][00]CELEHFCEPFFFACACACACACACABM[00][00] [00][01]À[0C][00] [00][01][00][04]

------------------- Rx Data ---------------Rx_next_packet: 4090
Rx_packet_length: 60
Rx_pkt_count: 72
ÿÿÿÿÿÿPF]LÖÐ[08][06][00][01][08][00][06][04][00][01]PF]LÖÐÀ¨[1D][1C][00][00][00][00][00][00]À¨[1D][01][00][00][00][00][00][00][00][00][00][00][00][00][00][00][00][00][00][00]CELEHFCEPFFFACACACACACACABM[00][00] [00][01]À[0C][00] [00][01][00][04]

------------------- Rx Data ---------------Rx_next_packet: 4160
Rx_packet_length: 60
Rx_pkt_count: 72
ÿÿÿÿÿÿ,`[0C]È»¶[08][06][00][01][08][00][06][04][00][01],`[0C]È»¶À¨[1D][11][00][00][00][00][00][00]À¨[1D][01][00][00][00][00][00][00][00][00][00][00][00][00][00][00][00][00][00][00]CELEHFCEPFFFACACACACACACABM[00][00] [00][01]À[0C][00] [00][01][00][04]

------------------- Rx Data ---------------Rx_next_packet: 4230
Rx_packet_length: 60
Rx_pkt_count: 71
ÿÿÿÿÿÿPF]LÖÐ[08][06][00][01][08][00][06][04][00][01]PF]LÖÐÀ¨[1D][1C][00][00][00][00][00][00]À¨[1D][01][00][00][00][00][00][00][00][00][00][00][00][00][00][00][00][00][00][00]CELEHFCEPFFFACACACACACACABM[00][00] [00][01]À[0C][00] [00][01][00][04]

------------------- Rx Data ---------------Rx_next_packet: 4300
Rx_packet_length: 60
Rx_pkt_count: 71
ÿÿÿÿÿÿ,`[0C]È»¶[08][06][00][01][08][00][06][04][00][01],`[0C]È»¶À¨[1D][11][00][00][00][00][00][00]À¨[1D][01][00][00][00][00][00][00][00][00][00][00][00][00][00][00][00][00][00][00]CELEHFCEPFFFACACACACACACABM[00][00] [00][01]À[0C][00] [00][01][00][04]

------------------- Rx Data ---------------Rx_next_packet: 4370
Rx_packet_length: 60
Rx_pkt_count: 70
ÿÿÿÿÿÿPF]LÖÐ[08][06][00][01][08][00][06][04][00][01]PF]LÖÐÀ¨[1D][1C][00][00][00][00][00][00]À¨[1D][01][00][00][00][00][00][00][00][00][00][00][00][00][00][00][00][00][00][00]CELEHFCEPFFFACACACACACACABM[00][00] [00][01]À[0C][00] [00][01][00][04]

------------------- Rx Data ---------------Rx_next_packet: 4440
Rx_packet_length: 60
Rx_pkt_count: 71
ÿÿÿÿÿÿPF]LÖÐ[08][06][00][01][08][00][06][04][00][01]PF]LÖÐÀ¨[1D][1C][00][00][00][00][00][00]À¨[1D][01][00][00][00][00][00][00][00][00][00][00][00][00][00][00][00][00][00][00]CELEHFCEPFFFACACACACACACABM[00][00] [00][01]À[0C][00] [00][01][00][04]

------------------- Rx Data ---------------Rx_next_packet: 4510
Rx_packet_length: 60
Rx_pkt_count: 71
ÿÿÿÿÿÿPF]LÖÐ[08][06][00][01][08][00][06][04][00][01]PF]LÖÐÀ¨[1D][1C][00][00][00][00][00][00]À¨[1D][01][00][00][00][00][00][00][00][00][00][00][00][00][00][00][00][00][00][00]CELEHFCEPFFFACACACACACACABM[00][00] [00][01]À[0C][00] [00][01][00][04]

------------------- Rx Data ---------------Rx_next_packet: 4580
Rx_packet_length: 60
Rx_pkt_count: 72
ÿÿÿÿÿÿPF]LÖÐ[08][06][00][01][08][00][06][04][00][01]PF]LÖÐÀ¨[1D][1C][00][00][00][00][00][00]À¨[1D][01][00][00][00][00][00][00][00][00][00][00][00][00][00][00][00][00][00][00]CELEHFCEPFFFACACACACACACABM[00][00] [00][01]À[0C][00] [00][01][00][04]

------------------- Rx Data ---------------Rx_next_packet: 4650
Rx_packet_length: 60
Rx_pkt_count: 72
ÿÿÿÿÿÿPF]LÖÐ[08][06][00][01][08][00][06][04][00][01]PF]LÖÐÀ¨[1D][1C][00][00][00][00][00][00]À¨[1D][01][00][00][00][00][00][00][00][00][00][00][00][00][00][00][00][00][00][00]CELEHFCEPFFFACACACACACACABM[00][00] [00][01]À[0C][00] [00][01][00][04]

------------------- Rx Data ---------------Rx_next_packet: 4720
Rx_packet_length: 60
Rx_pkt_count: 72
ÿÿÿÿÿÿPF]LÖÐ[08][06][00][01][08][00][06][04][00][01]PF]LÖÐÀ¨[1D][1C][00][00][00][00][00][00]À¨[1D][01][00][00][00][00][00][00][00][00][00][00][00][00][00][00][00][00][00][00]CELEHFCEPFFFACACACACACACABM[00][00] [00][01]À[0C][00] [00][01][00][04]

------------------- Rx Data ---------------Rx_next_packet: 4790
Rx_packet_length: 60
Rx_pkt_count: 72
ÿÿÿÿÿÿPF]LÖÐ[08][06][00][01][08][00][06][04][00][01]PF]LÖÐÀ¨[1D][1C][00][00][00][00][00][00]À¨[1D][01][00][00][00][00][00][00][00][00][00][00][00][00][00][00][00][00][00][00]CELEHFCEPFFFACACACACACACABM[00][00] [00][01]À[0C][00] [00][01][00][04]

------------------- Rx Data ---------------Rx_next_packet: 4860
Rx_packet_length: 60
Rx_pkt_count: 72
ÿÿÿÿÿÿPF]LÖÐ[08][06][00][01][08][00][06][04][00][01]PF]LÖÐÀ¨[1D][1C][00][00][00][00][00][00]À¨[1D][01][00][00][00][00][00][00][00][00][00][00][00][00][00][00][00][00][00][00]CELEHFCEPFFFACACACACACACABM[00][00] [00][01]À[0C][00] [00][01][00][04]

------------------- Rx Data ---------------Rx_next_packet: 4930
Rx_packet_length: 60
Rx_pkt_count: 73
ÿÿÿÿÿÿPF]LÖÐ[08][06][00][01][08][00][06][04][00][01]PF]LÖÐÀ¨[1D][1C][00][00][00][00][00][00]À¨[1D][01][00][00][00][00][00][00][00][00][00][00][00][00][00][00][00][00][00][00]CELEHFCEPFFFACACACACACACABM[00][00] [00][01]À[0C][00] [00][01][00][04]

------------------- Rx Data ---------------Rx_next_packet: 5000
Rx_packet_length: 60
Rx_pkt_count: 73
ÿÿÿÿÿÿPF]LÖÐ[08][06][00][01][08][00][06][04][00][01]PF]LÖÐÀ¨[1D][1C][00][00][00][00][00][00]À¨[1D][01][00][00][00][00][00][00][00][00][00][00][00][00][00][00][00][00][00][00]CELEHFCEPFFFACACACACACACABM[00][00] [00][01]À[0C][00] [00][01][00][04]

------------------- Rx Data ---------------Rx_next_packet: 5070
Rx_packet_length: 60
Rx_pkt_count: 72
ÿÿÿÿÿÿ,`[0C]È»¶[08][06][00][01][08][00][06][04][00][01],`[0C]È»¶À¨[1D][11][00][00][00][00][00][00]À¨[1D][01][00][00][00][00][00][00][00][00][00][00][00][00][00][00][00][00][00][00]CELEHFCEPFFFACACACACACACABM[00][00] [00][01]À[0C][00] [00][01][00][04]

------------------- Rx Data ---------------Rx_next_packet: 5140
Rx_packet_length: 60
Rx_pkt_count: 72
ÿÿÿÿÿÿPF]LÖÐ[08][06][00][01][08][00][06][04][00][01]PF]LÖÐÀ¨[1D][1C][00][00][00][00][00][00]À¨[1D][01][00][00][00][00][00][00][00][00][00][00][00][00][00][00][00][00][00][00]CELEHFCEPFFFACACACACACACABM[00][00] [00][01]À[0C][00] [00][01][00][04]

------------------- Rx Data ---------------Rx_next_packet: 5210
Rx_packet_length: 60
Rx_pkt_count: 71
ÿÿÿÿÿÿ,`[0C]È»¶[08][06][00][01][08][00][06][04][00][01],`[0C]È»¶À¨[1D][11][00][00][00][00][00][00]À¨[1D][01][00][00][00][00][00][00][00][00][00][00][00][00][00][00][00][00][00][00]CELEHFCEPFFFACACACACACACABM[00][00] [00][01]À[0C][00] [00][01][00][04]

------------------- Rx Data ---------------Rx_next_packet: 5280
Rx_packet_length: 60
Rx_pkt_count: 70
ÿÿÿÿÿÿPF]LÖÐ[08][06][00][01][08][00][06][04][00][01]PF]LÖÐÀ¨[1D][1C][00][00][00][00][00][00]À¨[1D][01][00][00][00][00][00][00][00][00][00][00][00][00][00][00][00][00][00][00]CELEHFCEPFFFACACACACACACABM[00][00] [00][01]À[0C][00] [00][01][00][04]

------------------- Rx Data ---------------Rx_next_packet: 5350
Rx_packet_length: 60
Rx_pkt_count: 69
ÿÿÿÿÿÿ,`[0C]È»¶[08][06][00][01][08][00][06][04][00][01],`[0C]È»¶À¨[1D][11][00][00][00][00][00][00]À¨[1D][01][00][00][00][00][00][00][00][00][00][00][00][00][00][00][00][00][00][00]CELEHFCEPFFFACACACACACACABM[00][00] [00][01]À[0C][00] [00][01][00][04]

------------------- Rx Data ---------------Rx_next_packet: 5420
Rx_packet_length: 60
Rx_pkt_count: 69
ÿÿÿÿÿÿPF]LÖÐ[08][06][00][01][08][00][06][04][00][01]PF]LÖÐÀ¨[1D][1C][00][00][00][00][00][00]À¨[1D][01][00][00][00][00][00][00][00][00][00][00][00][00][00][00][00][00][00][00]CELEHFCEPFFFACACACACACACABM[00][00] [00][01]À[0C][00] [00][01][00][04]

------------------- Rx Data ---------------Rx_next_packet: 5490
Rx_packet_length: 60
Rx_pkt_count: 69
ÿÿÿÿÿÿPF]LÖÐ[08][06][00][01][08][00][06][04][00][01]PF]LÖÐÀ¨[1D][1C][00][00][00][00][00][00]À¨[1D][01][00][00][00][00][00][00][00][00][00][00][00][00][00][00][00][00][00][00]CELEHFCEPFFFACACACACACACABM[00][00] [00][01]À[0C][00] [00][01][00][04]

------------------- Rx Data ---------------Rx_next_packet: 5560
Rx_packet_length: 60
Rx_pkt_count: 68
ÿÿÿÿÿÿPF]LÖÐ[08][06][00][01][08][00][06][04][00][01]PF]LÖÐÀ¨[1D][1C][00][00][00][00][00][00]À¨[1D][01][00][00][00][00][00][00][00][00][00][00][00][00][00][00][00][00][00][00]CELEHFCEPFFFACACACACACACABM[00][00] [00][01]À[0C][00] [00][01][00][04]

------------------- Rx Data ---------------Rx_next_packet: 5630
Rx_packet_length: 60
Rx_pkt_count: 68
ÿÿÿÿÿÿPF]LÖÐ[08][06][00][01][08][00][06][04][00][01]PF]LÖÐÀ¨[1D][1C][00][00][00][00][00][00]À¨[1D][01][00][00][00][00][00][00][00][00][00][00][00][00][00][00][00][00][00][00]CELEHFCEPFFFACACACACACACABM[00][00] [00][01]À[0C][00] [00][01][00][04]

------------------- Rx Data ---------------Rx_next_packet: 5700
Rx_packet_length: 60
Rx_pkt_count: 67
ÿÿÿÿÿÿPF]LÖÐ[08][06][00][01][08][00][06][04][00][01]PF]LÖÐÀ¨[1D][1C][00][00][00][00][00][00]À¨[1D][01][00][00][00][00][00][00][00][00][00][00][00][00][00][00][00][00][00][00]CELEHFCEPFFFACACACACACACABM[00][00] [00][01]À[0C][00] [00][01][00][04]

------------------- Rx Data ---------------Rx_next_packet: 5770
Rx_packet_length: 60
Rx_pkt_count: 66
ÿÿÿÿÿÿPF]LÖÐ[08][06][00][01][08][00][06][04][00][01]PF]LÖÐÀ¨[1D][1C][00][00][00][00][00][00]À¨[1D][01][00][00][00][00][00][00][00][00][00][00][00][00][00][00][00][00][00][00]CELEHFCEPFFFACACACACACACABM[00][00] [00][01]À[0C][00] [00][01][00][04]

------------------- Rx Data ---------------Rx_next_packet: 5840
Rx_packet_length: 60
Rx_pkt_count: 65
ÿÿÿÿÿÿ,`[0C]È»¶[08][06][00][01][08][00][06][04][00][01],`[0C]È»¶À¨[1D][11][00][00][00][00][00][00]À¨[1D][01][00][00][00][00][00][00][00][00][00][00][00][00][00][00][00][00][00][00]CELEHFCEPFFFACACACACACACABM[00][00] [00][01]À[0C][00] [00][01][00][04]

------------------- Rx Data ---------------Rx_next_packet: 5910
Rx_packet_length: 60
Rx_pkt_count: 65
ÿÿÿÿÿÿ,`[0C]È»¶[08][06][00][01][08][00][06][04][00][01],`[0C]È»¶À¨[1D][11][00][00][00][00][00][00]À¨[1D][01][00][00][00][00][00][00][00][00][00][00][00][00][00][00][00][00][00][00]CELEHFCEPFFFACACACACACACABM[00][00] [00][01]À[0C][00] [00][01][00][04]

------------------- Rx Data ---------------Rx_next_packet: 5980
Rx_packet_length: 60
Rx_pkt_count: 65
ÿÿÿÿÿÿPF]LÖÐ[08][06][00][01][08][00][06][04][00][01]PF]LÖÐÀ¨[1D][1C][00][00][00][00][00][00]À¨[1D][01][00][00][00][00][00][00][00][00][00][00][00][00][00][00][00][00][00][00]CELEHFCEPFFFACACACACACACABM[00][00] [00][01]À[0C][00] [00][01][00][04]

------------------- Rx Data ---------------Rx_next_packet: 6050
Rx_packet_length: 60
Rx_pkt_count: 64
ÿÿÿÿÿÿ,`[0C]È»¶[08][06][00][01][08][00][06][04][00][01],`[0C]È»¶À¨[1D][11][00][00][00][00][00][00]À¨[1D][01][00][00][00][00][00][00][00][00][00][00][00][00][00][00][00][00][00][00]CELEHFCEPFFFACACACACACACABM[00][00] [00][01]À[0C][00] [00][01][00][04]

------------------- Rx Data ---------------Rx_next_packet: 6120
Rx_packet_length: 60
Rx_pkt_count: 65
ÿÿÿÿÿÿPF]LÖÐ[08][06][00][01][08][00][06][04][00][01]PF]LÖÐÀ¨[1D][1C][00][00][00][00][00][00]À¨[1D][01][00][00][00][00][00][00][00][00][00][00][00][00][00][00][00][00][00][00]CELEHFCEPFFFACACACACACACABM[00][00] [00][01]À[0C][00] [00][01][00][04]

------------------- Rx Data ---------------Rx_next_packet: 6190
Rx_packet_length: 60
Rx_pkt_count: 65
ÿÿÿÿÿÿPF]LÖÐ[08][06][00][01][08][00][06][04][00][01]PF]LÖÐÀ¨[1D][1C][00][00][00][00][00][00]À¨[1D][01][00][00][00][00][00][00][00][00][00][00][00][00][00][00][00][00][00][00]CELEHFCEPFFFACACACACACACABM[00][00] [00][01]À[0C][00] [00][01][00][04]

------------------- Rx Data ---------------Rx_next_packet: 6260
Rx_packet_length: 60
Rx_pkt_count: 65
ÿÿÿÿÿÿ,`[0C]È»¶[08][06][00][01][08][00][06][04][00][01],`[0C]È»¶À¨[1D][11][00][00][00][00][00][00]À¨[1D][01][00][00][00][00][00][00][00][00][00][00][00][00][00][00][00][00][00][00]CELEHFCEPFFFACACACACACACABM[00][00] [00][01]À[0C][00] [00][01][00][04]

------------------- Rx Data ---------------Rx_next_packet: 6330
Rx_packet_length: 60
Rx_pkt_count: 66
ÿÿÿÿÿÿ,`[0C]È»¶[08][06][00][01][08][00][06][04][00][01],`[0C]È»¶À¨[1D][11][00][00][00][00][00][00]À¨[1D][01][00][00][00][00][00][00][00][00][00][00][00][00][00][00][00][00][00][00]CELEHFCEPFFFACACACACACACABM[00][00] [00][01]À[0C][00] [00][01][00][04]

------------------- Rx Data ---------------Rx_next_packet: 6400
Rx_packet_length: 60
Rx_pkt_count: 65
ÿÿÿÿÿÿPF]LÖÐ[08][06][00][01][08][00][06][04][00][01]PF]LÖÐÀ¨[1D][1C][00][00][00][00][00][00]À¨[1D][01][00][00][00][00][00][00][00][00][00][00][00][00][00][00][00][00][00][00]CELEHFCEPFFFACACACACACACABM[00][00] [00][01]À[0C][00] [00][01][00][04]

------------------- Rx Data ---------------Rx_next_packet: 6470
Rx_packet_length: 60
Rx_pkt_count: 65
ÿÿÿÿÿÿ,`[0C]È»¶[08][06][00][01][08][00][06][04][00][01],`[0C]È»¶À¨[1D][11][00][00][00][00][00][00]À¨[1D][01][00][00][00][00][00][00][00][00][00][00][00][00][00][00][00][00][00][00]CELEHFCEPFFFACACACACACACABM[00][00] [00][01]À[0C][00] [00][01][00][04]

------------------- Rx Data ---------------Rx_next_packet: 6540
Rx_packet_length: 60
Rx_pkt_count: 64
ÿÿÿÿÿÿPF]LÖÐ[08][06][00][01][08][00][06][04][00][01]PF]LÖÐÀ¨[1D][1C][00][00][00][00][00][00]À¨[1D][01][00][00][00][00][00][00][00][00][00][00][00][00][00][00][00][00][00][00]CELEHFCEPFFFACACACACACACABM[00][00] [00][01]À[0C][00] [00][01][00][04]

------------------- Rx Data ---------------Rx_next_packet: 6610
Rx_packet_length: 60
Rx_pkt_count: 64
ÿÿÿÿÿÿ,`[0C]È»¶[08][06][00][01][08][00][06][04][00][01],`[0C]È»¶À¨[1D][11][00][00][00][00][00][00]À¨[1D][01][00][00][00][00][00][00][00][00][00][00][00][00][00][00][00][00][00][00]CELEHFCEPFFFACACACACACACABM[00][00] [00][01]À[0C][00] [00][01][00][04]

------------------- Rx Data ---------------Rx_next_packet: 26
Rx_packet_length: 60
Rx_pkt_count: 65
ÿÿÿÿÿÿPF]LÖÐ[08][06][00][01][08][00][06][04][00][01]PF]LÖÐÀ¨[1D][1C][00][00][00][00][00][00]À¨[1D][01][00][00][00][00][00][00][00][00][00][00][00][00][00][00][00][00][00][00]CELEHFCEPFFFACACACACACACABM[00][00] [00][01]À[0C][00] [00][01][00][04]

------------------- Rx Data ---------------Rx_next_packet: 96
Rx_packet_length: 60
Rx_pkt_count: 65
ÿÿÿÿÿÿ,`[0C]È»¶[08][06][00][01][08][00][06][04][00][01],`[0C]È»¶À¨[1D][11][00][00][00][00][00][00]À¨[1D][01][00][00][00][00][00][00][00][00][00][00][00][00][00][00][00][00][00][00]CELEHFCEPFFFACACACACACACABM[00][00] [00][01]À[0C][00] [00][01][00][04]

------------------- Rx Data ---------------Rx_next_packet: 166
Rx_packet_length: 60
Rx_pkt_count: 67
ÿÿÿÿÿÿPF]LÖÐ[08][06][00][01][08][00][06][04][00][01]PF]LÖÐÀ¨[1D][1C][00][00][00][00][00][00]À¨[1D][01][00][00][00][00][00][00][00][00][00][00][00][00][00][00][00][00][00][00]CELEHFCEPFFFACACACACACACABM[00][00] [00][01]À[0C][00] [00][01][00][04]

------------------- Rx Data ---------------Rx_next_packet: 236
Rx_packet_length: 60
Rx_pkt_count: 67
ÿÿÿÿÿÿ,`[0C]È»¶[08][06][00][01][08][00][06][04][00][01],`[0C]È»¶À¨[1D][11][00][00][00][00][00][00]À¨[1D][01][00][00][00][00][00][00][00][00][00][00][00][00][00][00][00][00][00][00]CELEHFCEPFFFACACACACACACABM[00][00] [00][01]À[0C][00] [00][01][00][04]

------------------- Rx Data ---------------Rx_next_packet: 306
Rx_packet_length: 60
Rx_pkt_count: 67
ÿÿÿÿÿÿPF]LÖÐ[08][06][00][01][08][00][06][04][00][01]PF]LÖÐÀ¨[1D][1C][00][00][00][00][00][00]À¨[1D][01][00][00][00][00][00][00][00][00][00][00][00][00][00][00][00][00][00][00]CELEHFCEPFFFACACACACACACABM[00][00] [00][01]À[0C][00] [00][01][00][04]

------------------- Rx Data ---------------Rx_next_packet: 376
Rx_packet_length: 60
Rx_pkt_count: 67
ÿÿÿÿÿÿ,`[0C]È»¶[08][06][00][01][08][00][06][04][00][01],`[0C]È»¶À¨[1D][11][00][00][00][00][00][00]À¨[1D][01][00][00][00][00][00][00][00][00][00][00][00][00][00][00][00][00][00][00]CELEHFCEPFFFACACACACACACABM[00][00] [00][01]À[0C][00] [00][01][00][04]

------------------- Rx Data ---------------Rx_next_packet: 446
Rx_packet_length: 60
Rx_pkt_count: 66
ÿÿÿÿÿÿ,`[0C]È»¶[08][06][00][01][08][00][06][04][00][01],`[0C]È»¶À¨[1D][11][00][00][00][00][00][00]À¨[1D][01][00][00][00][00][00][00][00][00][00][00][00][00][00][00][00][00][00][00]CELEHFCEPFFFACACACACACACABM[00][00] [00][01]À[0C][00] [00][01][00][04]

------------------- Rx Data ---------------Rx_next_packet: 516
Rx_packet_length: 60
Rx_pkt_count: 66
ÿÿÿÿÿÿPF]LÖÐ[08][06][00][01][08][00][06][04][00][01]PF]LÖÐÀ¨[1D][1C][00][00][00][00][00][00]À¨[1D][01][00][00][00][00][00][00][00][00][00][00][00][00][00][00][00][00][00][00]CELEHFCEPFFFACACACACACACABM[00][00] [00][01]À[0C][00] [00][01][00][04]

------------------- Rx Data ---------------Rx_next_packet: 586
Rx_packet_length: 60
Rx_pkt_count: 65
ÿÿÿÿÿÿPF]LÖÐ[08][06][00][01][08][00][06][04][00][01]PF]LÖÐÀ¨[1D][1C][00][00][00][00][00][00]À¨[1D][01][00][00][00][00][00][00][00][00][00][00][00][00][00][00][00][00][00][00]CELEHFCEPFFFACACACACACACABM[00][00] [00][01]À[0C][00] [00][01][00][04]

------------------- Rx Data ---------------Rx_next_packet: 656
Rx_packet_length: 60
Rx_pkt_count: 65
ÿÿÿÿÿÿ,`[0C]È»¶[08][06][00][01][08][00][06][04][00][01],`[0C]È»¶À¨[1D][11][00][00][00][00][00][00]À¨[1D][01][00][00][00][00][00][00][00][00][00][00][00][00][00][00][00][00][00][00]CELEHFCEPFFFACACACACACACABM[00][00] [00][01]À[0C][00] [00][01][00][04]

------------------- Rx Data ---------------Rx_next_packet: 726
Rx_packet_length: 60
Rx_pkt_count: 64
ÿÿÿÿÿÿPF]LÖÐ[08][06][00][01][08][00][06][04][00][01]PF]LÖÐÀ¨[1D][1C][00][00][00][00][00][00]À¨[1D][01][00][00][00][00][00][00][00][00][00][00][00][00][00][00][00][00][00][00]CELEHFCEPFFFACACACACACACABM[00][00] [00][01]À[0C][00] [00][01][00][04]

------------------- Rx Data ---------------Rx_next_packet: 796
Rx_packet_length: 60
Rx_pkt_count: 64
ÿÿÿÿÿÿ,`[0C]È»¶[08][06][00][01][08][00][06][04][00][01],`[0C]È»¶À¨[1D][11][00][00][00][00][00][00]À¨[1D][01][00][00][00][00][00][00][00][00][00][00][00][00][00][00][00][00][00][00]CELEHFCEPFFFACACACACACACABM[00][00] [00][01]À[0C][00] [00][01][00][04]

------------------- Rx Data ---------------Rx_next_packet: 866
Rx_packet_length: 60
Rx_pkt_count: 63
ÿÿÿÿÿÿ,`[0C]È»¶[08][06][00][01][08][00][06][04][00][01],`[0C]È»¶À¨[1D][11][00][00][00][00][00][00]À¨[1D][01][00][00][00][00][00][00][00][00][00][00][00][00][00][00][00][00][00][00]CELEHFCEPFFFACACACACACACABM[00][00] [00][01]À[0C][00] [00][01][00][04]

------------------- Rx Data ---------------Rx_next_packet: 936
Rx_packet_length: 60
Rx_pkt_count: 64
ÿÿÿÿÿÿPF]LÖÐ[08][06][00][01][08][00][06][04][00][01]PF]LÖÐÀ¨[1D][1C][00][00][00][00][00][00]À¨[1D][01][00][00][00][00][00][00][00][00][00][00][00][00][00][00][00][00][00][00]CELEHFCEPFFFACACACACACACABM[00][00] [00][01]À[0C][00] [00][01][00][04]

------------------- Rx Data ---------------Rx_next_packet: 1006
Rx_packet_length: 60
Rx_pkt_count: 64
ÿÿÿÿÿÿ,`[0C]È»¶[08][06][00][01][08][00][06][04][00][01],`[0C]È»¶À¨[1D][11][00][00][00][00][00][00]À¨[1D][01][00][00][00][00][00][00][00][00][00][00][00][00][00][00][00][00][00][00]CELEHFCEPFFFACACACACACACABM[00][00] [00][01]À[0C][00] [00][01][00][04]

------------------- Rx Data ---------------Rx_next_packet: 1076
Rx_packet_length: 60
Rx_pkt_count: 65
ÿÿÿÿÿÿPF]LÖÐ[08][06][00][01][08][00][06][04][00][01]PF]LÖÐÀ¨[1D][1C][00][00][00][00][00][00]À¨[1D][01][00][00][00][00][00][00][00][00][00][00][00][00][00][00][00][00][00][00]CELEHFCEPFFFACACACACACACABM[00][00] [00][01]À[0C][00] [00][01][00][04]

------------------- Rx Data ---------------Rx_next_packet: 1146
Rx_packet_length: 60
Rx_pkt_count: 64
ÿÿÿÿÿÿPF]LÖÐ[08][06][00][01][08][00][06][04][00][01]PF]LÖÐÀ¨[1D][1C][00][00][00][00][00][00]À¨[1D][01][00][00][00][00][00][00][00][00][00][00][00][00][00][00][00][00][00][00]CELEHFCEPFFFACACACACACACABM[00][00] [00][01]À[0C][00] [00][01][00][04]

------------------- Rx Data ---------------Rx_next_packet: 1216
Rx_packet_length: 60
Rx_pkt_count: 63
ÿÿÿÿÿÿ,`[0C]È»¶[08][06][00][01][08][00][06][04][00][01],`[0C]È»¶À¨[1D][11][00][00][00][00][00][00]À¨[1D][01][00][00][00][00][00][00][00][00][00][00][00][00][00][00][00][00][00][00]CELEHFCEPFFFACACACACACACABM[00][00] [00][01]À[0C][00] [00][01][00][04]

------------------- Rx Data ---------------Rx_next_packet: 1286
Rx_packet_length: 60
Rx_pkt_count: 64
ÿÿÿÿÿÿPF]LÖÐ[08][06][00][01][08][00][06][04][00][01]PF]LÖÐÀ¨[1D][1C][00][00][00][00][00][00]À¨[1D][01][00][00][00][00][00][00][00][00][00][00][00][00][00][00][00][00][00][00]CELEHFCEPFFFACACACACACACABM[00][00] [00][01]À[0C][00] [00][01][00][04]

------------------- Rx Data ---------------Rx_next_packet: 1356
Rx_packet_length: 60
Rx_pkt_count: 65
ÿÿÿÿÿÿ,`[0C]È»¶[08][06][00][01][08][00][06][04][00][01],`[0C]È»¶À¨[1D][11][00][00][00][00][00][00]À¨[1D][01][00][00][00][00][00][00][00][00][00][00][00][00][00][00][00][00][00][00]CELEHFCEPFFFACACACACACACABM[00][00] [00][01]À[0C][00] [00][01][00][04]

------------------- Rx Data ---------------Rx_next_packet: 1426
Rx_packet_length: 60
Rx_pkt_count: 64
ÿÿÿÿÿÿPF]LÖÐ[08][06][00][01][08][00][06][04][00][01]PF]LÖÐÀ¨[1D][1C][00][00][00][00][00][00]À¨[1D][01][00][00][00][00][00][00][00][00][00][00][00][00][00][00][00][00][00][00]CELEHFCEPFFFACACACACACACABM[00][00] [00][01]À[0C][00] [00][01][00][04]

------------------- Rx Data ---------------Rx_next_packet: 1496
Rx_packet_length: 60
Rx_pkt_count: 65
ÿÿÿÿÿÿ,`[0C]È»¶[08][06][00][01][08][00][06][04][00][01],`[0C]È»¶À¨[1D][11][00][00][00][00][00][00]À¨[1D][01][00][00][00][00][00][00][00][00][00][00][00][00][00][00][00][00][00][00]CELEHFCEPFFFACACACACACACABM[00][00] [00][01]À[0C][00] [00][01][00][04]

------------------- Rx Data ---------------Rx_next_packet: 1566
Rx_packet_length: 60
Rx_pkt_count: 64
ÿÿÿÿÿÿPF]LÖÐ[08][06][00][01][08][00][06][04][00][01]PF]LÖÐÀ¨[1D][1C][00][00][00][00][00][00]À¨[1D][01][00][00][00][00][00][00][00][00][00][00][00][00][00][00][00][00][00][00]CELEHFCEPFFFACACACACACACABM[00][00] [00][01]À[0C][00] [00][01][00][04]

------------------- Rx Data ---------------Rx_next_packet: 1636
Rx_packet_length: 60
Rx_pkt_count: 63
ÿÿÿÿÿÿPF]LÖÐ[08][06][00][01][08][00][06][04][00][01]PF]LÖÐÀ¨[1D][1C][00][00][00][00][00][00]À¨[1D][01][00][00][00][00][00][00][00][00][00][00][00][00][00][00][00][00][00][00]CELEHFCEPFFFACACACACACACABM[00][00] [00][01]À[0C][00] [00][01][00][04]

------------------- Rx Data ---------------Rx_next_packet: 1706
Rx_packet_length: 60
Rx_pkt_count: 62
ÿÿÿÿÿÿPF]LÖÐ[08][06][00][01][08][00][06][04][00][01]PF]LÖÐÀ¨[1D][1C][00][00][00][00][00][00]À¨[1D][01][00][00][00][00][00][00][00][00][00][00][00][00][00][00][00][00][00][00]CELEHFCEPFFFACACACACACACABM[00][00] [00][01]À[0C][00] [00][01][00][04]

------------------- Rx Data ---------------Rx_next_packet: 1776
Rx_packet_length: 60
Rx_pkt_count: 63
ÿÿÿÿÿÿ,`[0C]È»¶[08][06][00][01][08][00][06][04][00][01],`[0C]È»¶À¨[1D][11][00][00][00][00][00][00]À¨[1D][01][00][00][00][00][00][00][00][00][00][00][00][00][00][00][00][00][00][00]CELEHFCEPFFFACACACACACACABM[00][00] [00][01]À[0C][00] [00][01][00][04]

------------------- Rx Data ---------------Rx_next_packet: 1846
Rx_packet_length: 60
Rx_pkt_count: 64
ÿÿÿÿÿÿPF]LÖÐ[08][06][00][01][08][00][06][04][00][01]PF]LÖÐÀ¨[1D][1C][00][00][00][00][00][00]À¨[1D][01][00][00][00][00][00][00][00][00][00][00][00][00][00][00][00][00][00][00]CELEHFCEPFFFACACACACACACABM[00][00] [00][01]À[0C][00] [00][01][00][04]

------------------- Rx Data ---------------Rx_next_packet: 1916
Rx_packet_length: 60
Rx_pkt_count: 63
ÿÿÿÿÿÿ,`[0C]È»¶[08][06][00][01][08][00][06][04][00][01],`[0C]È»¶À¨[1D][11][00][00][00][00][00][00]À¨[1D][01][00][00][00][00][00][00][00][00][00][00][00][00][00][00][00][00][00][00]CELEHFCEPFFFACACACACACACABM[00][00] [00][01]À[0C][00] [00][01][00][04]

------------------- Rx Data ---------------Rx_next_packet: 1986
Rx_packet_length: 60
Rx_pkt_count: 64
ÿÿÿÿÿÿPF]LÖÐ[08][06][00][01][08][00][06][04][00][01]PF]LÖÐÀ¨[1D][1C][00][00][00][00][00][00]À¨[1D][01][00][00][00][00][00][00][00][00][00][00][00][00][00][00][00][00][00][00]CELEHFCEPFFFACACACACACACABM[00][00] [00][01]À[0C][00] [00][01][00][04]

------------------- Rx Data ---------------Rx_next_packet: 2056
Rx_packet_length: 60
Rx_pkt_count: 63
ÿÿÿÿÿÿ,`[0C]È»¶[08][06][00][01][08][00][06][04][00][01],`[0C]È»¶À¨[1D][11][00][00][00][00][00][00]À¨[1D][01][00][00][00][00][00][00][00][00][00][00][00][00][00][00][00][00][00][00]CELEHFCEPFFFACACACACACACABM[00][00] [00][01]À[0C][00] [00][01][00][04]

------------------- Rx Data ---------------Rx_next_packet: 2126
Rx_packet_length: 60
Rx_pkt_count: 63
ÿÿÿÿÿÿPF]LÖÐ[08][06][00][01][08][00][06][04][00][01]PF]LÖÐÀ¨[1D][1C][00][00][00][00][00][00]À¨[1D][01][00][00][00][00][00][00][00][00][00][00][00][00][00][00][00][00][00][00]CELEHFCEPFFFACACACACACACABM[00][00] [00][01]À[0C][00] [00][01][00][04]

------------------- Rx Data ---------------Rx_next_packet: 2196
Rx_packet_length: 60
Rx_pkt_count: 62
ÿÿÿÿÿÿ,`[0C]È»¶[08][06][00][01][08][00][06][04][00][01],`[0C]È»¶À¨[1D][11][00][00][00][00][00][00]À¨[1D][01][00][00][00][00][00][00][00][00][00][00][00][00][00][00][00][00][00][00]CELEHFCEPFFFACACACACACACABM[00][00] [00][01]À[0C][00] [00][01][00][04]

------------------- Rx Data ---------------Rx_next_packet: 2266
Rx_packet_length: 60
Rx_pkt_count: 62
ÿÿÿÿÿÿPF]LÖÐ[08][06][00][01][08][00][06][04][00][01]PF]LÖÐÀ¨[1D][1C][00][00][00][00][00][00]À¨[1D][01][00][00][00][00][00][00][00][00][00][00][00][00][00][00][00][00][00][00]CELEHFCEPFFFACACACACACACABM[00][00] [00][01]À[0C][00] [00][01][00][04]

------------------- Rx Data ---------------Rx_next_packet: 2336
Rx_packet_length: 60
Rx_pkt_count: 61
ÿÿÿÿÿÿ,`[0C]È»¶[08][06][00][01][08][00][06][04][00][01],`[0C]È»¶À¨[1D][11][00][00][00][00][00][00]À¨[1D][01][00][00][00][00][00][00][00][00][00][00][00][00][00][00][00][00][00][00]CELEHFCEPFFFACACACACACACABM[00][00] [00][01]À[0C][00] [00][01][00][04]

------------------- Rx Data ---------------Rx_next_packet: 2406
Rx_packet_length: 60
Rx_pkt_count: 62
ÿÿÿÿÿÿ,`[0C]È»¶[08][06][00][01][08][00][06][04][00][01],`[0C]È»¶À¨[1D][11][00][00][00][00][00][00]À¨[1D][01][00][00][00][00][00][00][00][00][00][00][00][00][00][00][00][00][00][00]CELEHFCEPFFFACACACACACACABM[00][00] [00][01]À[0C][00] [00][01][00][04]

------------------- Rx Data ---------------Rx_next_packet: 2476
Rx_packet_length: 60
Rx_pkt_count: 63
ÿÿÿÿÿÿPF]LÖÐ[08][06][00][01][08][00][06][04][00][01]PF]LÖÐÀ¨[1D][1C][00][00][00][00][00][00]À¨[1D][01][00][00][00][00][00][00][00][00][00][00][00][00][00][00][00][00][00][00]CELEHFCEPFFFACACACACACACABM[00][00] [00][01]À[0C][00] [00][01][00][04]

------------------- Rx Data ---------------Rx_next_packet: 2546
Rx_packet_length: 60
Rx_pkt_count: 62
ÿÿÿÿÿÿPF]LÖÐ[08][06][00][01][08][00][06][04][00][01]PF]LÖÐÀ¨[1D][1C][00][00][00][00][00][00]À¨[1D][01][00][00][00][00][00][00][00][00][00][00][00][00][00][00][00][00][00][00]CELEHFCEPFFFACACACACACACABM[00][00] [00][01]À[0C][00] [00][01][00][04]

------------------- Rx Data ---------------Rx_next_packet: 2616
Rx_packet_length: 60
Rx_pkt_count: 63
ÿÿÿÿÿÿ,`[0C]È»¶[08][06][00][01][08][00][06][04][00][01],`[0C]È»¶À¨[1D][11][00][00][00][00][00][00]À¨[1D][01][00][00][00][00][00][00][00][00][00][00][00][00][00][00][00][00][00][00]CELEHFCEPFFFACACACACACACABM[00][00] [00][01]À[0C][00] [00][01][00][04]

------------------- Rx Data ---------------Rx_next_packet: 2686
Rx_packet_length: 60
Rx_pkt_count: 62
ÿÿÿÿÿÿPF]LÖÐ[08][06][00][01][08][00][06][04][00][01]PF]LÖÐÀ¨[1D][1C][00][00][00][00][00][00]À¨[1D][01][00][00][00][00][00][00][00][00][00][00][00][00][00][00][00][00][00][00]CELEHFCEPFFFACACACACACACABM[00][00] [00][01]À[0C][00] [00][01][00][04]

------------------- Rx Data ---------------Rx_next_packet: 2756
Rx_packet_length: 60
Rx_pkt_count: 63
ÿÿÿÿÿÿ,`[0C]È»¶[08][06][00][01][08][00][06][04][00][01],`[0C]È»¶À¨[1D][11][00][00][00][00][00][00]À¨[1D][01][00][00][00][00][00][00][00][00][00][00][00][00][00][00][00][00][00][00]CELEHFCEPFFFACACACACACACABM[00][00] [00][01]À[0C][00] [00][01][00][04]

------------------- Rx Data ---------------Rx_next_packet: 2826
Rx_packet_length: 60
Rx_pkt_count: 62
ÿÿÿÿÿÿPF]LÖÐ[08][06][00][01][08][00][06][04][00][01]PF]LÖÐÀ¨[1D][1C][00][00][00][00][00][00]À¨[1D][01][00][00][00][00][00][00][00][00][00][00][00][00][00][00][00][00][00][00]CELEHFCEPFFFACACACACACACABM[00][00] [00][01]À[0C][00] [00][01][00][04]

------------------- Rx Data ---------------Rx_next_packet: 2896
Rx_packet_length: 60
Rx_pkt_count: 62
ÿÿÿÿÿÿ,`[0C]È»¶[08][06][00][01][08][00][06][04][00][01],`[0C]È»¶À¨[1D][11][00][00][00][00][00][00]À¨[1D][01][00][00][00][00][00][00][00][00][00][00][00][00][00][00][00][00][00][00]CELEHFCEPFFFACACACACACACABM[00][00] [00][01]À[0C][00] [00][01][00][04]

------------------- Rx Data ---------------Rx_next_packet: 2966
Rx_packet_length: 60
Rx_pkt_count: 63
ÿÿÿÿÿÿPF]LÖÐ[08][06][00][01][08][00][06][04][00][01]PF]LÖÐÀ¨[1D][1C][00][00][00][00][00][00]À¨[1D][01][00][00][00][00][00][00][00][00][00][00][00][00][00][00][00][00][00][00]CELEHFCEPFFFACACACACACACABM[00][00] [00][01]À[0C][00] [00][01][00][04]

------------------- Rx Data ---------------Rx_next_packet: 3036
Rx_packet_length: 60
Rx_pkt_count: 62
ÿÿÿÿÿÿ,`[0C]È»¶[08][06][00][01][08][00][06][04][00][01],`[0C]È»¶À¨[1D][11][00][00][00][00][00][00]À¨[1D][01][00][00][00][00][00][00][00][00][00][00][00][00][00][00][00][00][00][00]CELEHFCEPFFFACACACACACACABM[00][00] [00][01]À[0C][00] [00][01][00][04]

------------------- Rx Data ---------------Rx_next_packet: 3106
Rx_packet_length: 60
Rx_pkt_count: 62
ÿÿÿÿÿÿPF]LÖÐ[08][06][00][01][08][00][06][04][00][01]PF]LÖÐÀ¨[1D][1C][00][00][00][00][00][00]À¨[1D][01][00][00][00][00][00][00][00][00][00][00][00][00][00][00][00][00][00][00]CELEHFCEPFFFACACACACACACABM[00][00] [00][01]À[0C][00] [00][01][00][04]

------------------- Rx Data ---------------Rx_next_packet: 3176
Rx_packet_length: 60
Rx_pkt_count: 61
ÿÿÿÿÿÿ,`[0C]È»¶[08][06][00][01][08][00][06][04][00][01],`[0C]È»¶À¨[1D][11][00][00][00][00][00][00]À¨[1D][01][00][00][00][00][00][00][00][00][00][00][00][00][00][00][00][00][00][00]CELEHFCEPFFFACACACACACACABM[00][00] [00][01]À[0C][00] [00][01][00][04]

------------------- Rx Data ---------------Rx_next_packet: 3246
Rx_packet_length: 60
Rx_pkt_count: 61
ÿÿÿÿÿÿPF]LÖÐ[08][06][00][01][08][00][06][04][00][01]PF]LÖÐÀ¨[1D][1C][00][00][00][00][00][00]À¨[1D][01][00][00][00][00][00][00][00][00][00][00][00][00][00][00][00][00][00][00]CELEHFCEPFFFACACACACACACABM[00][00] [00][01]À[0C][00] [00][01][00][04]

------------------- Rx Data ---------------Rx_next_packet: 3316
Rx_packet_length: 60
Rx_pkt_count: 60
ÿÿÿÿÿÿ,`[0C]È»¶[08][06][00][01][08][00][06][04][00][01],`[0C]È»¶À¨[1D][11][00][00][00][00][00][00]À¨[1D][01][00][00][00][00][00][00][00][00][00][00][00][00][00][00][00][00][00][00]CELEHFCEPFFFACACACACACACABM[00][00] [00][01]À[0C][00] [00][01][00][04]

------------------- Rx Data ---------------Rx_next_packet: 3386
Rx_packet_length: 60
Rx_pkt_count: 59
ÿÿÿÿÿÿPF]LÖÐ[08][06][00][01][08][00][06][04][00][01]PF]LÖÐÀ¨[1D][1C][00][00][00][00][00][00]À¨[1D][01][00][00][00][00][00][00][00][00][00][00][00][00][00][00][00][00][00][00]CELEHFCEPFFFACACACACACACABM[00][00] [00][01]À[0C][00] [00][01][00][04]

------------------- Rx Data ---------------Rx_next_packet: 3456
Rx_packet_length: 60
Rx_pkt_count: 59
ÿÿÿÿÿÿPF]LÖÐ[08][06][00][01][08][00][06][04][00][01]PF]LÖÐÀ¨[1D][1C][00][00][00][00][00][00]À¨[1D][01][00][00][00][00][00][00][00][00][00][00][00][00][00][00][00][00][00][00]CELEHFCEPFFFACACACACACACABM[00][00] [00][01]À[0C][00] [00][01][00][04]

------------------- Rx Data ---------------Rx_next_packet: 3526
Rx_packet_length: 60
Rx_pkt_count: 60
ÿÿÿÿÿÿPF]LÖÐ[08][06][00][01][08][00][06][04][00][01]PF]LÖÐÀ¨[1D][1C][00][00][00][00][00][00]À¨[1D][01][00][00][00][00][00][00][00][00][00][00][00][00][00][00][00][00][00][00]CELEHFCEPFFFACACACACACACABM[00][00] [00][01]À[0C][00] [00][01][00][04]

------------------- Rx Data ---------------Rx_next_packet: 3596
Rx_packet_length: 60
Rx_pkt_count: 60
ÿÿÿÿÿÿPF]LÖÐ[08][06][00][01][08][00][06][04][00][01]PF]LÖÐÀ¨[1D][1C][00][00][00][00][00][00]À¨[1D][01][00][00][00][00][00][00][00][00][00][00][00][00][00][00][00][00][00][00]CELEHFCEPFFFACACACACACACABM[00][00] [00][01]À[0C][00] [00][01][00][04]

------------------- Rx Data ---------------Rx_next_packet: 3666
Rx_packet_length: 60
Rx_pkt_count: 60
ÿÿÿÿÿÿPF]LÖÐ[08][06][00][01][08][00][06][04][00][01]PF]LÖÐÀ¨[1D][1C][00][00][00][00][00][00]À¨[1D][01][00][00][00][00][00][00][00][00][00][00][00][00][00][00][00][00][00][00]CELEHFCEPFFFACACACACACACABM[00][00] [00][01]À[0C][00] [00][01][00][04]

------------------- Rx Data ---------------Rx_next_packet: 3736
Rx_packet_length: 60
Rx_pkt_count: 60
ÿÿÿÿÿÿ,`[0C]È»¶[08][06][00][01][08][00][06][04][00][01],`[0C]È»¶À¨[1D][11][00][00][00][00][00][00]À¨[1D][01][00][00][00][00][00][00][00][00][00][00][00][00][00][00][00][00][00][00]CELEHFCEPFFFACACACACACACABM[00][00] [00][01]À[0C][00] [00][01][00][04]

------------------- Rx Data ---------------Rx_next_packet: 3806
Rx_packet_length: 60
Rx_pkt_count: 59
ÿÿÿÿÿÿ,`[0C]È»¶[08][06][00][01][08][00][06][04][00][01],`[0C]È»¶À¨[1D][11][00][00][00][00][00][00]À¨[1D][01][00][00][00][00][00][00][00][00][00][00][00][00][00][00][00][00][00][00]CELEHFCEPFFFACACACACACACABM[00][00] [00][01]À[0C][00] [00][01][00][04]

------------------- Rx Data ---------------Rx_next_packet: 3876
Rx_packet_length: 60
Rx_pkt_count: 59
ÿÿÿÿÿÿ,`[0C]È»¶[08][06][00][01][08][00][06][04][00][01],`[0C]È»¶À¨[1D][11][00][00][00][00][00][00]À¨[1D][01][00][00][00][00][00][00][00][00][00][00][00][00][00][00][00][00][00][00]CELEHFCEPFFFACACACACACACABM[00][00] [00][01]À[0C][00] [00][01][00][04]

------------------- Rx Data ---------------Rx_next_packet: 3946
Rx_packet_length: 60
Rx_pkt_count: 59
ÿÿÿÿÿÿPF]LÖÐ[08][06][00][01][08][00][06][04][00][01]PF]LÖÐÀ¨[1D][1C][00][00][00][00][00][00]À¨[1D][01][00][00][00][00][00][00][00][00][00][00][00][00][00][00][00][00][00][00]CELEHFCEPFFFACACACACACACABM[00][00] [00][01]À[0C][00] [00][01][00][04]

------------------- Rx Data ---------------Rx_next_packet: 4016
Rx_packet_length: 60
Rx_pkt_count: 58
ÿÿÿÿÿÿPF]LÖÐ[08][06][00][01][08][00][06][04][00][01]PF]LÖÐÀ¨[1D][1C][00][00][00][00][00][00]À¨[1D][01][00][00][00][00][00][00][00][00][00][00][00][00][00][00][00][00][00][00]CELEHFCEPFFFACACACACACACABM[00][00] [00][01]À[0C][00] [00][01][00][04]

------------------- Rx Data ---------------Rx_next_packet: 4086
Rx_packet_length: 60
Rx_pkt_count: 58
ÿÿÿÿÿÿ,`[0C]È»¶[08][06][00][01][08][00][06][04][00][01],`[0C]È»¶À¨[1D][11][00][00][00][00][00][00]À¨[1D][01][00][00][00][00][00][00][00][00][00][00][00][00][00][00][00][00][00][00]CELEHFCEPFFFACACACACACACABM[00][00] [00][01]À[0C][00] [00][01][00][04]

------------------- Rx Data ---------------Rx_next_packet: 4156
Rx_packet_length: 60
Rx_pkt_count: 57
ÿÿÿÿÿÿPF]LÖÐ[08][06][00][01][08][00][06][04][00][01]PF]LÖÐÀ¨[1D][1C][00][00][00][00][00][00]À¨[1D][01][00][00][00][00][00][00][00][00][00][00][00][00][00][00][00][00][00][00]CELEHFCEPFFFACACACACACACABM[00][00] [00][01]À[0C][00] [00][01][00][04]

------------------- Rx Data ---------------Rx_next_packet: 4226
Rx_packet_length: 60
Rx_pkt_count: 57
ÿÿÿÿÿÿ,`[0C]È»¶[08][06][00][01][08][00][06][04][00][01],`[0C]È»¶À¨[1D][11][00][00][00][00][00][00]À¨[1D][01][00][00][00][00][00][00][00][00][00][00][00][00][00][00][00][00][00][00]CELEHFCEPFFFACACACACACACABM[00][00] [00][01]À[0C][00] [00][01][00][04]

------------------- Rx Data ---------------Rx_next_packet: 4296
Rx_packet_length: 60
Rx_pkt_count: 57
ÿÿÿÿÿÿ,`[0C]È»¶[08][06][00][01][08][00][06][04][00][01],`[0C]È»¶À¨[1D][11][00][00][00][00][00][00]À¨[1D][01][00][00][00][00][00][00][00][00][00][00][00][00][00][00][00][00][00][00]CELEHFCEPFFFACACACACACACABM[00][00] [00][01]À[0C][00] [00][01][00][04]

------------------- Rx Data ---------------Rx_next_packet: 4366
Rx_packet_length: 60
Rx_pkt_count: 56
ÿÿÿÿÿÿPF]LÖÐ[08][06][00][01][08][00][06][04][00][01]PF]LÖÐÀ¨[1D][1C][00][00][00][00][00][00]À¨[1D][01][00][00][00][00][00][00][00][00][00][00][00][00][00][00][00][00][00][00]CELEHFCEPFFFACACACACACACABM[00][00] [00][01]À[0C][00] [00][01][00][04]

------------------- Rx Data ---------------Rx_next_packet: 4436
Rx_packet_length: 60
Rx_pkt_count: 56
ÿÿÿÿÿÿPF]LÖÐ[08][06][00][01][08][00][06][04][00][01]PF]LÖÐÀ¨[1D][1C][00][00][00][00][00][00]À¨[1D][01][00][00][00][00][00][00][00][00][00][00][00][00][00][00][00][00][00][00]CELEHFCEPFFFACACACACACACABM[00][00] [00][01]À[0C][00] [00][01][00][04]

------------------- Rx Data ---------------Rx_next_packet: 4506
Rx_packet_length: 60
Rx_pkt_count: 55
ÿÿÿÿÿÿPF]LÖÐ[08][06][00][01][08][00][06][04][00][01]PF]LÖÐÀ¨[1D][1C][00][00][00][00][00][00]À¨[1D][01][00][00][00][00][00][00][00][00][00][00][00][00][00][00][00][00][00][00]CELEHFCEPFFFACACACACACACABM[00][00] [00][01]À[0C][00] [00][01][00][04]

------------------- Rx Data ---------------Rx_next_packet: 4576
Rx_packet_length: 60
Rx_pkt_count: 54
ÿÿÿÿÿÿ,`[0C]È»¶[08][06][00][01][08][00][06][04][00][01],`[0C]È»¶À¨[1D][11][00][00][00][00][00][00]À¨[1D][01][00][00][00][00][00][00][00][00][00][00][00][00][00][00][00][00][00][00]CELEHFCEPFFFACACACACACACABM[00][00] [00][01]À[0C][00] [00][01][00][04]

------------------- Rx Data ---------------Rx_next_packet: 4646
Rx_packet_length: 60
Rx_pkt_count: 54
ÿÿÿÿÿÿPF]LÖÐ[08][06][00][01][08][00][06][04][00][01]PF]LÖÐÀ¨[1D][1C][00][00][00][00][00][00]À¨[1D][01][00][00][00][00][00][00][00][00][00][00][00][00][00][00][00][00][00][00]CELEHFCEPFFFACACACACACACABM[00][00] [00][01]À[0C][00] [00][01][00][04]

------------------- Rx Data ---------------Rx_next_packet: 4716
Rx_packet_length: 60
Rx_pkt_count: 53
ÿÿÿÿÿÿPF]LÖÐ[08][06][00][01][08][00][06][04][00][01]PF]LÖÐÀ¨[1D][1C][00][00][00][00][00][00]À¨[1D][12][00][00][00][00][00][00][00][00][00][00][00][00][00][00][00][00][00][00]CELEHFCEPFFFACACACACACACABM[00][00] [00][01]À[0C][00] [00][01][00][04]

------------------- Rx Data ---------------Rx_next_packet: 4786
Rx_packet_length: 60
Rx_pkt_count: 53
ÿÿÿÿÿÿ,`[0C]È»¶[08][06][00][01][08][00][06][04][00][01],`[0C]È»¶À¨[1D][11][00][00][00][00][00][00]À¨[1D][01][00][00][00][00][00][00][00][00][00][00][00][00][00][00][00][00][00][00]CELEHFCEPFFFACACACACACACABM[00][00] [00][01]À[0C][00] [00][01][00][04]

------------------- Rx Data ---------------Rx_next_packet: 4856
Rx_packet_length: 60
Rx_pkt_count: 53
ÿÿÿÿÿÿPF]LÖÐ[08][06][00][01][08][00][06][04][00][01]PF]LÖÐÀ¨[1D][1C][00][00][00][00][00][00]À¨[1D][01][00][00][00][00][00][00][00][00][00][00][00][00][00][00][00][00][00][00]CELEHFCEPFFFACACACACACACABM[00][00] [00][01]À[0C][00] [00][01][00][04]

------------------- Rx Data ---------------Rx_next_packet: 4926
Rx_packet_length: 60
Rx_pkt_count: 52
ÿÿÿÿÿÿ,`[0C]È»¶[08][06][00][01][08][00][06][04][00][01],`[0C]È»¶À¨[1D][11][00][00][00][00][00][00]À¨[1D][01][00][00][00][00][00][00][00][00][00][00][00][00][00][00][00][00][00][00]CELEHFCEPFFFACACACACACACABM[00][00] [00][01]À[0C][00] [00][01][00][04]

------------------- Rx Data ---------------Rx_next_packet: 4996
Rx_packet_length: 60
Rx_pkt_count: 51
ÿÿÿÿÿÿPF]LÖÐ[08][06][00][01][08][00][06][04][00][01]PF]LÖÐÀ¨[1D][1C][00][00][00][00][00][00]À¨[1D][01][00][00][00][00][00][00][00][00][00][00][00][00][00][00][00][00][00][00]CELEHFCEPFFFACACACACACACABM[00][00] [00][01]À[0C][00] [00][01][00][04]

------------------- Rx Data ---------------Rx_next_packet: 5066
Rx_packet_length: 60
Rx_pkt_count: 50
ÿÿÿÿÿÿPF]LÖÐ[08][06][00][01][08][00][06][04][00][01]PF]LÖÐÀ¨[1D][1C][00][00][00][00][00][00]À¨[1D][01][00][00][00][00][00][00][00][00][00][00][00][00][00][00][00][00][00][00]CELEHFCEPFFFACACACACACACABM[00][00] [00][01]À[0C][00] [00][01][00][04]

------------------- Rx Data ---------------Rx_next_packet: 5136
Rx_packet_length: 60
Rx_pkt_count: 50
ÿÿÿÿÿÿPF]LÖÐ[08][06][00][01][08][00][06][04][00][01]PF]LÖÐÀ¨[1D][1C][00][00][00][00][00][00]À¨[1D][01][00][00][00][00][00][00][00][00][00][00][00][00][00][00][00][00][00][00]CELEHFCEPFFFACACACACACACABM[00][00] [00][01]À[0C][00] [00][01][00][04]

------------------- Rx Data ---------------Rx_next_packet: 5206
Rx_packet_length: 60
Rx_pkt_count: 50
ÿÿÿÿÿÿPF]LÖÐ[08][06][00][01][08][00][06][04][00][01]PF]LÖÐÀ¨[1D][1C][00][00][00][00][00][00]À¨[1D][01][00][00][00][00][00][00][00][00][00][00][00][00][00][00][00][00][00][00]CELEHFCEPFFFACACACACACACABM[00][00] [00][01]À[0C][00] [00][01][00][04]

------------------- Rx Data ---------------Rx_next_packet: 5276
Rx_packet_length: 60
Rx_pkt_count: 49
ÿÿÿÿÿÿ,`[0C]È»¶[08][06][00][01][08][00][06][04][00][01],`[0C]È»¶À¨[1D][11][00][00][00][00][00][00]À¨[1D][01][00][00][00][00][00][00][00][00][00][00][00][00][00][00][00][00][00][00]CELEHFCEPFFFACACACACACACABM[00][00] [00][01]À[0C][00] [00][01][00][04]

------------------- Rx Data ---------------Rx_next_packet: 5346
Rx_packet_length: 60
Rx_pkt_count: 50
ÿÿÿÿÿÿPF]LÖÐ[08][06][00][01][08][00][06][04][00][01]PF]LÖÐÀ¨[1D][1C][00][00][00][00][00][00]À¨[1D][01][00][00][00][00][00][00][00][00][00][00][00][00][00][00][00][00][00][00]CELEHFCEPFFFACACACACACACABM[00][00] [00][01]À[0C][00] [00][01][00][04]

------------------- Rx Data ---------------Rx_next_packet: 5416
Rx_packet_length: 60
Rx_pkt_count: 50
ÿÿÿÿÿÿ,`[0C]È»¶[08][06][00][01][08][00][06][04][00][01],`[0C]È»¶À¨[1D][11][00][00][00][00][00][00]À¨[1D][01][00][00][00][00][00][00][00][00][00][00][00][00][00][00][00][00][00][00]CELEHFCEPFFFACACACACACACABM[00][00] [00][01]À[0C][00] [00][01][00][04]

------------------- Rx Data ---------------Rx_next_packet: 5486
Rx_packet_length: 60
Rx_pkt_count: 55
ÿÿÿÿÿÿPF]LÖÐ[08][06][00][01][08][00][06][04][00][01]PF]LÖÐÀ¨[1D][1C][00][00][00][00][00][00]À¨[1D][01][00][00][00][00][00][00][00][00][00][00][00][00][00][00][00][00][00][00]CELEHFCEPFFFACACACACACACABM[00][00] [00][01]À[0C][00] [00][01][00][04]

------------------- Rx Data ---------------Rx_next_packet: 5556
Rx_packet_length: 60
Rx_pkt_count: 58
ÿÿÿÿÿÿ,`[0C]È»¶[08][06][00][01][08][00][06][04][00][01],`[0C]È»¶À¨[1D][11][00][00][00][00][00][00]À¨[1D][01][00][00][00][00][00][00][00][00][00][00][00][00][00][00][00][00][00][00]CELEHFCEPFFFACACACACACACABM[00][00] [00][01]À[0C][00] [00][01][00][04]

------------------- Rx Data ---------------Rx_next_packet: 5626
Rx_packet_length: 60
Rx_pkt_count: 57
ÿÿÿÿÿÿ,`[0C]È»¶[08][06][00][01][08][00][06][04][00][01],`[0C]È»¶À¨[1D][11][00][00][00][00][00][00]À¨[1D][01][00][00][00][00][00][00][00][00][00][00][00][00][00][00][00][00][00][00]CELEHFCEPFFFACACACACACACABM[00][00] [00][01]À[0C][00] [00][01][00][04]

------------------- Rx Data ---------------Rx_next_packet: 5696
Rx_packet_length: 60
Rx_pkt_count: 60
ÿÿÿÿÿÿPF]LÖÐ[08][06][00][01][08][00][06][04][00][01]PF]LÖÐÀ¨[1D][1C][00][00][00][00][00][00]À¨[1D][01][00][00][00][00][00][00][00][00][00][00][00][00][00][00][00][00][00][00]CELEHFCEPFFFACACACACACACABM[00][00] [00][01]À[0C][00] [00][01][00][04]

------------------- Rx Data ---------------Rx_next_packet: 5766
Rx_packet_length: 60
Rx_pkt_count: 63
ÿÿÿÿÿÿ,`[0C]È»¶[08][06][00][01][08][00][06][04][00][01],`[0C]È»¶À¨[1D][11][00][00][00][00][00][00]À¨[1D][01][00][00][00][00][00][00][00][00][00][00][00][00][00][00][00][00][00][00]CELEHFCEPFFFACACACACACACABM[00][00] [00][01]À[0C][00] [00][01][00][04]

------------------- Rx Data ---------------Rx_next_packet: 5836
Rx_packet_length: 60
Rx_pkt_count: 63
ÿÿÿÿÿÿPF]LÖÐ[08][06][00][01][08][00][06][04][00][01]PF]LÖÐÀ¨[1D][1C][00][00][00][00][00][00]À¨[1D][01][00][00][00][00][00][00][00][00][00][00][00][00][00][00][00][00][00][00]CELEHFCEPFFFACACACACACACABM[00][00] [00][01]À[0C][00] [00][01][00][04]

------------------- Rx Data ---------------Rx_next_packet: 5906
Rx_packet_length: 60
Rx_pkt_count: 62
ÿÿÿÿÿÿ,`[0C]È»¶[08][06][00][01][08][00][06][04][00][01],`[0C]È»¶À¨[1D][11][00][00][00][00][00][00]À¨[1D][01][00][00][00][00][00][00][00][00][00][00][00][00][00][00][00][00][00][00]CELEHFCEPFFFACACACACACACABM[00][00] [00][01]À[0C][00] [00][01][00][04]

------------------- Rx Data ---------------Rx_next_packet: 5976
Rx_packet_length: 60
Rx_pkt_count: 62
ÿÿÿÿÿÿPF]LÖÐ[08][06][00][01][08][00][06][04][00][01]PF]LÖÐÀ¨[1D][1C][00][00][00][00][00][00]À¨[1D][01][00][00][00][00][00][00][00][00][00][00][00][00][00][00][00][00][00][00]CELEHFCEPFFFACACACACACACABM[00][00] [00][01]À[0C][00] [00][01][00][04]

------------------- Rx Data ---------------Rx_next_packet: 6046
Rx_packet_length: 60
Rx_pkt_count: 61
ÿÿÿÿÿÿPF]LÖÐ[08][06][00][01][08][00][06][04][00][01]PF]LÖÐÀ¨[1D][1C][00][00][00][00][00][00]À¨[1D][01][00][00][00][00][00][00][00][00][00][00][00][00][00][00][00][00][00][00]CELEHFCEPFFFACACACACACACABM[00][00] [00][01]À[0C][00] [00][01][00][04]

------------------- Rx Data ---------------Rx_next_packet: 6116
Rx_packet_length: 60
Rx_pkt_count: 61
ÿÿÿÿÿÿ,`[0C]È»¶[08][06][00][01][08][00][06][04][00][01],`[0C]È»¶À¨[1D][11][00][00][00][00][00][00]À¨[1D][01][00][00][00][00][00][00][00][00][00][00][00][00][00][00][00][00][00][00]CELEHFCEPFFFACACACACACACABM[00][00] [00][01]À[0C][00] [00][01][00][04]

------------------- Rx Data ---------------Rx_next_packet: 6186
Rx_packet_length: 60
Rx_pkt_count: 61
ÿÿÿÿÿÿ,`[0C]È»¶[08][06][00][01][08][00][06][04][00][01],`[0C]È»¶À¨[1D][11][00][00][00][00][00][00]À¨[1D][01][00][00][00][00][00][00][00][00][00][00][00][00][00][00][00][00][00][00]CELEHFCEPFFFACACACACACACABM[00][00] [00][01]À[0C][00] [00][01][00][04]

------------------- Rx Data ---------------Rx_next_packet: 6256
Rx_packet_length: 60
Rx_pkt_count: 60
ÿÿÿÿÿÿPF]LÖÐ[08][06][00][01][08][00][06][04][00][01]PF]LÖÐÀ¨[1D][1C][00][00][00][00][00][00]À¨[1D][01][00][00][00][00][00][00][00][00][00][00][00][00][00][00][00][00][00][00]CELEHFCEPFFFACACACACACACABM[00][00] [00][01]À[0C][00] [00][01][00][04]

------------------- Rx Data ---------------Rx_next_packet: 6326
Rx_packet_length: 60
Rx_pkt_count: 60
ÿÿÿÿÿÿ,`[0C]È»¶[08][06][00][01][08][00][06][04][00][01],`[0C]È»¶À¨[1D][11][00][00][00][00][00][00]À¨[1D][01][00][00][00][00][00][00][00][00][00][00][00][00][00][00][00][00][00][00]CELEHFCEPFFFACACACACACACABM[00][00] [00][01]À[0C][00] [00][01][00][04]

------------------- Rx Data ---------------Rx_next_packet: 6396
Rx_packet_length: 60
Rx_pkt_count: 59
ÿÿÿÿÿÿPF]LÖÐ[08][06][00][01][08][00][06][04][00][01]PF]LÖÐÀ¨[1D][1C][00][00][00][00][00][00]À¨[1D][01][00][00][00][00][00][00][00][00][00][00][00][00][00][00][00][00][00][00]CELEHFCEPFFFACACACACACACABM[00][00] [00][01]À[0C][00] [00][01][00][04]

------------------- Rx Data ---------------Rx_next_packet: 6466
Rx_packet_length: 60
Rx_pkt_count: 58
ÿÿÿÿÿÿPF]LÖÐ[08][06][00][01][08][00][06][04][00][01]PF]LÖÐÀ¨[1D][1C][00][00][00][00][00][00]À¨[1D][01][00][00][00][00][00][00][00][00][00][00][00][00][00][00][00][00][00][00]CELEHFCEPFFFACACACACACACABM[00][00] [00][01]À[0C][00] [00][01][00][04]

------------------- Rx Data ---------------Rx_next_packet: 6536
Rx_packet_length: 60
Rx_pkt_count: 59
ÿÿÿÿÿÿPF]LÖÐ[08][06][00][01][08][00][06][04][00][01]PF]LÖÐÀ¨[1D][1C][00][00][00][00][00][00]À¨[1D][01][00][00][00][00][00][00][00][00][00][00][00][00][00][00][00][00][00][00]CELEHFCEPFFFACACACACACACABM[00][00] [00][01]À[0C][00] [00][01][00][04]

------------------- Rx Data ---------------Rx_next_packet: 6606
Rx_packet_length: 60
Rx_pkt_count: 59
ÿÿÿÿÿÿPF]LÖÐ[08][06][00][01][08][00][06][04][00][01]PF]LÖÐÀ¨[1D][1C][00][00][00][00][00][00]À¨[1D][01][00][00][00][00][00][00][00][00][00][00][00][00][00][00][00][00][00][00]CELEHFCEPFFFACACACACACACABM[00][00] [00][01]À[0C][00] [00][01][00][04]

------------------- Rx Data ---------------Rx_next_packet: 22
Rx_packet_length: 60
Rx_pkt_count: 58
ÿÿÿÿÿÿ,`[0C]È»¶[08][06][00][01][08][00][06][04][00][01],`[0C]È»¶À¨[1D][11][00][00][00][00][00][00]À¨[1D][01][00][00][00][00][00][00][00][00][00][00][00][00][00][00][00][00][00][00]CELEHFCEPFFFACACACACACACABM[00][00] [00][01]À[0C][00] [00][01][00][04]

------------------- Rx Data ---------------Rx_next_packet: 92
Rx_packet_length: 60
Rx_pkt_count: 58
ÿÿÿÿÿÿ,`[0C]È»¶[08][06][00][01][08][00][06][04][00][01],`[0C]È»¶À¨[1D][11][00][00][00][00][00][00]À¨[1D][01][00][00][00][00][00][00][00][00][00][00][00][00][00][00][00][00][00][00]CELEHFCEPFFFACACACACACACABM[00][00] [00][01]À[0C][00] [00][01][00][04]

------------------- Rx Data ---------------Rx_next_packet: 162
Rx_packet_length: 60
Rx_pkt_count: 57
ÿÿÿÿÿÿPF]LÖÐ[08][06][00][01][08][00][06][04][00][01]PF]LÖÐÀ¨[1D][1C][00][00][00][00][00][00]À¨[1D][01][00][00][00][00][00][00][00][00][00][00][00][00][00][00][00][00][00][00]CELEHFCEPFFFACACACACACACABM[00][00] [00][01]À[0C][00] [00][01][00][04]

------------------- Rx Data ---------------Rx_next_packet: 232
Rx_packet_length: 60
Rx_pkt_count: 57
ÿÿÿÿÿÿ,`[0C]È»¶[08][06][00][01][08][00][06][04][00][01],`[0C]È»¶À¨[1D][11][00][00][00][00][00][00]À¨[1D][01][00][00][00][00][00][00][00][00][00][00][00][00][00][00][00][00][00][00]CELEHFCEPFFFACACACACACACABM[00][00] [00][01]À[0C][00] [00][01][00][04]

------------------- Rx Data ---------------Rx_next_packet: 302
Rx_packet_length: 60
Rx_pkt_count: 56
ÿÿÿÿÿÿPF]LÖÐ[08][06][00][01][08][00][06][04][00][01]PF]LÖÐÀ¨[1D][1C][00][00][00][00][00][00]À¨[1D][01][00][00][00][00][00][00][00][00][00][00][00][00][00][00][00][00][00][00]CELEHFCEPFFFACACACACACACABM[00][00] [00][01]À[0C][00] [00][01][00][04]

------------------- Rx Data ---------------Rx_next_packet: 372
Rx_packet_length: 60
Rx_pkt_count: 63
ÿÿÿÿÿÿPF]LÖÐ[08][06][00][01][08][00][06][04][00][01]PF]LÖÐÀ¨[1D][1C][00][00][00][00][00][00]À¨[1D][01][00][00][00][00][00][00][00][00][00][00][00][00][00][00][00][00][00][00]CELEHFCEPFFFACACACACACACABM[00][00] [00][01]À[0C][00] [00][01][00][04]

------------------- Rx Data ---------------Rx_next_packet: 442
Rx_packet_length: 60
Rx_pkt_count: 64
ÿÿÿÿÿÿ,`[0C]È»¶[08][06][00][01][08][00][06][04][00][01],`[0C]È»¶À¨[1D][11][00][00][00][00][00][00]À¨[1D][01][00][00][00][00][00][00][00][00][00][00][00][00][00][00][00][00][00][00]CELEHFCEPFFFACACACACACACABM[00][00] [00][01]À[0C][00] [00][01][00][04]

------------------- Rx Data ---------------Rx_next_packet: 512
Rx_packet_length: 60
Rx_pkt_count: 66
ÿÿÿÿÿÿ,`[0C]È»¶[08][06][00][01][08][00][06][04][00][01],`[0C]È»¶À¨[1D][11][00][00][00][00][00][00]À¨[1D][01][00][00][00][00][00][00][00][00][00][00][00][00][00][00][00][00][00][00]CELEHFCEPFFFACACACACACACABM[00][00] [00][01]À[0C][00] [00][01][00][04]

------------------- Rx Data ---------------Rx_next_packet: 582
Rx_packet_length: 60
Rx_pkt_count: 66
ÿÿÿÿÿÿ,`[0C]È»¶[08][06][00][01][08][00][06][04][00][01],`[0C]È»¶À¨[1D][11][00][00][00][00][00][00]À¨[1D][01][00][00][00][00][00][00][00][00][00][00][00][00][00][00][00][00][00][00]CELEHFCEPFFFACACACACACACABM[00][00] [00][01]À[0C][00] [00][01][00][04]

------------------- Rx Data ---------------Rx_next_packet: 652
Rx_packet_length: 60
Rx_pkt_count: 68
ÿÿÿÿÿÿPF]LÖÐ[08][06][00][01][08][00][06][04][00][01]PF]LÖÐÀ¨[1D][1C][00][00][00][00][00][00]À¨[1D][01][00][00][00][00][00][00][00][00][00][00][00][00][00][00][00][00][00][00]CELEHFCEPFFFACACACACACACABM[00][00] [00][01]À[0C][00] [00][01][00][04]

------------------- Rx Data ---------------Rx_next_packet: 722
Rx_packet_length: 60
Rx_pkt_count: 67
ÿÿÿÿÿÿPF]LÖÐ[08][06][00][01][08][00][06][04][00][01]PF]LÖÐÀ¨[1D][1C][00][00][00][00][00][00]À¨[1D][01][00][00][00][00][00][00][00][00][00][00][00][00][00][00][00][00][00][00]CELEHFCEPFFFACACACACACACABM[00][00] [00][01]À[0C][00] [00][01][00][04]

------------------- Rx Data ---------------Rx_next_packet: 792
Rx_packet_length: 60
Rx_pkt_count: 67
ÿÿÿÿÿÿPF]LÖÐ[08][06][00][01][08][00][06][04][00][01]PF]LÖÐÀ¨[1D][1C][00][00][00][00][00][00]À¨[1D][01][00][00][00][00][00][00][00][00][00][00][00][00][00][00][00][00][00][00]CELEHFCEPFFFACACACACACACABM[00][00] [00][01]À[0C][00] [00][01][00][04]

------------------- Rx Data ---------------Rx_next_packet: 862
Rx_packet_length: 60
Rx_pkt_count: 67
ÿÿÿÿÿÿPF]LÖÐ[08][06][00][01][08][00][06][04][00][01]PF]LÖÐÀ¨[1D][1C][00][00][00][00][00][00]À¨[1D][01][00][00][00][00][00][00][00][00][00][00][00][00][00][00][00][00][00][00]CELEHFCEPFFFACACACACACACABM[00][00] [00][01]À[0C][00] [00][01][00][04]

------------------- Rx Data ---------------Rx_next_packet: 932
Rx_packet_length: 60
Rx_pkt_count: 66
ÿÿÿÿÿÿ,`[0C]È»¶[08][06][00][01][08][00][06][04][00][01],`[0C]È»¶À¨[1D][11][00][00][00][00][00][00]À¨[1D][01][00][00][00][00][00][00][00][00][00][00][00][00][00][00][00][00][00][00]CELEHFCEPFFFACACACACACACABM[00][00] [00][01]À[0C][00] [00][01][00][04]

------------------- Rx Data ---------------Rx_next_packet: 1002
Rx_packet_length: 60
Rx_pkt_count: 66
ÿÿÿÿÿÿPF]LÖÐ[08][06][00][01][08][00][06][04][00][01]PF]LÖÐÀ¨[1D][1C][00][00][00][00][00][00]À¨[1D][01][00][00][00][00][00][00][00][00][00][00][00][00][00][00][00][00][00][00]CELEHFCEPFFFACACACACACACABM[00][00] [00][01]À[0C][00] [00][01][00][04]

------------------- Rx Data ---------------Rx_next_packet: 1072
Rx_packet_length: 60
Rx_pkt_count: 65
ÿÿÿÿÿÿ,`[0C]È»¶[08][06][00][01][08][00][06][04][00][01],`[0C]È»¶À¨[1D][11][00][00][00][00][00][00]À¨[1D][01][00][00][00][00][00][00][00][00][00][00][00][00][00][00][00][00][00][00]CELEHFCEPFFFACACACACACACABM[00][00] [00][01]À[0C][00] [00][01][00][04]

------------------- Rx Data ---------------Rx_next_packet: 1142
Rx_packet_length: 60
Rx_pkt_count: 64
ÿÿÿÿÿÿPF]LÖÐ[08][06][00][01][08][00][06][04][00][01]PF]LÖÐÀ¨[1D][1C][00][00][00][00][00][00]À¨[1D][01][00][00][00][00][00][00][00][00][00][00][00][00][00][00][00][00][00][00]CELEHFCEPFFFACACACACACACABM[00][00] [00][01]À[0C][00] [00][01][00][04]

------------------- Rx Data ---------------Rx_next_packet: 1212
Rx_packet_length: 60
Rx_pkt_count: 64
ÿÿÿÿÿÿ,`[0C]È»¶[08][06][00][01][08][00][06][04][00][01],`[0C]È»¶À¨[1D][11][00][00][00][00][00][00]À¨[1D][01][00][00][00][00][00][00][00][00][00][00][00][00][00][00][00][00][00][00]CELEHFCEPFFFACACACACACACABM[00][00] [00][01]À[0C][00] [00][01][00][04]

------------------- Rx Data ---------------Rx_next_packet: 1282
Rx_packet_length: 60
Rx_pkt_count: 64
ÿÿÿÿÿÿPF]LÖÐ[08][06][00][01][08][00][06][04][00][01]PF]LÖÐÀ¨[1D][1C][00][00][00][00][00][00]À¨[1D][01][00][00][00][00][00][00][00][00][00][00][00][00][00][00][00][00][00][00]CELEHFCEPFFFACACACACACACABM[00][00] [00][01]À[0C][00] [00][01][00][04]

------------------- Rx Data ---------------Rx_next_packet: 1352
Rx_packet_length: 60
Rx_pkt_count: 63
ÿÿÿÿÿÿPF]LÖÐ[08][06][00][01][08][00][06][04][00][01]PF]LÖÐÀ¨[1D][1C][00][00][00][00][00][00]À¨[1D][01][00][00][00][00][00][00][00][00][00][00][00][00][00][00][00][00][00][00]CELEHFCEPFFFACACACACACACABM[00][00] [00][01]À[0C][00] [00][01][00][04]

------------------- Rx Data ---------------Rx_next_packet: 1422
Rx_packet_length: 60
Rx_pkt_count: 64
ÿÿÿÿÿÿPF]LÖÐ[08][06][00][01][08][00][06][04][00][01]PF]LÖÐÀ¨[1D][1C][00][00][00][00][00][00]À¨[1D][01][00][00][00][00][00][00][00][00][00][00][00][00][00][00][00][00][00][00]CELEHFCEPFFFACACACACACACABM[00][00] [00][01]À[0C][00] [00][01][00][04]

------------------- Rx Data ---------------Rx_next_packet: 1492
Rx_packet_length: 60
Rx_pkt_count: 63
ÿÿÿÿÿÿPF]LÖÐ[08][06][00][01][08][00][06][04][00][01]PF]LÖÐÀ¨[1D][1C][00][00][00][00][00][00]À¨[1D][01][00][00][00][00][00][00][00][00][00][00][00][00][00][00][00][00][00][00]CELEHFCEPFFFACACACACACACABM[00][00] [00][01]À[0C][00] [00][01][00][04]

------------------- Rx Data ---------------Rx_next_packet: 1562
Rx_packet_length: 60
Rx_pkt_count: 63
ÿÿÿÿÿÿPF]LÖÐ[08][06][00][01][08][00][06][04][00][01]PF]LÖÐÀ¨[1D][1C][00][00][00][00][00][00]À¨[1D][01][00][00][00][00][00][00][00][00][00][00][00][00][00][00][00][00][00][00]CELEHFCEPFFFACACACACACACABM[00][00] [00][01]À[0C][00] [00][01][00][04]

------------------- Rx Data ---------------Rx_next_packet: 1632
Rx_packet_length: 60
Rx_pkt_count: 62
ÿÿÿÿÿÿPF]LÖÐ[08][06][00][01][08][00][06][04][00][01]PF]LÖÐÀ¨[1D][1C][00][00][00][00][00][00]À¨[1D][01][00][00][00][00][00][00][00][00][00][00][00][00][00][00][00][00][00][00]CELEHFCEPFFFACACACACACACABM[00][00] [00][01]À[0C][00] [00][01][00][04]

------------------- Rx Data ---------------Rx_next_packet: 1702
Rx_packet_length: 60
Rx_pkt_count: 62
ÿÿÿÿÿÿPF]LÖÐ[08][06][00][01][08][00][06][04][00][01]PF]LÖÐÀ¨[1D][1C][00][00][00][00][00][00]À¨[1D][01][00][00][00][00][00][00][00][00][00][00][00][00][00][00][00][00][00][00]CELEHFCEPFFFACACACACACACABM[00][00] [00][01]À[0C][00] [00][01][00][04]

------------------- Rx Data ---------------Rx_next_packet: 1772
Rx_packet_length: 60
Rx_pkt_count: 62
ÿÿÿÿÿÿPF]LÖÐ[08][06][00][01][08][00][06][04][00][01]PF]LÖÐÀ¨[1D][1C][00][00][00][00][00][00]À¨[1D][01][00][00][00][00][00][00][00][00][00][00][00][00][00][00][00][00][00][00]CELEHFCEPFFFACACACACACACABM[00][00] [00][01]À[0C][00] [00][01][00][04]

------------------- Rx Data ---------------Rx_next_packet: 1842
Rx_packet_length: 60
Rx_pkt_count: 61
ÿÿÿÿÿÿPF]LÖÐ[08][06][00][01][08][00][06][04][00][01]PF]LÖÐÀ¨[1D][1C][00][00][00][00][00][00]À¨[1D][01][00][00][00][00][00][00][00][00][00][00][00][00][00][00][00][00][00][00]CELEHFCEPFFFACACACACACACABM[00][00] [00][01]À[0C][00] [00][01][00][04]

------------------- Rx Data ---------------Rx_next_packet: 1912
Rx_packet_length: 60
Rx_pkt_count: 61
ÿÿÿÿÿÿPF]LÖÐ[08][06][00][01][08][00][06][04][00][01]PF]LÖÐ[00][00][00][00][00][00][00][00][00][00]À¨[1D][1C][00][00][00][00][00][00][00][00][00][00][00][00][00][00][00][00][00][00]CELEHFCEPFFFACACACACACACABM[00][00] [00][01]À[0C][00] [00][01][00][04]

------------------- Rx Data ---------------Rx_next_packet: 1982
Rx_packet_length: 60
Rx_pkt_count: 61
ÿÿÿÿÿÿPF]LÖÐ[08][06][00][01][08][00][06][04][00][01]PF]LÖÐ[00][00][00][00][00][00][00][00][00][00]À¨[1D][1C][00][00][00][00][00][00][00][00][00][00][00][00][00][00][00][00][00][00]CELEHFCEPFFFACACACACACACABM[00][00] [00][01]À[0C][00] [00][01][00][04]

------------------- Rx Data ---------------Rx_next_packet: 2052
Rx_packet_length: 60
Rx_pkt_count: 61
ÿÿÿÿÿÿ,`[0C]È»¶[08][06][00][01][08][00][06][04][00][01],`[0C]È»¶À¨[1D][11][00][00][00][00][00][00]À¨[1D][01][00][00][00][00][00][00][00][00][00][00][00][00][00][00][00][00][00][00]CELEHFCEPFFFACACACACACACABM[00][00] [00][01]À[0C][00] [00][01][00][04]

------------------- Rx Data ---------------Rx_next_packet: 2122
Rx_packet_length: 60
Rx_pkt_count: 61
ÿÿÿÿÿÿPF]LÖÐ[08][06][00][01][08][00][06][04][00][01]PF]LÖÐ[00][00][00][00][00][00][00][00][00][00]À¨[1D][1C][00][00][00][00][00][00][00][00][00][00][00][00][00][00][00][00][00][00]CELEHFCEPFFFACACACACACACABM[00][00] [00][01]À[0C][00] [00][01][00][04]

------------------- Rx Data ---------------Rx_next_packet: 2192
Rx_packet_length: 60
Rx_pkt_count: 61
ÿÿÿÿÿÿ,`[0C]È»¶[08][06][00][01][08][00][06][04][00][01],`[0C]È»¶À¨[1D][11][00][00][00][00][00][00]À¨[1D][01][00][00][00][00][00][00][00][00][00][00][00][00][00][00][00][00][00][00]CELEHFCEPFFFACACACACACACABM[00][00] [00][01]À[0C][00] [00][01][00][04]

------------------- Rx Data ---------------Rx_next_packet: 2262
Rx_packet_length: 60
Rx_pkt_count: 62
ÿÿÿÿÿÿPF]LÖÐ[08][06][00][01][08][00][06][04][00][01]PF]LÖÐÀ¨[1D][1C][00][00][00][00][00][00]À¨[1D][1C][00][00][00][00][00][00][00][00][00][00][00][00][00][00][00][00][00][00]CELEHFCEPFFFACACACACACACABM[00][00] [00][01]À[0C][00] [00][01][00][04]

------------------- Rx Data ---------------Rx_next_packet: 2332
Rx_packet_length: 60
Rx_pkt_count: 68
[01][00]^[00][00][16]PF]LÖÐ[08][00]F[00][00](ó9[00][00][01][02]s»À¨[1D][1C]à[00][00][16]”[04][00][00]"[00]ú[01][00][00][00][01][03][00][00][00]à[00][00]ü[00][00][00][00][00][00]CELEHFCEPFFFACACACACACACABM[00][00] [00][01]À[0C][00] [00][01][00][04]

------------------- Rx Data ---------------Rx_next_packet: 2402
Rx_packet_length: 60
Rx_pkt_count: 70
[01][00]^[00][00][16]PF]LÖÐ[08][00]F[00][00](ó:[00][00][01][02]sºÀ¨[1D][1C]à[00][00][16]”[04][00][00]"[00]ù[01][00][00][00][01][04][00][00][00]à[00][00]ü[00][00][00][00][00][00]CELEHFCEPFFFACACACACACACABM[00][00] [00][01]À[0C][00] [00][01][00][04]

------------------- Rx Data ---------------Rx_next_packet: 2522
Rx_packet_length: 110
Rx_pkt_count: 73
ÿÿÿÿÿÿPF]LÖÐ[08][00]E[00][00]`FÅ[00][00]€[11]7\À¨[1D][1C]À¨[1D]ÿ[00]‰[00]‰[00]L¬J¤+)[10][00][01][00][00][00][00][00][01] EEEFFDELFEEPFACNECEODIFFEKDEDACA[00][00] [00][01]À[0C][00] [00][01][00][04]

------------------- Rx Data ---------------Rx_next_packet: 2642
Rx_packet_length: 110
Rx_pkt_count: 75
ÿÿÿÿÿÿPF]LÖÐ[08][00]E[00][00]`FÆ[00][00]€[11]7[À¨[1D][1C]À¨[1D]ÿ[00]‰[00]‰[00]L¬K¤,)[10][00][01][00][00][00][00][00][01] EEEFFDELFEEPFACNECEODIFFEKDEDAAA[00][00] [00][01]À[0C][00] [00][01][00][04]

------------------- Rx Data ---------------Rx_next_packet: 2762
Rx_packet_length: 110
Rx_pkt_count: 77
ÿÿÿÿÿÿPF]LÖÐ[08][00]E[00][00]`FÇ[00][00]€[11]7ZÀ¨[1D][1C]À¨[1D]ÿ[00]‰[00]‰[00]LNP¤-)[10][00][01][00][00][00][00][00][01] FHEPFCELEHFCEPFFFACACACACACACAAA[00][00] [00][01]À[0C][00] [00][01][00][04]

------------------- Rx Data ---------------Rx_next_packet: 2832
Rx_packet_length: 60
Rx_pkt_count: 76
ÿÿÿÿÿÿ,`[0C]È»¶[08][06][00][01][08][00][06][04][00][01],`[0C]È»¶À¨[1D][11][00][00][00][00][00][00]À¨[1D][01][00][00][00][00][00][00][00][00][00][00][00][00][00][00][00][00][00][00]CELEHFCEPFFFACACACACACACAAA[00][00] [00][01]À[0C][00] [00][01][00][04]

------------------- Rx Data ---------------Rx_next_packet: 2952
Rx_packet_length: 110
Rx_pkt_count: 77
ÿÿÿÿÿÿPF]LÖÐ[08][00]E[00][00]`FÈ[00][00]€[11]7YÀ¨[1D][1C]À¨[1D]ÿ[00]‰[00]‰[00]L¬J¤+)[10][00][01][00][00][00][00][00][01] EEEFFDELFEEPFACNECEODIFFEKDEDACA[00][00] [00][01]À[0C][00] [00][01][00][04]

------------------- Rx Data ---------------Rx_next_packet: 3072
Rx_packet_length: 110
Rx_pkt_count: 77
ÿÿÿÿÿÿPF]LÖÐ[08][00]E[00][00]`FÉ[00][00]€[11]7XÀ¨[1D][1C]À¨[1D]ÿ[00]‰[00]‰[00]L¬K¤,)[10][00][01][00][00][00][00][00][01] EEEFFDELFEEPFACNECEODIFFEKDEDAAA[00][00] [00][01]À[0C][00] [00][01][00][04]

------------------- Rx Data ---------------Rx_next_packet: 3192
Rx_packet_length: 110
Rx_pkt_count: 77
ÿÿÿÿÿÿPF]LÖÐ[08][00]E[00][00]`FÊ[00][00]€[11]7WÀ¨[1D][1C]À¨[1D]ÿ[00]‰[00]‰[00]LNP¤-)[10][00][01][00][00][00][00][00][01] FHEPFCELEHFCEPFFFACACACACACACAAA[00][00] [00][01]À[0C][00] [00][01][00][04]

------------------- Rx Data ---------------Rx_next_packet: 3312
Rx_packet_length: 110
Rx_pkt_count: 78
ÿÿÿÿÿÿPF]LÖÐ[08][00]E[00][00]`FË[00][00]€[11]7VÀ¨[1D][1C]À¨[1D]ÿ[00]‰[00]‰[00]LNP¤-)[10][00][01][00][00][00][00][00][01] FHEPFCELEHFCEPFFFACACACACACACAAA[00][00] [00][01]À[0C][00] [00][01][00][04]

------------------- Rx Data ---------------Rx_next_packet: 3432
Rx_packet_length: 110
Rx_pkt_count: 78
ÿÿÿÿÿÿPF]LÖÐ[08][00]E[00][00]`FÌ[00][00]€[11]7UÀ¨[1D][1C]À¨[1D]ÿ[00]‰[00]‰[00]L¬K¤,)[10][00][01][00][00][00][00][00][01] EEEFFDELFEEPFACNECEODIFFEKDEDAAA[00][00] [00][01]À[0C][00] [00][01][00][04]

------------------- Rx Data ---------------Rx_next_packet: 3552
Rx_packet_length: 110
Rx_pkt_count: 78
ÿÿÿÿÿÿPF]LÖÐ[08][00]E[00][00]`FÍ[00][00]€[11]7TÀ¨[1D][1C]À¨[1D]ÿ[00]‰[00]‰[00]L¬J¤+)[10][00][01][00][00][00][00][00][01] EEEFFDELFEEPFACNECEODIFFEKDEDACA[00][00] [00][01]À[0C][00] [00][01][00][04]

------------------- Rx Data ---------------Rx_next_packet: 3622
Rx_packet_length: 60
Rx_pkt_count: 79
ÿÿÿÿÿÿPF]LÖÐ[08][06][00][01][08][00][06][04][00][01]PF]LÖÐÀ¨[1D][1C][00][00][00][00][00][00]À¨[1D][1C][00][00][00][00][00][00][00][00][00][00][00][00][00][00][00][00][00][00]DELFEEPFACNECEODIFFEKDEDACA[00][00] [00][01]À[0C][00] [00][01][00][04]

------------------- Rx Data ---------------Rx_next_packet: 3742
Rx_packet_length: 110
Rx_pkt_count: 78
ÿÿÿÿÿÿPF]LÖÐ[08][00]E[00][00]`FÎ[00][00]€[11]7SÀ¨[1D][1C]À¨[1D]ÿ[00]‰[00]‰[00]L­J¤+([10][00][01][00][00][00][00][00][01] EEEFFDELFEEPFACNECEODIFFEKDEDACA[00][00] [00][01]À[0C][00] [00][01][00][04]

------------------- Rx Data ---------------Rx_next_packet: 3862
Rx_packet_length: 110
Rx_pkt_count: 80
ÿÿÿÿÿÿPF]LÖÐ[08][00]E[00][00]`FÏ[00][00]€[11]7RÀ¨[1D][1C]À¨[1D]ÿ[00]‰[00]‰[00]L­K¤,([10][00][01][00][00][00][00][00][01] EEEFFDELFEEPFACNECEODIFFEKDEDAAA[00][00] [00][01]À[0C][00] [00][01][00][04]

------------------- Rx Data ---------------Rx_next_packet: 3982
Rx_packet_length: 110
Rx_pkt_count: 80
ÿÿÿÿÿÿPF]LÖÐ[08][00]E[00][00]`FÐ[00][00]€[11]7QÀ¨[1D][1C]À¨[1D]ÿ[00]‰[00]‰[00]LOP¤-([10][00][01][00][00][00][00][00][01] FHEPFCELEHFCEPFFFACACACACACACAAA[00][00] [00][01]À[0C][00] [00][01][00][04]

------------------- Rx Data ---------------Rx_next_packet: 4052
Rx_packet_length: 60
Rx_pkt_count: 80
ÿÿÿÿÿÿ,`[0C]È»¶[08][06][00][01][08][00][06][04][00][01],`[0C]È»¶À¨[1D][11][00][00][00][00][00][00]À¨[1D][01][00][00][00][00][00][00][00][00][00][00][00][00][00][00][00][00][00][00]CELEHFCEPFFFACACACACACACAAA[00][00] [00][01]À[0C][00] [00][01][00][04]

------------------- Rx Data ---------------Rx_next_packet: 4122
Rx_packet_length: 60
Rx_pkt_count: 81
ÿÿÿÿÿÿ,`[0C]È»¶[08][06][00][01][08][00][06][04][00][01],`[0C]È»¶À¨[1D][11][00][00][00][00][00][00]À¨[1D][01][00][00][00][00][00][00][00][00][00][00][00][00][00][00][00][00][00][00]CELEHFCEPFFFACACACACACACAAA[00][00] [00][01]À[0C][00] [00][01][00][04]

------------------- Rx Data ---------------Rx_next_packet: 4192
Rx_packet_length: 60
Rx_pkt_count: 83
ÿÿÿÿÿÿ,`[0C]È»¶[08][06][00][01][08][00][06][04][00][01],`[0C]È»¶À¨[1D][11][00][00][00][00][00][00]À¨[1D][01][00][00][00][00][00][00][00][00][00][00][00][00][00][00][00][00][00][00]CELEHFCEPFFFACACACACACACAAA[00][00] [00][01]À[0C][00] [00][01][00][04]

------------------- Rx Data ---------------Rx_next_packet: 4262
Rx_packet_length: 60
Rx_pkt_count: 84
ÿÿÿÿÿÿ,`[0C]È»¶[08][06][00][01][08][00][06][04][00][01],`[0C]È»¶À¨[1D][11][00][00][00][00][00][00]À¨[1D][01][00][00][00][00][00][00][00][00][00][00][00][00][00][00][00][00][00][00]CELEHFCEPFFFACACACACACACAAA[00][00] [00][01]À[0C][00] [00][01][00][04]

------------------- Rx Data ---------------Rx_next_packet: 4332
Rx_packet_length: 60
Rx_pkt_count: 84
ÿÿÿÿÿÿ,`[0C]È»¶[08][06][00][01][08][00][06][04][00][01],`[0C]È»¶À¨[1D][11][00][00][00][00][00][00]À¨[1D][01][00][00][00][00][00][00][00][00][00][00][00][00][00][00][00][00][00][00]CELEHFCEPFFFACACACACACACAAA[00][00] [00][01]À[0C][00] [00][01][00][04]

------------------- Rx Data ---------------Rx_next_packet: 4402
Rx_packet_length: 60
Rx_pkt_count: 84
ÿÿÿÿÿÿ,`[0C]È»¶[08][06][00][01][08][00][06][04][00][01],`[0C]È»¶À¨[1D][11][00][00][00][00][00][00]À¨[1D][01][00][00][00][00][00][00][00][00][00][00][00][00][00][00][00][00][00][00]CELEHFCEPFFFACACACACACACAAA[00][00] [00][01]À[0C][00] [00][01][00][04]

------------------- Rx Data ---------------Rx_next_packet: 4472
Rx_packet_length: 60
Rx_pkt_count: 83
ÿÿÿÿÿÿ,`[0C]È»¶[08][06][00][01][08][00][06][04][00][01],`[0C]È»¶À¨[1D][11][00][00][00][00][00][00]À¨[1D][01][00][00][00][00][00][00][00][00][00][00][00][00][00][00][00][00][00][00]CELEHFCEPFFFACACACACACACAAA[00][00] [00][01]À[0C][00] [00][01][00][04]

------------------- Rx Data ---------------Rx_next_packet: 4542
Rx_packet_length: 60
Rx_pkt_count: 84
ÿÿÿÿÿÿ,`[0C]È»¶[08][06][00][01][08][00][06][04][00][01],`[0C]È»¶À¨[1D][11][00][00][00][00][00][00]À¨[1D][01][00][00][00][00][00][00][00][00][00][00][00][00][00][00][00][00][00][00]CELEHFCEPFFFACACACACACACAAA[00][00] [00][01]À[0C][00] [00][01][00][04]

------------------- Rx Data ---------------Rx_next_packet: 4612
Rx_packet_length: 60
Rx_pkt_count: 84
ÿÿÿÿÿÿ,`[0C]È»¶[08][06][00][01][08][00][06][04][00][01],`[0C]È»¶[00][00][00][00][00][00][00][00][00][00]À¨[1D][11][00][00][00][00][00][00][00][00][00][00][00][00][00][00][00][00][00][00]CELEHFCEPFFFACACACACACACAAA[00][00] [00][01]À[0C][00] [00][01][00][04]

------------------- Rx Data ---------------Rx_next_packet: 4682
Rx_packet_length: 60
Rx_pkt_count: 83
ÿÿÿÿÿÿ,`[0C]È»¶[08][06][00][01][08][00][06][04][00][01],`[0C]È»¶[00][00][00][00][00][00][00][00][00][00]À¨[1D][11][00][00][00][00][00][00][00][00][00][00][00][00][00][00][00][00][00][00]CELEHFCEPFFFACACACACACACAAA[00][00] [00][01]À[0C][00] [00][01][00][04]

------------------- Rx Data ---------------Rx_next_packet: 4752
Rx_packet_length: 60
Rx_pkt_count: 84
ÿÿÿÿÿÿ,`[0C]È»¶[08][06][00][01][08][00][06][04][00][01],`[0C]È»¶[00][00][00][00][00][00][00][00][00][00]À¨[1D][11][00][00][00][00][00][00][00][00][00][00][00][00][00][00][00][00][00][00]CELEHFCEPFFFACACACACACACAAA[00][00] [00][01]À[0C][00] [00][01][00][04]

------------------- Rx Data ---------------Rx_next_packet: 4822
Rx_packet_length: 60
Rx_pkt_count: 83
ÿÿÿÿÿÿ,`[0C]È»¶[08][06][00][01][08][00][06][04][00][01],`[0C]È»¶À¨[1D][11][00][00][00][00][00][00]À¨[1D][11][00][00][00][00][00][00][00][00][00][00][00][00][00][00][00][00][00][00]CELEHFCEPFFFACACACACACACAAA[00][00] [00][01]À[0C][00] [00][01][00][04]

------------------- Rx Data ---------------Rx_next_packet: 4892
Rx_packet_length: 60
Rx_pkt_count: 84
[01][00]^[00][00][16],`[0C]È»¶[08][00]F[00][00](Óp[00][00][01][02]“À¨[1D][11]à[00][00][16]”[04][00][00]"[00]ú[02][00][00][00][01][03][00][00][00]à[00][00]û[00][00][00][00][00][00]CELEHFCEPFFFACACACACACACAAA[00][00] [00][01]À[0C][00] [00][01][00][04]

------------------- Rx Data ---------------Rx_next_packet: 4962
Rx_packet_length: 60
Rx_pkt_count: 83
[01][00]^[00][00][16],`[0C]È»¶[08][00]F[00][00](Óq[00][00][01][02]“ŽÀ¨[1D][11]à[00][00][16]”[04][00][00]"[00]ú[01][00][00][00][01][03][00][00][00]à[00][00]ü[00][00][00][00][00][00]CELEHFCEPFFFACACACACACACAAA[00][00] [00][01]À[0C][00] [00][01][00][04]

------------------- Rx Data ---------------Rx_next_packet: 5032
Rx_packet_length: 60
Rx_pkt_count: 84
[01][00]^[00][00][16],`[0C]È»¶[08][00]F[00][00](Ór[00][00][01][02]“À¨[1D][11]à[00][00][16]”[04][00][00]"[00]ù[01][00][00][00][01][04][00][00][00]à[00][00]ü[00][00][00][00][00][00]CELEHFCEPFFFACACACACACACAAA[00][00] [00][01]À[0C][00] [00][01][00][04]

------------------- Rx Data ---------------Rx_next_packet: 5102
Rx_packet_length: 60
Rx_pkt_count: 84
[01][00]^[00][00][16],`[0C]È»¶[08][00]F[00][00](Ós[00][00][01][02]“ŒÀ¨[1D][11]à[00][00][16]”[04][00][00]"[00]ù[02][00][00][00][01][04][00][00][00]à[00][00]û[00][00][00][00][00][00]CELEHFCEPFFFACACACACACACAAA[00][00] [00][01]À[0C][00] [00][01][00][04]

------------------- Rx Data ---------------Rx_next_packet: 5222
Rx_packet_length: 110
Rx_pkt_count: 83
ÿÿÿÿÿÿ,`[0C]È»¶[08][00]E[00][00]`<q[00][00]€[11]A»À¨[1D][11]À¨[1D]ÿ[00]‰[00]‰[00]L¸é˜¦)[10][00][01][00][00][00][00][00][01] EKECFCEBFEEIEPEEEMFACNDBDJDIDIAA[00][00] [00][01]À[0C][00] [00][01][00][04]

------------------- Rx Data ---------------Rx_next_packet: 5342
Rx_packet_length: 110
Rx_pkt_count: 83
ÿÿÿÿÿÿ,`[0C]È»¶[08][00]E[00][00]`<r[00][00]€[11]AºÀ¨[1D][11]À¨[1D]ÿ[00]‰[00]‰[00]LYì˜§)[10][00][01][00][00][00][00][00][01] FHEPFCELEHFCEPFFFACACACACACACAAA[00][00] [00][01]À[0C][00] [00][01][00][04]

------------------- Rx Data ---------------Rx_next_packet: 5412
Rx_packet_length: 60
Rx_pkt_count: 83
ÿÿÿÿÿÿ,`[0C]È»¶[08][06][00][01][08][00][06][04][00][01],`[0C]È»¶À¨[1D][11][00][00][00][00][00][00]À¨[1D][01][00][00][00][00][00][00][00][00][00][00][00][00][00][00][00][00][00][00]CELEHFCEPFFFACACACACACACAAA[00][00] [00][01]À[0C][00] [00][01][00][04]

------------------- Rx Data ---------------Rx_next_packet: 5532
Rx_packet_length: 110
Rx_pkt_count: 84
ÿÿÿÿÿÿ,`[0C]È»¶[08][00]E[00][00]`<s[00][00]€[11]A¹À¨[1D][11]À¨[1D]ÿ[00]‰[00]‰[00]LYì˜§)[10][00][01][00][00][00][00][00][01] FHEPFCELEHFCEPFFFACACACACACACAAA[00][00] [00][01]À[0C][00] [00][01][00][04]

------------------- Rx Data ---------------Rx_next_packet: 5652
Rx_packet_length: 110
Rx_pkt_count: 83
ÿÿÿÿÿÿ,`[0C]È»¶[08][00]E[00][00]`<t[00][00]€[11]A¸À¨[1D][11]À¨[1D]ÿ[00]‰[00]‰[00]L¸é˜¦)[10][00][01][00][00][00][00][00][01] EKECFCEBFEEIEPEEEMFACNDBDJDIDIAA[00][00] [00][01]À[0C][00] [00][01][00][04]

------------------- Rx Data ---------------Rx_next_packet: 5722
Rx_packet_length: 60
Rx_pkt_count: 84
ÿÿÿÿÿÿ,`[0C]È»¶[08][06][00][01][08][00][06][04][00][01],`[0C]È»¶À¨[1D][11][00][00][00][00][00][00]À¨[1D][01][00][00][00][00][00][00][00][00][00][00][00][00][00][00][00][00][00][00]CEBFEEIEPEEEMFACNDBDJDIDIAA[00][00] [00][01]À[0C][00] [00][01][00][04]

------------------- Rx Data ---------------Rx_next_packet: 5842
Rx_packet_length: 110
Rx_pkt_count: 85
ÿÿÿÿÿÿ,`[0C]È»¶[08][00]E[00][00]`<u[00][00]€[11]A·À¨[1D][11]À¨[1D]ÿ[00]‰[00]‰[00]L¸é˜¦)[10][00][01][00][00][00][00][00][01] EKECFCEBFEEIEPEEEMFACNDBDJDIDIAA[00][00] [00][01]À[0C][00] [00][01][00][04]

------------------- Rx Data ---------------Rx_next_packet: 5962
Rx_packet_length: 110
Rx_pkt_count: 84
ÿÿÿÿÿÿ,`[0C]È»¶[08][00]E[00][00]`<v[00][00]€[11]A¶À¨[1D][11]À¨[1D]ÿ[00]‰[00]‰[00]LYì˜§)[10][00][01][00][00][00][00][00][01] FHEPFCELEHFCEPFFFACACACACACACAAA[00][00] [00][01]À[0C][00] [00][01][00][04]

------------------- Rx Data ---------------Rx_next_packet: 6032
Rx_packet_length: 60
Rx_pkt_count: 84
ÿÿÿÿÿÿ,`[0C]È»¶[08][06][00][01][08][00][06][04][00][01],`[0C]È»¶À¨[1D][11][00][00][00][00][00][00]À¨[1D][11][00][00][00][00][00][00][00][00][00][00][00][00][00][00][00][00][00][00]CELEHFCEPFFFACACACACACACAAA[00][00] [00][01]À[0C][00] [00][01][00][04]

------------------- Rx Data ---------------Rx_next_packet: 6152
Rx_packet_length: 110
Rx_pkt_count: 84
ÿÿÿÿÿÿ,`[0C]È»¶[08][00]E[00][00]`<w[00][00]€[11]AµÀ¨[1D][11]À¨[1D]ÿ[00]‰[00]‰[00]LZì˜§([10][00][01][00][00][00][00][00][01] FHEPFCELEHFCEPFFFACACACACACACAAA[00][00] [00][01]À[0C][00] [00][01][00][04]

------------------- Rx Data ---------------Rx_next_packet: 6272
Rx_packet_length: 110
Rx_pkt_count: 85
ÿÿÿÿÿÿ,`[0C]È»¶[08][00]E[00][00]`<x[00][00]€[11]A´À¨[1D][11]À¨[1D]ÿ[00]‰[00]‰[00]L¹é˜¦([10][00][01][00][00][00][00][00][01] EKECFCEBFEEIEPEEEMFACNDBDJDIDIAA[00][00] [00][01]À[0C][00] [00][01][00][04]

------------------- Rx Data ---------------Rx_next_packet: 6342
Rx_packet_length: 60
Rx_pkt_count: 85
ÿÿÿÿÿÿ,`[0C]È»¶[08][06][00][01][08][00][06][04][00][01],`[0C]È»¶À¨[1D][11][00][00][00][00][00][00]À¨[1D][01][00][00][00][00][00][00][00][00][00][00][00][00][00][00][00][00][00][00]CEBFEEIEPEEEMFACNDBDJDIDIAA[00][00] [00][01]À[0C][00] [00][01][00][04]

------------------- Rx Data ---------------Rx_next_packet: 6412
Rx_packet_length: 60
Rx_pkt_count: 85
ÿÿÿÿÿÿ,`[0C]È»¶[08][06][00][01][08][00][06][04][00][01],`[0C]È»¶À¨[1D][11][00][00][00][00][00][00]À¨[1D][01][00][00][00][00][00][00][00][00][00][00][00][00][00][00][00][00][00][00]CEBFEEIEPEEEMFACNDBDJDIDIAA[00][00] [00][01]À[0C][00] [00][01][00][04]

------------------- Rx Data ---------------Rx_next_packet: 6482
Rx_packet_length: 60
Rx_pkt_count: 85
ÿÿÿÿÿÿ,`[0C]È»¶[08][06][00][01][08][00][06][04][00][01],`[0C]È»¶À¨[1D][11][00][00][00][00][00][00]À¨[1D][01][00][00][00][00][00][00][00][00][00][00][00][00][00][00][00][00][00][00]CEBFEEIEPEEEMFACNDBDJDIDIAA[00][00] [00][01]À[0C][00] [00][01][00][04]

------------------- Rx Data ---------------Rx_next_packet: 6552
Rx_packet_length: 60
Rx_pkt_count: 85
ÿÿÿÿÿÿ,`[0C]È»¶[08][06][00][01][08][00][06][04][00][01],`[0C]È»¶À¨[1D][11][00][00][00][00][00][00]À¨[1D][01][00][00][00][00][00][00][00][00][00][00][00][00][00][00][00][00][00][00]CEBFEEIEPEEEMFACNDBDJDIDIAA[00][00] [00][01]À[0C][00] [00][01][00][04]

------------------- Rx Data ---------------Rx_next_packet: 6622
Rx_packet_length: 60
Rx_pkt_count: 85
ÿÿÿÿÿÿ,`[0C]È»¶[08][06][00][01][08][00][06][04][00][01],`[0C]È»¶À¨[1D][11][00][00][00][00][00][00]À¨[1D][01][00][00][00][00][00][00][00][00][00][00][00][00][00][00][00][00][00][00]CEBFEEIEPEEEMFACNDBDJDIDIAA[00][00] [00][01]À[0C][00] [00][01][00][04]

------------------- Rx Data ---------------Rx_next_packet: 38
Rx_packet_length: 60
Rx_pkt_count: 84
ÿÿÿÿÿÿ,`[0C]È»¶[08][06][00][01][08][00][06][04][00][01],`[0C]È»¶À¨[1D][11][00][00][00][00][00][00]À¨[1D][01][00][00][00][00][00][00][00][00][00][00][00][00][00][00][00][00][00][00]CEBFEEIEPEEEMFACNDBDJDIDIAA[00][00] [00][01]À[0C][00] [00][01][00][04]

------------------- Rx Data ---------------Rx_next_packet: 108
Rx_packet_length: 60
Rx_pkt_count: 85
ÿÿÿÿÿÿ,`[0C]È»¶[08][06][00][01][08][00][06][04][00][01],`[0C]È»¶À¨[1D][11][00][00][00][00][00][00]À¨[1D][01][00][00][00][00][00][00][00][00][00][00][00][00][00][00][00][00][00][00]CEBFEEIEPEEEMFACNDBDJDIDIAA[00][00] [00][01]À[0C][00] [00][01][00][04]

------------------- Rx Data ---------------Rx_next_packet: 178
Rx_packet_length: 60
Rx_pkt_count: 85
ÿÿÿÿÿÿ,`[0C]È»¶[08][06][00][01][08][00][06][04][00][01],`[0C]È»¶À¨[1D][11][00][00][00][00][00][00]À¨[1D][01][00][00][00][00][00][00][00][00][00][00][00][00][00][00][00][00][00][00]CEBFEEIEPEEEMFACNDBDJDIDIAA[00][00] [00][01]À[0C][00] [00][01][00][04]

------------------- Rx Data ---------------Rx_next_packet: 248
Rx_packet_length: 60
Rx_pkt_count: 85
ÿÿÿÿÿÿ,`[0C]È»¶[08][06][00][01][08][00][06][04][00][01],`[0C]È»¶À¨[1D][11][00][00][00][00][00][00]À¨[1D][01][00][00][00][00][00][00][00][00][00][00][00][00][00][00][00][00][00][00]CEBFEEIEPEEEMFACNDBDJDIDIAA[00][00] [00][01]À[0C][00] [00][01][00][04]

------------------- Rx Data ---------------Rx_next_packet: 318
Rx_packet_length: 60
Rx_pkt_count: 86
ÿÿÿÿÿÿ,`[0C]È»¶[08][06][00][01][08][00][06][04][00][01],`[0C]È»¶À¨[1D][11][00][00][00][00][00][00]À¨[1D][01][00][00][00][00][00][00][00][00][00][00][00][00][00][00][00][00][00][00]CEBFEEIEPEEEMFACNDBDJDIDIAA[00][00] [00][01]À[0C][00] [00][01][00][04]

------------------- Rx Data ---------------Rx_next_packet: 388
Rx_packet_length: 60
Rx_pkt_count: 85
ÿÿÿÿÿÿ,`[0C]È»¶[08][06][00][01][08][00][06][04][00][01],`[0C]È»¶À¨[1D][11][00][00][00][00][00][00]À¨[1D][01][00][00][00][00][00][00][00][00][00][00][00][00][00][00][00][00][00][00]CEBFEEIEPEEEMFACNDBDJDIDIAA[00][00] [00][01]À[0C][00] [00][01][00][04]

------------------- Rx Data ---------------Rx_next_packet: 458
Rx_packet_length: 60
Rx_pkt_count: 85
ÿÿÿÿÿÿ,`[0C]È»¶[08][06][00][01][08][00][06][04][00][01],`[0C]È»¶À¨[1D][11][00][00][00][00][00][00]À¨[1D][01][00][00][00][00][00][00][00][00][00][00][00][00][00][00][00][00][00][00]CEBFEEIEPEEEMFACNDBDJDIDIAA[00][00] [00][01]À[0C][00] [00][01][00][04]

------------------- Rx Data ---------------Rx_next_packet: 528
Rx_packet_length: 60
Rx_pkt_count: 86
ÿÿÿÿÿÿPF]LÖÐ[08][06][00][01][08][00][06][04][00][01]PF]LÖÐ[00][00][00][00][00][00][00][00][00][00]À¨[1D][1C][00][00][00][00][00][00][00][00][00][00][00][00][00][00][00][00][00][00]CEBFEEIEPEEEMFACNDBDJDIDIAA[00][00] [00][01]À[0C][00] [00][01][00][04]

------------------- Rx Data ---------------Rx_next_packet: 598
Rx_packet_length: 60
Rx_pkt_count: 87
ÿÿÿÿÿÿ,`[0C]È»¶[08][06][00][01][08][00][06][04][00][01],`[0C]È»¶À¨[1D][11][00][00][00][00][00][00]À¨[1D][01][00][00][00][00][00][00][00][00][00][00][00][00][00][00][00][00][00][00]CEBFEEIEPEEEMFACNDBDJDIDIAA[00][00] [00][01]À[0C][00] [00][01][00][04]

------------------- Rx Data ---------------Rx_next_packet: 668
Rx_packet_length: 60
Rx_pkt_count: 87
ÿÿÿÿÿÿPF]LÖÐ[08][06][00][01][08][00][06][04][00][01]PF]LÖÐ[00][00][00][00][00][00][00][00][00][00]À¨[1D][1C][00][00][00][00][00][00][00][00][00][00][00][00][00][00][00][00][00][00]CEBFEEIEPEEEMFACNDBDJDIDIAA[00][00] [00][01]À[0C][00] [00][01][00][04]

------------------- Rx Data ---------------Rx_next_packet: 738
Rx_packet_length: 60
Rx_pkt_count: 87
ÿÿÿÿÿÿ,`[0C]È»¶[08][06][00][01][08][00][06][04][00][01],`[0C]È»¶À¨[1D][11][00][00][00][00][00][00]À¨[1D][01][00][00][00][00][00][00][00][00][00][00][00][00][00][00][00][00][00][00]CEBFEEIEPEEEMFACNDBDJDIDIAA[00][00] [00][01]À[0C][00] [00][01][00][04]

------------------- Rx Data ---------------Rx_next_packet: 808
Rx_packet_length: 60
Rx_pkt_count: 86
ÿÿÿÿÿÿPF]LÖÐ[08][06][00][01][08][00][06][04][00][01]PF]LÖÐ[00][00][00][00][00][00][00][00][00][00]À¨[1D][1C][00][00][00][00][00][00][00][00][00][00][00][00][00][00][00][00][00][00]CEBFEEIEPEEEMFACNDBDJDIDIAA[00][00] [00][01]À[0C][00] [00][01][00][04]

------------------- Rx Data ---------------Rx_next_packet: 878
Rx_packet_length: 60
Rx_pkt_count: 86
ÿÿÿÿÿÿ,`[0C]È»¶[08][06][00][01][08][00][06][04][00][01],`[0C]È»¶À¨[1D][11][00][00][00][00][00][00]À¨[1D][01][00][00][00][00][00][00][00][00][00][00][00][00][00][00][00][00][00][00]CEBFEEIEPEEEMFACNDBDJDIDIAA[00][00] [00][01]À[0C][00] [00][01][00][04]

------------------- Rx Data ---------------Rx_next_packet: 948
Rx_packet_length: 60
Rx_pkt_count: 85
ÿÿÿÿÿÿPF]LÖÐ[08][06][00][01][08][00][06][04][00][01]PF]LÖÐÀ¨[1D][1C][00][00][00][00][00][00]À¨[1D][1C][00][00][00][00][00][00][00][00][00][00][00][00][00][00][00][00][00][00]CEBFEEIEPEEEMFACNDBDJDIDIAA[00][00] [00][01]À[0C][00] [00][01][00][04]

------------------- Rx Data ---------------Rx_next_packet: 1018
Rx_packet_length: 60
Rx_pkt_count: 86
ÿÿÿÿÿÿPF]LÖÐ[08][06][00][01][08][00][06][04][00][01]PF]LÖÐÀ¨[1D][1C][00][00][00][00][00][00]À¨[1D][01][00][00][00][00][00][00][00][00][00][00][00][00][00][00][00][00][00][00]CEBFEEIEPEEEMFACNDBDJDIDIAA[00][00] [00][01]À[0C][00] [00][01][00][04]

------------------- Rx Data ---------------Rx_next_packet: 1088
Rx_packet_length: 60
Rx_pkt_count: 86
[01][00]^[00][00][16]PF]LÖÐ[08][00]F[00][00]([0E]û[00][00][01][02]WúÀ¨[1D][1C]à[00][00][16]”[04][00][00]"[00]ú[01][00][00][00][01][03][00][00][00]à[00][00]ü[00][00][00][00][00][00]CEBFEEIEPEEEMFACNDBDJDIDIAA[00][00] [00][01]À[0C][00] [00][01][00][04]

------------------- Rx Data ---------------Rx_next_packet: 1158
Rx_packet_length: 60
Rx_pkt_count: 86
[01][00]^[00][00][16]PF]LÖÐ[08][00]F[00][00]([0E]ü[00][00][01][02]WùÀ¨[1D][1C]à[00][00][16]”[04][00][00]"[00]ù[01][00][00][00][01][04][00][00][00]à[00][00]ü[00][00][00][00][00][00]CEBFEEIEPEEEMFACNDBDJDIDIAA[00][00] [00][01]À[0C][00] [00][01][00][04]

------------------- Rx Data ---------------Rx_next_packet: 1278
Rx_packet_length: 110
Rx_pkt_count: 88
ÿÿÿÿÿÿPF]LÖÐ[08][00]E[00][00]`³[00][00]€[11]Ê‘À¨[1D][1C]À¨[1D]ÿ[00]‰[00]‰[00]L¬D¤1)[10][00][01][00][00][00][00][00][01] EEEFFDELFEEPFACNECEODIFFEKDEDACA[00][00] [00][01]À[0C][00] [00][01][00][04]

------------------- Rx Data ---------------Rx_next_packet: 1398
Rx_packet_length: 110
Rx_pkt_count: 87
ÿÿÿÿÿÿPF]LÖÐ[08][00]E[00][00]`³[00][00]€[11]ÊÀ¨[1D][1C]À¨[1D]ÿ[00]‰[00]‰[00]L¬E¤2)[10][00][01][00][00][00][00][00][01] EEEFFDELFEEPFACNECEODIFFEKDEDAAA[00][00] [00][01]À[0C][00] [00][01][00][04]

------------------- Rx Data ---------------Rx_next_packet: 1518
Rx_packet_length: 110
Rx_pkt_count: 87
ÿÿÿÿÿÿPF]LÖÐ[08][00]E[00][00]`³‘[00][00]€[11]ÊÀ¨[1D][1C]À¨[1D]ÿ[00]‰[00]‰[00]LNJ¤3)[10][00][01][00][00][00][00][00][01] FHEPFCELEHFCEPFFFACACACACACACAAA[00][00] [00][01]À[0C][00] [00][01][00][04]

------------------- Rx Data ---------------Rx_next_packet: 1588
Rx_packet_length: 60
Rx_pkt_count: 86
ÿÿÿÿÿÿPF]LÖÐ[08][06][00][01][08][00][06][04][00][01]PF]LÖÐÀ¨[1D][1C][00][00][00][00][00][00]À¨[1D][01][00][00][00][00][00][00][00][00][00][00][00][00][00][00][00][00][00][00]CELEHFCEPFFFACACACACACACAAA[00][00] [00][01]À[0C][00] [00][01][00][04]

------------------- Rx Data ---------------Rx_next_packet: 1658
Rx_packet_length: 60
Rx_pkt_count: 86
ÿÿÿÿÿÿPF]LÖÐ[08][06][00][01][08][00][06][04][00][01]PF]LÖÐÀ¨[1D][1C][00][00][00][00][00][00]À¨[1D][01][00][00][00][00][00][00][00][00][00][00][00][00][00][00][00][00][00][00]CELEHFCEPFFFACACACACACACAAA[00][00] [00][01]À[0C][00] [00][01][00][04]

------------------- Rx Data ---------------Rx_next_packet: 1728
Rx_packet_length: 60
Rx_pkt_count: 87
ÿÿÿÿÿÿ,`[0C]È»¶[08][06][00][01][08][00][06][04][00][01],`[0C]È»¶À¨[1D][11][00][00][00][00][00][00]À¨[1D][01][00][00][00][00][00][00][00][00][00][00][00][00][00][00][00][00][00][00]CELEHFCEPFFFACACACACACACAAA[00][00] [00][01]À[0C][00] [00][01][00][04]

------------------- Rx Data ---------------Rx_next_packet: 1848
Rx_packet_length: 110
Rx_pkt_count: 87
ÿÿÿÿÿÿPF]LÖÐ[08][00]E[00][00]`³’[00][00]€[11]ÊŽÀ¨[1D][1C]À¨[1D]ÿ[00]‰[00]‰[00]L¬D¤1)[10][00][01][00][00][00][00][00][01] EEEFFDELFEEPFACNECEODIFFEKDEDACA[00][00] [00][01]À[0C][00] [00][01][00][04]

------------------- Rx Data ---------------Rx_next_packet: 1968
Rx_packet_length: 110
Rx_pkt_count: 87
ÿÿÿÿÿÿPF]LÖÐ[08][00]E[00][00]`³“[00][00]€[11]ÊÀ¨[1D][1C]À¨[1D]ÿ[00]‰[00]‰[00]L¬E¤2)[10][00][01][00][00][00][00][00][01] EEEFFDELFEEPFACNECEODIFFEKDEDAAA[00][00] [00][01]À[0C][00] [00][01][00][04]

------------------- Rx Data ---------------Rx_next_packet: 2088
Rx_packet_length: 110
Rx_pkt_count: 87
ÿÿÿÿÿÿPF]LÖÐ[08][00]E[00][00]`³”[00][00]€[11]ÊŒÀ¨[1D][1C]À¨[1D]ÿ[00]‰[00]‰[00]LNJ¤3)[10][00][01][00][00][00][00][00][01] FHEPFCELEHFCEPFFFACACACACACACAAA[00][00] [00][01]À[0C][00] [00][01][00][04]

------------------- Rx Data ---------------Rx_next_packet: 2158
Rx_packet_length: 60
Rx_pkt_count: 87
ÿÿÿÿÿÿPF]LÖÐ[08][06][00][01][08][00][06][04][00][01]PF]LÖÐÀ¨[1D][1C][00][00][00][00][00][00]À¨[1D][01][00][00][00][00][00][00][00][00][00][00][00][00][00][00][00][00][00][00]CELEHFCEPFFFACACACACACACAAA[00][00] [00][01]À[0C][00] [00][01][00][04]

------------------- Rx Data ---------------Rx_next_packet: 2228
Rx_packet_length: 60
Rx_pkt_count: 86
ÿÿÿÿÿÿ,`[0C]È»¶[08][06][00][01][08][00][06][04][00][01],`[0C]È»¶À¨[1D][11][00][00][00][00][00][00]À¨[1D][01][00][00][00][00][00][00][00][00][00][00][00][00][00][00][00][00][00][00]CELEHFCEPFFFACACACACACACAAA[00][00] [00][01]À[0C][00] [00][01][00][04]

------------------- Rx Data ---------------Rx_next_packet: 2298
Rx_packet_length: 60
Rx_pkt_count: 87
ÿÿÿÿÿÿPF]LÖÐ[08][06][00][01][08][00][06][04][00][01]PF]LÖÐÀ¨[1D][1C][00][00][00][00][00][00]À¨[1D][01][00][00][00][00][00][00][00][00][00][00][00][00][00][00][00][00][00][00]CELEHFCEPFFFACACACACACACAAA[00][00] [00][01]À[0C][00] [00][01][00][04]

------------------- Rx Data ---------------Rx_next_packet: 2418
Rx_packet_length: 110
Rx_pkt_count: 88
ÿÿÿÿÿÿPF]LÖÐ[08][00]E[00][00]`³•[00][00]€[11]Ê‹À¨[1D][1C]À¨[1D]ÿ[00]‰[00]‰[00]L¬D¤1)[10][00][01][00][00][00][00][00][01] EEEFFDELFEEPFACNECEODIFFEKDEDACA[00][00] [00][01]À[0C][00] [00][01][00][04]

------------------- Rx Data ---------------Rx_next_packet: 2488
Rx_packet_length: 60
Rx_pkt_count: 87
ÿÿÿÿÿÿPF]LÖÐ[08][06][00][01][08][00][06][04][00][01]PF]LÖÐÀ¨[1D][1C][00][00][00][00][00][00]À¨[1D][1C][00][00][00][00][00][00][00][00][00][00][00][00][00][00][00][00][00][00]DELFEEPFACNECEODIFFEKDEDACA[00][00] [00][01]À[0C][00] [00][01][00][04]

------------------- Rx Data ---------------Rx_next_packet: 2558
Rx_packet_length: 60
Rx_pkt_count: 88
ÿÿÿÿÿÿPF]LÖÐ[08][06][00][01][08][00][06][04][00][01]PF]LÖÐÀ¨[1D][1C][00][00][00][00][00][00]À¨[1D][01][00][00][00][00][00][00][00][00][00][00][00][00][00][00][00][00][00][00]DELFEEPFACNECEODIFFEKDEDACA[00][00] [00][01]À[0C][00] [00][01][00][04]

------------------- Rx Data ---------------Rx_next_packet: 2628
Rx_packet_length: 60
Rx_pkt_count: 87
ÿÿÿÿÿÿ,`[0C]È»¶[08][06][00][01][08][00][06][04][00][01],`[0C]È»¶À¨[1D][11][00][00][00][00][00][00]À¨[1D][01][00][00][00][00][00][00][00][00][00][00][00][00][00][00][00][00][00][00]DELFEEPFACNECEODIFFEKDEDACA[00][00] [00][01]À[0C][00] [00][01][00][04]

------------------- Rx Data ---------------Rx_next_packet: 2698
Rx_packet_length: 60
Rx_pkt_count: 87
ÿÿÿÿÿÿPF]LÖÐ[08][06][00][01][08][00][06][04][00][01]PF]LÖÐÀ¨[1D][1C][00][00][00][00][00][00]À¨[1D][01][00][00][00][00][00][00][00][00][00][00][00][00][00][00][00][00][00][00]DELFEEPFACNECEODIFFEKDEDACA[00][00] [00][01]À[0C][00] [00][01][00][04]

------------------- Rx Data ---------------Rx_next_packet: 2768
Rx_packet_length: 60
Rx_pkt_count: 86
ÿÿÿÿÿÿPF]LÖÐ[08][06][00][01][08][00][06][04][00][01]PF]LÖÐÀ¨[1D][1C][00][00][00][00][00][00]À¨[1D][01][00][00][00][00][00][00][00][00][00][00][00][00][00][00][00][00][00][00]DELFEEPFACNECEODIFFEKDEDACA[00][00] [00][01]À[0C][00] [00][01][00][04]

------------------- Rx Data ---------------Rx_next_packet: 2838
Rx_packet_length: 60
Rx_pkt_count: 87
ÿÿÿÿÿÿ,`[0C]È»¶[08][06][00][01][08][00][06][04][00][01],`[0C]È»¶À¨[1D][11][00][00][00][00][00][00]À¨[1D][01][00][00][00][00][00][00][00][00][00][00][00][00][00][00][00][00][00][00]DELFEEPFACNECEODIFFEKDEDACA[00][00] [00][01]À[0C][00] [00][01][00][04]

------------------- Rx Data ---------------Rx_next_packet: 2908
Rx_packet_length: 60
Rx_pkt_count: 87
ÿÿÿÿÿÿPF]LÖÐ[08][06][00][01][08][00][06][04][00][01]PF]LÖÐÀ¨[1D][1C][00][00][00][00][00][00]À¨[1D][01][00][00][00][00][00][00][00][00][00][00][00][00][00][00][00][00][00][00]DELFEEPFACNECEODIFFEKDEDACA[00][00] [00][01]À[0C][00] [00][01][00][04]

------------------- Rx Data ---------------Rx_next_packet: 2978
Rx_packet_length: 60
Rx_pkt_count: 86
ÿÿÿÿÿÿ,`[0C]È»¶[08][06][00][01][08][00][06][04][00][01],`[0C]È»¶À¨[1D][11][00][00][00][00][00][00]À¨[1D][01][00][00][00][00][00][00][00][00][00][00][00][00][00][00][00][00][00][00]DELFEEPFACNECEODIFFEKDEDACA[00][00] [00][01]À[0C][00] [00][01][00][04]

------------------- Rx Data ---------------Rx_next_packet: 3048
Rx_packet_length: 60
Rx_pkt_count: 86
ÿÿÿÿÿÿPF]LÖÐ[08][06][00][01][08][00][06][04][00][01]PF]LÖÐÀ¨[1D][1C][00][00][00][00][00][00]À¨[1D][01][00][00][00][00][00][00][00][00][00][00][00][00][00][00][00][00][00][00]DELFEEPFACNECEODIFFEKDEDACA[00][00] [00][01]À[0C][00] [00][01][00][04]

------------------- Rx Data ---------------Rx_next_packet: 3118
Rx_packet_length: 60
Rx_pkt_count: 86
ÿÿÿÿÿÿPF]LÖÐ[08][06][00][01][08][00][06][04][00][01]PF]LÖÐÀ¨[1D][1C][00][00][00][00][00][00]À¨[1D][01][00][00][00][00][00][00][00][00][00][00][00][00][00][00][00][00][00][00]DELFEEPFACNECEODIFFEKDEDACA[00][00] [00][01]À[0C][00] [00][01][00][04]

------------------- Rx Data ---------------Rx_next_packet: 3188
Rx_packet_length: 60
Rx_pkt_count: 85
ÿÿÿÿÿÿ,`[0C]È»¶[08][06][00][01][08][00][06][04][00][01],`[0C]È»¶À¨[1D][11][00][00][00][00][00][00]À¨[1D][01][00][00][00][00][00][00][00][00][00][00][00][00][00][00][00][00][00][00]DELFEEPFACNECEODIFFEKDEDACA[00][00] [00][01]À[0C][00] [00][01][00][04]

------------------- Rx Data ---------------Rx_next_packet: 3258
Rx_packet_length: 60
Rx_pkt_count: 86
ÿÿÿÿÿÿPF]LÖÐ[08][06][00][01][08][00][06][04][00][01]PF]LÖÐÀ¨[1D][1C][00][00][00][00][00][00]À¨[1D][01][00][00][00][00][00][00][00][00][00][00][00][00][00][00][00][00][00][00]DELFEEPFACNECEODIFFEKDEDACA[00][00] [00][01]À[0C][00] [00][01][00][04]

------------------- Rx Data ---------------Rx_next_packet: 3328
Rx_packet_length: 60
Rx_pkt_count: 86
ÿÿÿÿÿÿ,`[0C]È»¶[08][06][00][01][08][00][06][04][00][01],`[0C]È»¶À¨[1D][11][00][00][00][00][00][00]À¨[1D][01][00][00][00][00][00][00][00][00][00][00][00][00][00][00][00][00][00][00]DELFEEPFACNECEODIFFEKDEDACA[00][00] [00][01]À[0C][00] [00][01][00][04]

------------------- Rx Data ---------------Rx_next_packet: 3398
Rx_packet_length: 60
Rx_pkt_count: 87
ÿÿÿÿÿÿ,`[0C]È»¶[08][06][00][01][08][00][06][04][00][01],`[0C]È»¶À¨[1D][11][00][00][00][00][00][00]À¨[1D][01][00][00][00][00][00][00][00][00][00][00][00][00][00][00][00][00][00][00]DELFEEPFACNECEODIFFEKDEDACA[00][00] [00][01]À[0C][00] [00][01][00][04]

------------------- Rx Data ---------------Rx_next_packet: 3468
Rx_packet_length: 60
Rx_pkt_count: 88
ÿÿÿÿÿÿPF]LÖÐ[08][06][00][01][08][00][06][04][00][01]PF]LÖÐÀ¨[1D][1C][00][00][00][00][00][00]À¨[1D][01][00][00][00][00][00][00][00][00][00][00][00][00][00][00][00][00][00][00]DELFEEPFACNECEODIFFEKDEDACA[00][00] [00][01]À[0C][00] [00][01][00][04]

------------------- Rx Data ---------------Rx_next_packet: 3538
Rx_packet_length: 60
Rx_pkt_count: 88
ÿÿÿÿÿÿPF]LÖÐ[08][06][00][01][08][00][06][04][00][01]PF]LÖÐÀ¨[1D][1C][00][00][00][00][00][00]À¨[1D][01][00][00][00][00][00][00][00][00][00][00][00][00][00][00][00][00][00][00]DELFEEPFACNECEODIFFEKDEDACA[00][00] [00][01]À[0C][00] [00][01][00][04]

------------------- Rx Data ---------------Rx_next_packet: 3608
Rx_packet_length: 60
Rx_pkt_count: 89
ÿÿÿÿÿÿPF]LÖÐ[08][06][00][01][08][00][06][04][00][01]PF]LÖÐÀ¨[1D][1C][00][00][00][00][00][00]À¨[1D][12][00][00][00][00][00][00][00][00][00][00][00][00][00][00][00][00][00][00]DELFEEPFACNECEODIFFEKDEDACA[00][00] [00][01]À[0C][00] [00][01][00][04]

------------------- Rx Data ---------------Rx_next_packet: 3678
Rx_packet_length: 60
Rx_pkt_count: 88
ÿÿÿÿÿÿPF]LÖÐ[08][06][00][01][08][00][06][04][00][01]PF]LÖÐÀ¨[1D][1C][00][00][00][00][00][00]À¨[1D][01][00][00][00][00][00][00][00][00][00][00][00][00][00][00][00][00][00][00]DELFEEPFACNECEODIFFEKDEDACA[00][00] [00][01]À[0C][00] [00][01][00][04]

------------------- Rx Data ---------------Rx_next_packet: 3748
Rx_packet_length: 60
Rx_pkt_count: 88
ÿÿÿÿÿÿPF]LÖÐ[08][06][00][01][08][00][06][04][00][01]PF]LÖÐÀ¨[1D][1C][00][00][00][00][00][00]À¨[1D][01][00][00][00][00][00][00][00][00][00][00][00][00][00][00][00][00][00][00]DELFEEPFACNECEODIFFEKDEDACA[00][00] [00][01]À[0C][00] [00][01][00][04]

------------------- Rx Data ---------------Rx_next_packet: 3818
Rx_packet_length: 60
Rx_pkt_count: 88
ÿÿÿÿÿÿPF]LÖÐ[08][06][00][01][08][00][06][04][00][01]PF]LÖÐÀ¨[1D][1C][00][00][00][00][00][00]À¨[1D][12][00][00][00][00][00][00][00][00][00][00][00][00][00][00][00][00][00][00]DELFEEPFACNECEODIFFEKDEDACA[00][00] [00][01]À[0C][00] [00][01][00][04]

------------------- Rx Data ---------------Rx_next_packet: 3888
Rx_packet_length: 60
Rx_pkt_count: 88
ÿÿÿÿÿÿPF]LÖÐ[08][06][00][01][08][00][06][04][00][01]PF]LÖÐÀ¨[1D][1C][00][00][00][00][00][00]À¨[1D][01][00][00][00][00][00][00][00][00][00][00][00][00][00][00][00][00][00][00]DELFEEPFACNECEODIFFEKDEDACA[00][00] [00][01]À[0C][00] [00][01][00][04]

------------------- Rx Data ---------------Rx_next_packet: 3958
Rx_packet_length: 60
Rx_pkt_count: 89
ÿÿÿÿÿÿ,`[0C]È»¶[08][06][00][01][08][00][06][04][00][01],`[0C]È»¶À¨[1D][11][00][00][00][00][00][00]À¨[1D][01][00][00][00][00][00][00][00][00][00][00][00][00][00][00][00][00][00][00]DELFEEPFACNECEODIFFEKDEDACA[00][00] [00][01]À[0C][00] [00][01][00][04]

------------------- Rx Data ---------------Rx_next_packet: 4028
Rx_packet_length: 60
Rx_pkt_count: 88
ÿÿÿÿÿÿPF]LÖÐ[08][06][00][01][08][00][06][04][00][01]PF]LÖÐÀ¨[1D][1C][00][00][00][00][00][00]À¨[1D][12][00][00][00][00][00][00][00][00][00][00][00][00][00][00][00][00][00][00]DELFEEPFACNECEODIFFEKDEDACA[00][00] [00][01]À[0C][00] [00][01][00][04]

------------------- Rx Data ---------------Rx_next_packet: 4098
Rx_packet_length: 60
Rx_pkt_count: 89
ÿÿÿÿÿÿ,`[0C]È»¶[08][06][00][01][08][00][06][04][00][01],`[0C]È»¶À¨[1D][11][00][00][00][00][00][00]À¨[1D][01][00][00][00][00][00][00][00][00][00][00][00][00][00][00][00][00][00][00]DELFEEPFACNECEODIFFEKDEDACA[00][00] [00][01]À[0C][00] [00][01][00][04]

------------------- Rx Data ---------------Rx_next_packet: 4168
Rx_packet_length: 60
Rx_pkt_count: 88
ÿÿÿÿÿÿPF]LÖÐ[08][06][00][01][08][00][06][04][00][01]PF]LÖÐÀ¨[1D][1C][00][00][00][00][00][00]À¨[1D][01][00][00][00][00][00][00][00][00][00][00][00][00][00][00][00][00][00][00]DELFEEPFACNECEODIFFEKDEDACA[00][00] [00][01]À[0C][00] [00][01][00][04]

------------------- Rx Data ---------------Rx_next_packet: 4238
Rx_packet_length: 60
Rx_pkt_count: 88
ÿÿÿÿÿÿPF]LÖÐ[08][06][00][01][08][00][06][04][00][01]PF]LÖÐÀ¨[1D][1C][00][00][00][00][00][00]À¨[1D][12][00][00][00][00][00][00][00][00][00][00][00][00][00][00][00][00][00][00]DELFEEPFACNECEODIFFEKDEDACA[00][00] [00][01]À[0C][00] [00][01][00][04]

------------------- Rx Data ---------------Rx_next_packet: 4308
Rx_packet_length: 60
Rx_pkt_count: 88
ÿÿÿÿÿÿ,`[0C]È»¶[08][06][00][01][08][00][06][04][00][01],`[0C]È»¶À¨[1D][11][00][00][00][00][00][00]À¨[1D][01][00][00][00][00][00][00][00][00][00][00][00][00][00][00][00][00][00][00]DELFEEPFACNECEODIFFEKDEDACA[00][00] [00][01]À[0C][00] [00][01][00][04]

------------------- Rx Data ---------------Rx_next_packet: 4378
Rx_packet_length: 60
Rx_pkt_count: 88
ÿÿÿÿÿÿPF]LÖÐ[08][06][00][01][08][00][06][04][00][01]PF]LÖÐÀ¨[1D][1C][00][00][00][00][00][00]À¨[1D][01][00][00][00][00][00][00][00][00][00][00][00][00][00][00][00][00][00][00]DELFEEPFACNECEODIFFEKDEDACA[00][00] [00][01]À[0C][00] [00][01][00][04]

------------------- Rx Data ---------------Rx_next_packet: 4448
Rx_packet_length: 60
Rx_pkt_count: 89
ÿÿÿÿÿÿ,`[0C]È»¶[08][06][00][01][08][00][06][04][00][01],`[0C]È»¶À¨[1D][11][00][00][00][00][00][00]À¨[1D][01][00][00][00][00][00][00][00][00][00][00][00][00][00][00][00][00][00][00]DELFEEPFACNECEODIFFEKDEDACA[00][00] [00][01]À[0C][00] [00][01][00][04]

------------------- Rx Data ---------------Rx_next_packet: 4518
Rx_packet_length: 60
Rx_pkt_count: 88
ÿÿÿÿÿÿ,`[0C]È»¶[08][06][00][01][08][00][06][04][00][01],`[0C]È»¶À¨[1D][11][00][00][00][00][00][00]À¨[1D][01][00][00][00][00][00][00][00][00][00][00][00][00][00][00][00][00][00][00]DELFEEPFACNECEODIFFEKDEDACA[00][00] [00][01]À[0C][00] [00][01][00][04]

------------------- Rx Data ---------------Rx_next_packet: 4588
Rx_packet_length: 60
Rx_pkt_count: 88
ÿÿÿÿÿÿ,`[0C]È»¶[08][06][00][01][08][00][06][04][00][01],`[0C]È»¶À¨[1D][11][00][00][00][00][00][00]À¨[1D][01][00][00][00][00][00][00][00][00][00][00][00][00][00][00][00][00][00][00]DELFEEPFACNECEODIFFEKDEDACA[00][00] [00][01]À[0C][00] [00][01][00][04]

------------------- Rx Data ---------------Rx_next_packet: 4658
Rx_packet_length: 60
Rx_pkt_count: 87
ÿÿÿÿÿÿPF]LÖÐ[08][06][00][01][08][00][06][04][00][01]PF]LÖÐÀ¨[1D][1C][00][00][00][00][00][00]À¨[1D][01][00][00][00][00][00][00][00][00][00][00][00][00][00][00][00][00][00][00]DELFEEPFACNECEODIFFEKDEDACA[00][00] [00][01]À[0C][00] [00][01][00][04]

------------------- Rx Data ---------------Rx_next_packet: 4728
Rx_packet_length: 60
Rx_pkt_count: 87
ÿÿÿÿÿÿ,`[0C]È»¶[08][06][00][01][08][00][06][04][00][01],`[0C]È»¶À¨[1D][11][00][00][00][00][00][00]À¨[1D][01][00][00][00][00][00][00][00][00][00][00][00][00][00][00][00][00][00][00]DELFEEPFACNECEODIFFEKDEDACA[00][00] [00][01]À[0C][00] [00][01][00][04]

------------------- Rx Data ---------------Rx_next_packet: 4798
Rx_packet_length: 60
Rx_pkt_count: 88
ÿÿÿÿÿÿPF]LÖÐ[08][06][00][01][08][00][06][04][00][01]PF]LÖÐÀ¨[1D][1C][00][00][00][00][00][00]À¨[1D][01][00][00][00][00][00][00][00][00][00][00][00][00][00][00][00][00][00][00]DELFEEPFACNECEODIFFEKDEDACA[00][00] [00][01]À[0C][00] [00][01][00][04]

------------------- Rx Data ---------------Rx_next_packet: 4868
Rx_packet_length: 60
Rx_pkt_count: 87
ÿÿÿÿÿÿ,`[0C]È»¶[08][06][00][01][08][00][06][04][00][01],`[0C]È»¶À¨[1D][11][00][00][00][00][00][00]À¨[1D][01][00][00][00][00][00][00][00][00][00][00][00][00][00][00][00][00][00][00]DELFEEPFACNECEODIFFEKDEDACA[00][00] [00][01]À[0C][00] [00][01][00][04]

------------------- Rx Data ---------------Rx_next_packet: 4938
Rx_packet_length: 60
Rx_pkt_count: 88
ÿÿÿÿÿÿPF]LÖÐ[08][06][00][01][08][00][06][04][00][01]PF]LÖÐÀ¨[1D][1C][00][00][00][00][00][00]À¨[1D][01][00][00][00][00][00][00][00][00][00][00][00][00][00][00][00][00][00][00]DELFEEPFACNECEODIFFEKDEDACA[00][00] [00][01]À[0C][00] [00][01][00][04]

------------------- Rx Data ---------------Rx_next_packet: 5008
Rx_packet_length: 60
Rx_pkt_count: 87
ÿÿÿÿÿÿ,`[0C]È»¶[08][06][00][01][08][00][06][04][00][01],`[0C]È»¶À¨[1D][11][00][00][00][00][00][00]À¨[1D][01][00][00][00][00][00][00][00][00][00][00][00][00][00][00][00][00][00][00]DELFEEPFACNECEODIFFEKDEDACA[00][00] [00][01]À[0C][00] [00][01][00][04]

------------------- Rx Data ---------------Rx_next_packet: 5078
Rx_packet_length: 60
Rx_pkt_count: 88
ÿÿÿÿÿÿPF]LÖÐ[08][06][00][01][08][00][06][04][00][01]PF]LÖÐÀ¨[1D][1C][00][00][00][00][00][00]À¨[1D][01][00][00][00][00][00][00][00][00][00][00][00][00][00][00][00][00][00][00]DELFEEPFACNECEODIFFEKDEDACA[00][00] [00][01]À[0C][00] [00][01][00][04]

------------------- Rx Data ---------------Rx_next_packet: 5148
Rx_packet_length: 60
Rx_pkt_count: 88
ÿÿÿÿÿÿ,`[0C]È»¶[08][06][00][01][08][00][06][04][00][01],`[0C]È»¶À¨[1D][11][00][00][00][00][00][00]À¨[1D][01][00][00][00][00][00][00][00][00][00][00][00][00][00][00][00][00][00][00]DELFEEPFACNECEODIFFEKDEDACA[00][00] [00][01]À[0C][00] [00][01][00][04]

------------------- Rx Data ---------------Rx_next_packet: 5218
Rx_packet_length: 60
Rx_pkt_count: 88
ÿÿÿÿÿÿ,`[0C]È»¶[08][06][00][01][08][00][06][04][00][01],`[0C]È»¶À¨[1D][11][00][00][00][00][00][00]À¨[1D][01][00][00][00][00][00][00][00][00][00][00][00][00][00][00][00][00][00][00]DELFEEPFACNECEODIFFEKDEDACA[00][00] [00][01]À[0C][00] [00][01][00][04]

------------------- Rx Data ---------------Rx_next_packet: 5288
Rx_packet_length: 60
Rx_pkt_count: 89
ÿÿÿÿÿÿPF]LÖÐ[08][06][00][01][08][00][06][04][00][01]PF]LÖÐÀ¨[1D][1C][00][00][00][00][00][00]À¨[1D][01][00][00][00][00][00][00][00][00][00][00][00][00][00][00][00][00][00][00]DELFEEPFACNECEODIFFEKDEDACA[00][00] [00][01]À[0C][00] [00][01][00][04]

------------------- Rx Data ---------------Rx_next_packet: 5358
Rx_packet_length: 60
Rx_pkt_count: 88
ÿÿÿÿÿÿ,`[0C]È»¶[08][06][00][01][08][00][06][04][00][01],`[0C]È»¶À¨[1D][11][00][00][00][00][00][00]À¨[1D][01][00][00][00][00][00][00][00][00][00][00][00][00][00][00][00][00][00][00]DELFEEPFACNECEODIFFEKDEDACA[00][00] [00][01]À[0C][00] [00][01][00][04]

------------------- Rx Data ---------------Rx_next_packet: 5428
Rx_packet_length: 60
Rx_pkt_count: 88
ÿÿÿÿÿÿPF]LÖÐ[08][06][00][01][08][00][06][04][00][01]PF]LÖÐÀ¨[1D][1C][00][00][00][00][00][00]À¨[1D][01][00][00][00][00][00][00][00][00][00][00][00][00][00][00][00][00][00][00]DELFEEPFACNECEODIFFEKDEDACA[00][00] [00][01]À[0C][00] [00][01][00][04]

------------------- Rx Data ---------------Rx_next_packet: 5498
Rx_packet_length: 60
Rx_pkt_count: 87
ÿÿÿÿÿÿ,`[0C]È»¶[08][06][00][01][08][00][06][04][00][01],`[0C]È»¶À¨[1D][11][00][00][00][00][00][00]À¨[1D][01][00][00][00][00][00][00][00][00][00][00][00][00][00][00][00][00][00][00]DELFEEPFACNECEODIFFEKDEDACA[00][00] [00][01]À[0C][00] [00][01][00][04]

------------------- Rx Data ---------------Rx_next_packet: 5568
Rx_packet_length: 60
Rx_pkt_count: 87
ÿÿÿÿÿÿPF]LÖÐ[08][06][00][01][08][00][06][04][00][01]PF]LÖÐÀ¨[1D][1C][00][00][00][00][00][00]À¨[1D][01][00][00][00][00][00][00][00][00][00][00][00][00][00][00][00][00][00][00]DELFEEPFACNECEODIFFEKDEDACA[00][00] [00][01]À[0C][00] [00][01][00][04]

------------------- Rx Data ---------------Rx_next_packet: 5638
Rx_packet_length: 60
Rx_pkt_count: 87
ÿÿÿÿÿÿ,`[0C]È»¶[08][06][00][01][08][00][06][04][00][01],`[0C]È»¶À¨[1D][11][00][00][00][00][00][00]À¨[1D][01][00][00][00][00][00][00][00][00][00][00][00][00][00][00][00][00][00][00]DELFEEPFACNECEODIFFEKDEDACA[00][00] [00][01]À[0C][00] [00][01][00][04]

------------------- Rx Data ---------------Rx_next_packet: 5708
Rx_packet_length: 60
Rx_pkt_count: 86
ÿÿÿÿÿÿPF]LÖÐ[08][06][00][01][08][00][06][04][00][01]PF]LÖÐÀ¨[1D][1C][00][00][00][00][00][00]À¨[1D][01][00][00][00][00][00][00][00][00][00][00][00][00][00][00][00][00][00][00]DELFEEPFACNEEPFACNECEODIFFEKDEDACA[00][00] [00][01]À[0C][00] [00][01][00][04]

------------------- Rx Data ---------------Rx_next_packet: 944
Rx_packet_length: 60
Rx_pkt_count: 86
ÿÿÿÿÿÿ,`[0C]È»¶[08][06][00][01][08][00][06][04][00][01],`[0C]È»¶À¨[1D][11][00][00][00][00][00][00]À¨[1D][01][00][00][00][00][00][00][00][00][00][00][00][00][00][00][00][00][00][00]DELFEEPFACNECEODIFFEKDEDACA[00][00] [00][01]À[0C][00] [00][01][00][04]

------------------- Rx Data ---------------Rx_next_packet: 1014
Rx_packet_length: 60
Rx_pkt_count: 85
ÿÿÿÿÿÿPF]LÖÐ[08][06][00][01][08][00][06][04][00][01]PF]LÖÐÀ¨[1D][1C][00][00][00][00][00][00]À¨[1D][01][00][00][00][00][00][00][00][00][00][00][00][00][00][00][00][00][00][00]DELFEEPFACNECEODIFFEKDEDACA[00][00] [00][01]À[0C][00] [00][01][00][04]

------------------- Rx Data ---------------Rx_next_packet: 1084
Rx_packet_length: 60
Rx_pkt_count: 85
ÿÿÿÿÿÿPF]LÖÐ[08][06][00][01][08][00][06][04][00][01]PF]LÖÐÀ¨[1D][1C][00][00][00][00][00][00]À¨[1D][01][00][00][00][00][00][00][00][00][00][00][00][00][00][00][00][00][00][00]DELFEEPFACNECEODIFFEKDEDACA[00][00] [00][01]À[0C][00] [00][01][00][04]

------------------- Rx Data ---------------Rx_next_packet: 1154
Rx_packet_length: 60
Rx_pkt_count: 85
ÿÿÿÿÿÿPF]LÖÐ[08][06][00][01][08][00][06][04][00][01]PF]LÖÐÀ¨[1D][1C][00][00][00][00][00][00]À¨[1D][01][00][00][00][00][00][00][00][00][00][00][00][00][00][00][00][00][00][00]DELFEEPFACNECEODIFFEKDEDACA[00][00] [00][01]À[0C][00] [00][01][00][04]

------------------- Rx Data ---------------Rx_next_packet: 1224
Rx_packet_length: 60
Rx_pkt_count: 86
ÿÿÿÿÿÿ,`[0C]È»¶[08][06][00][01][08][00][06][04][00][01],`[0C]È»¶À¨[1D][11][00][00][00][00][00][00]À¨[1D][01][00][00][00][00][00][00][00][00][00][00][00][00][00][00][00][00][00][00]DELFEEPFACNECEODIFFEKDEDACA[00][00] [00][01]À[0C][00] [00][01][00][04]

------------------- Rx Data ---------------Rx_next_packet: 1294
Rx_packet_length: 60
Rx_pkt_count: 86
ÿÿÿÿÿÿPF]LÖÐ[08][06][00][01][08][00][06][04][00][01]PF]LÖÐÀ¨[1D][1C][00][00][00][00][00][00]À¨[1D][01][00][00][00][00][00][00][00][00][00][00][00][00][00][00][00][00][00][00]DELFEEPFACNECEODIFFEKDEDACA[00][00] [00][01]À[0C][00] [00][01][00][04]

------------------- Rx Data ---------------Rx_next_packet: 1364
Rx_packet_length: 60
Rx_pkt_count: 86
ÿÿÿÿÿÿ,`[0C]È»¶[08][06][00][01][08][00][06][04][00][01],`[0C]È»¶À¨[1D][11][00][00][00][00][00][00]À¨[1D][01][00][00][00][00][00][00][00][00][00][00][00][00][00][00][00][00][00][00]DELFEEPFACNECEODIFFEKDEDACA[00][00] [00][01]À[0C][00] [00][01][00][04]

------------------- Rx Data ---------------Rx_next_packet: 1434
Rx_packet_length: 60
Rx_pkt_count: 86
ÿÿÿÿÿÿPF]LÖÐ[08][06][00][01][08][00][06][04][00][01]PF]LÖÐÀ¨[1D][1C][00][00][00][00][00][00]À¨[1D][01][00][00][00][00][00][00][00][00][00][00][00][00][00][00][00][00][00][00]DELFEEPFACNECEODIFFEKDEDACA[00][00] [00][01]À[0C][00] [00][01][00][04]

------------------- Rx Data ---------------Rx_next_packet: 1504
Rx_packet_length: 60
Rx_pkt_count: 85
ÿÿÿÿÿÿ,`[0C]È»¶[08][06][00][01][08][00][06][04][00][01],`[0C]È»¶À¨[1D][11][00][00][00][00][00][00]À¨[1D][01][00][00][00][00][00][00][00][00][00][00][00][00][00][00][00][00][00][00]DELFEEPFACNECEODIFFEKDEDACA[00][00] [00][01]À[0C][00] [00][01][00][04]

------------------- Rx Data ---------------Rx_next_packet: 1574
Rx_packet_length: 60
Rx_pkt_count: 86
ÿÿÿÿÿÿPF]LÖÐ[08][06][00][01][08][00][06][04][00][01]PF]LÖÐÀ¨[1D][1C][00][00][00][00][00][00]À¨[1D][01][00][00][00][00][00][00][00][00][00][00][00][00][00][00][00][00][00][00]DELFEEPFACNECEODIFFEKDEDACA[00][00] [00][01]À[0C][00] [00][01][00][04]

------------------- Rx Data ---------------Rx_next_packet: 1644
Rx_packet_length: 60
Rx_pkt_count: 86
ÿÿÿÿÿÿPF]LÖÐ[08][06][00][01][08][00][06][04][00][01]PF]LÖÐÀ¨[1D][1C][00][00][00][00][00][00]À¨[1D][01][00][00][00][00][00][00][00][00][00][00][00][00][00][00][00][00][00][00]DELFEEPFACNECEODIFFEKDEDACA[00][00] [00][01]À[0C][00] [00][01][00][04]

------------------- Rx Data ---------------Rx_next_packet: 1714
Rx_packet_length: 60
Rx_pkt_count: 86
ÿÿÿÿÿÿ,`[0C]È»¶[08][06][00][01][08][00][06][04][00][01],`[0C]È»¶À¨[1D][11][00][00][00][00][00][00]À¨[1D][01][00][00][00][00][00][00][00][00][00][00][00][00][00][00][00][00][00][00]DELFEEPFACNECEODIFFEKDEDACA[00][00] [00][01]À[0C][00] [00][01][00][04]

------------------- Rx Data ---------------Rx_next_packet: 1784
Rx_packet_length: 60
Rx_pkt_count: 86
ÿÿÿÿÿÿ,`[0C]È»¶[08][06][00][01][08][00][06][04][00][01],`[0C]È»¶À¨[1D][11][00][00][00][00][00][00]À¨[1D][01][00][00][00][00][00][00][00][00][00][00][00][00][00][00][00][00][00][00]DELFEEPFACNECEODIFFEKDEDACA[00][00] [00][01]À[0C][00] [00][01][00][04]

------------------- Rx Data ---------------Rx_next_packet: 1854
Rx_packet_length: 60
Rx_pkt_count: 85
ÿÿÿÿÿÿPF]LÖÐ[08][06][00][01][08][00][06][04][00][01]PF]LÖÐÀ¨[1D][1C][00][00][00][00][00][00]À¨[1D][01][00][00][00][00][00][00][00][00][00][00][00][00][00][00][00][00][00][00]DELFEEPFACNECEODIFFEKDEDACA[00][00] [00][01]À[0C][00] [00][01][00][04]

------------------- Rx Data ---------------Rx_next_packet: 1924
Rx_packet_length: 60
Rx_pkt_count: 85
ÿÿÿÿÿÿ,`[0C]È»¶[08][06][00][01][08][00][06][04][00][01],`[0C]È»¶À¨[1D][11][00][00][00][00][00][00]À¨[1D][01][00][00][00][00][00][00][00][00][00][00][00][00][00][00][00][00][00][00]DELFEEPFACNECEODIFFEKDEDACA[00][00] [00][01]À[0C][00] [00][01][00][04]

------------------- Rx Data ---------------Rx_next_packet: 1994
Rx_packet_length: 60
Rx_pkt_count: 84
ÿÿÿÿÿÿPF]LÖÐ[08][06][00][01][08][00][06][04][00][01]PF]LÖÐÀ¨[1D][1C][00][00][00][00][00][00]À¨[1D][01][00][00][00][00][00][00][00][00][00][00][00][00][00][00][00][00][00][00]DELFEEPFACNECEODIFFEKDEDACA[00][00] [00][01]À[0C][00] [00][01][00][04]

------------------- Rx Data ---------------Rx_next_packet: 2064
Rx_packet_length: 60
Rx_pkt_count: 84
ÿÿÿÿÿÿPF]LÖÐ[08][06][00][01][08][00][06][04][00][01]PF]LÖÐÀ¨[1D][1C][00][00][00][00][00][00]À¨[1D][01][00][00][00][00][00][00][00][00][00][00][00][00][00][00][00][00][00][00]DELFEEPFACNECEODIFFEKDEDACA[00][00] [00][01]À[0C][00] [00][01][00][04]

------------------- Rx Data ---------------Rx_next_packet: 2134
Rx_packet_length: 60
Rx_pkt_count: 84
ÿÿÿÿÿÿ,`[0C]È»¶[08][06][00][01][08][00][06][04][00][01],`[0C]È»¶À¨[1D][11][00][00][00][00][00][00]À¨[1D][01][00][00][00][00][00][00][00][00][00][00][00][00][00][00][00][00][00][00]DELFEEPFACNECEODIFFEKDEDACA[00][00] [00][01]À[0C][00] [00][01][00][04]

------------------- Rx Data ---------------Rx_next_packet: 2204
Rx_packet_length: 60
Rx_pkt_count: 83
ÿÿÿÿÿÿPF]LÖÐ[08][06][00][01][08][00][06][04][00][01]PF]LÖÐÀ¨[1D][1C][00][00][00][00][00][00]À¨[1D][01][00][00][00][00][00][00][00][00][00][00][00][00][00][00][00][00][00][00]DELFEEPFACNECEODIFFEKDEDACA[00][00] [00][01]À[0C][00] [00][01][00][04]

------------------- Rx Data ---------------Rx_next_packet: 2274
Rx_packet_length: 60
Rx_pkt_count: 83
ÿÿÿÿÿÿ,`[0C]È»¶[08][06][00][01][08][00][06][04][00][01],`[0C]È»¶À¨[1D][11][00][00][00][00][00][00]À¨[1D][01][00][00][00][00][00][00][00][00][00][00][00][00][00][00][00][00][00][00]DELFEEPFACNECEODIFFEKDEDACA[00][00] [00][01]À[0C][00] [00][01][00][04]

------------------- Rx Data ---------------Rx_next_packet: 2344
Rx_packet_length: 60
Rx_pkt_count: 82
ÿÿÿÿÿÿ,`[0C]È»¶[08][06][00][01][08][00][06][04][00][01],`[0C]È»¶À¨[1D][11][00][00][00][00][00][00]À¨[1D][01][00][00][00][00][00][00][00][00][00][00][00][00][00][00][00][00][00][00]DELFEEPFACNECEODIFFEKDEDACA[00][00] [00][01]À[0C][00] [00][01][00][04]

------------------- Rx Data ---------------Rx_next_packet: 2414
Rx_packet_length: 60
Rx_pkt_count: 82
ÿÿÿÿÿÿPF]LÖÐ[08][06][00][01][08][00][06][04][00][01]PF]LÖÐÀ¨[1D][1C][00][00][00][00][00][00]À¨[1D][01][00][00][00][00][00][00][00][00][00][00][00][00][00][00][00][00][00][00]DELFEEPFACNECEODIFFEKDEDACA[00][00] [00][01]À[0C][00] [00][01][00][04]

------------------- Rx Data ---------------Rx_next_packet: 2484
Rx_packet_length: 60
Rx_pkt_count: 81
ÿÿÿÿÿÿPF]LÖÐ[08][06][00][01][08][00][06][04][00][01]PF]LÖÐÀ¨[1D][1C][00][00][00][00][00][00]À¨[1D][01][00][00][00][00][00][00][00][00][00][00][00][00][00][00][00][00][00][00]DELFEEPFACNECEODIFFEKDEDACA[00][00] [00][01]À[0C][00] [00][01][00][04]

------------------- Rx Data ---------------Rx_next_packet: 2554
Rx_packet_length: 60
Rx_pkt_count: 82
ÿÿÿÿÿÿ,`[0C]È»¶[08][06][00][01][08][00][06][04][00][01],`[0C]È»¶À¨[1D][11][00][00][00][00][00][00]À¨[1D][01][00][00][00][00][00][00][00][00][00][00][00][00][00][00][00][00][00][00]DELFEEPFACNECEODIFFEKDEDACA[00][00] [00][01]À[0C][00] [00][01][00][04]

------------------- Rx Data ---------------Rx_next_packet: 2624
Rx_packet_length: 60
Rx_pkt_count: 83
ÿÿÿÿÿÿPF]LÖÐ[08][06][00][01][08][00][06][04][00][01]PF]LÖÐÀ¨[1D][1C][00][00][00][00][00][00]À¨[1D][01][00][00][00][00][00][00][00][00][00][00][00][00][00][00][00][00][00][00]DELFEEPFACNECEODIFFEKDEDACA[00][00] [00][01]À[0C][00] [00][01][00][04]

------------------- Rx Data ---------------Rx_next_packet: 2694
Rx_packet_length: 60
Rx_pkt_count: 82
ÿÿÿÿÿÿ,`[0C]È»[06][00][01[00][06][04][00][01],`[0C]È»¶À¨[1D][11][00][00][00][00][00][00]À¨[1D]3[00][00][00][00][00][00][00][00][00][00][00][00][00][00][00][00][00][00]DELFEEPFACNECEODIFFEKDEDACA[00][00] [00][01]À[0C][00] [00][01][00][04]

------------------- Tx Data ---------------,`[0C]È»¶b_pray[08][06][00][01][08][00][06][04][00][02]b_prayÀ¨[1D]3,`[0C]È»¶À¨[1D][11]

tx_end: 6697
------------------- Rx Data ---------------Rx_next_packet: 2764
Rx_packet_length: 60
Rx_pkt_count: 16
ÿÿÿÿÿÿ,`[0C]È»¶[08][06][00][01][08][00][06][04][00][01],`[0C]È»¶À¨[1D][11][00][00][00][00][00][00]À¨[1D][01][00][00][00][00][00][00][00][00][00][00][00][00][00][00][00][00][00][00]DELFEEPFACNECEODIFFEKDEDACA[00][00] [00][01]À[0C][00] [00][01][00][04]

------------------- Rx Data ---------------Rx_next_packet: 2834
Rx_packet_length: 60
Rx_pkt_count: 95
ÿÿÿÿÿÿ,`[0C]È»¶[08][06][00][01][08][00][06][04][00][01],`[0C]È»¶À¨[1D][11][00][00][00][00][00][00]À¨[1D]3[00][00][00][00][00][00][00][00][00][00][00][00][00][00][00][00][00][00]DELFEEPFACNECEODIFFEKDEDACA[00][00] [00][01]À[0C][00] [00][01][00][04]

------------------- Tx Data ---------------,`[0C]È»¶b_pray[08][06][00][01][08][00][06][04][00][02]b_prayÀ¨[1D]3,`[0C]È»¶À¨[1D][11]

tx_end: 6697
------------------- Rx Data ---------------Rx_next_packet: 2904
Rx_packet_length: 60
Rx_pkt_count: 16
ÿÿÿÿÿÿPF]LÖÐ[08][06][00][01][08][00][06][04][00][01]PF]LÖÐÀ¨[1D][1C][00][00][00][00][00][00]À¨[1D][01][00][00][00][00][00][00][00][00][00][00][00][00][00][00][00][00][00][00]DELFEEPFACNECEODIFFEKDEDACA[00][00] [00][01]À[0C][00] [00][01][00][04]

------------------- Rx Data ---------------Rx_next_packet: 2974
Rx_packet_length: 60
Rx_pkt_count: 95
ÿÿÿÿÿÿ,`[0C]È»¶[08][06][00][01][08][00][06][04][00][01],`[0C]È»¶À¨[1D][11][00][00][00][00][00][00]À¨[1D][01][00][00][00][00][00][00][00][00][00][00][00][00][00][00][00][00][00][00]DELFEEPFACNECEODIFFEKDEDACA[00][00] [00][01]À[0C][00] [00][01][00][04]

------------------- Rx Data ---------------Rx_next_packet: 3044
Rx_packet_length: 60
Rx_pkt_count: 94
ÿÿÿÿÿÿ,`[0C]È»¶[08][06][00][01][08][00][06][04][00][01],`[0C]È»¶À¨[1D][11][00][00][00][00][00][00]À¨[1D]3[00][00][00][00][00][00][00][00][00][00][00][00][00][00][00][00][00][00]DELFEEPFACNECEODIFFEKDEDACA[00][00] [00][01]À[0C][00] [00][01][00][04]

------------------- Tx Data ---------------,`[0C]È»¶b_pray[08][06][00][01][08][00][06][04][00][02]b_prayÀ¨[1D]3,`[0C]È»¶À¨[1D][11]

tx_end: 6697
------------------- Rx Data ---------------Rx_next_packet: 3114
Rx_packet_length: 60
Rx_pkt_count: 16
ÿÿÿÿÿÿPF]LÖÐ[08][06][00][01][08][00][06][04][00][01]PF]LÖÐÀ¨[1D][1C][00][00][00][00][00][00]À¨[1D][01][00][00][00][00][00][00][00][00][00][00][00][00][00][00][00][00][00][00]DELFEEPFACNECEODIFFEKDEDACA[00][00] [00][01]À[0C][00] [00][01][00][04]

------------------- Rx Data ---------------Rx_next_packet: 3184
Rx_packet_length: 60
Rx_pkt_count: 93
ÿÿÿÿÿÿPF]LÖÐ[08][06][00][01][08][00][06][04][00][01]PF]LÖÐÀ¨[1D][1C][00][00][00][00][00][00]À¨[1D][01][00][00][00][00][00][00][00][00][00][00][00][00][00][00][00][00][00][00]DELFEEPFACNECEODIFFEKDEDACA[00][00] [00][01]À[0C][00] [00][01][00][04]

------------------- Rx Data ---------------Rx_next_packet: 3254
Rx_packet_length: 60
Rx_pkt_count: 93
ÿÿÿÿÿÿ,`[0C]È»¶[08][06][00][01][08][00][06][04][00][01],`[0C]È»¶À¨[1D][11][00][00][00][00][00][00]À¨[1D][01][00][00][00][00][00][00][00][00][00][00][00][00][00][00][00][00][00][00]DELFEEPFACNECEODIFFEKDEDACA[00][00] [00][01]À[0C][00] [00][01][00][04]

------------------- Rx Data ---------------Rx_next_packet: 3324
Rx_packet_length: 60
Rx_pkt_count: 94
ÿÿÿÿÿÿPF]LÖÐ[08][06][00][01][08][00][06][04][00][01]PF]LÖÐÀ¨[1D][1C][00][00][00][00][00][00]À¨[1D][01][00][00][00][00][00][00][00][00][00][00][00][00][00][00][00][00][00][00]DELFEEPFACNECEODIFFEKDEDACA[00][00] [00][01]À[0C][00] [00][01][00][04]

------------------- Rx Data ---------------Rx_next_packet: 3394
Rx_packet_length: 60
Rx_pkt_count: 94
ÿÿÿÿÿÿ,`[0C]È»¶[08][06][00][01][08][00][06][04][00][01],`[0C]È»¶À¨[1D][11][00][00][00][00][00][00]À¨[1D][01][00][00][00][00][00][00][00][00][00][00][00][00][00][00][00][00][00][00]DELFEEPFACNECEODIFFEKDEDACA[00][00] [00][01]À[0C][00] [00][01][00][04]

------------------- Rx Data ---------------Rx_next_packet: 3464
Rx_packet_length: 60
Rx_pkt_count: 94
ÿÿÿÿÿÿPF]LÖÐ[08][06][00][01][08][00][06][04][00][01]PF]LÖÐÀ¨[1D][1C][00][00][00][00][00][00]À¨[1D][01][00][00][00][00][00][00][00][00][00][00][00][00][00][00][00][00][00][00]DELFEEPFACNECEODIFFEKDEDACA[00][00] [00][01]À[0C][00] [00][01][00][04]

------------------- Rx Data ---------------Rx_next_packet: 3534
Rx_packet_length: 60
Rx_pkt_count: 93
ÿÿÿÿÿÿ,`[0C]È»¶[08][06][00][01][08][00][06][04][00][01],`[0C]È»¶À¨[1D][11][00][00][00][00][00][00]À¨[1D][01][00][00][00][00][00][00][00][00][00][00][00][00][00][00][00][00][00][00]DELFEEPFACNECEODIFFEKDEDACA[00][00] [00][01]À[0C][00] [00][01][00][04]

------------------- Rx Data ---------------Rx_next_packet: 3604
Rx_packet_length: 60
Rx_pkt_count: 92
ÿÿÿÿÿÿPF]LÖÐ[08][06][00][01][08][00][06][04][00][01]PF]LÖÐÀ¨[1D][1C][00][00][00][00][00][00]À¨[1D][01][00][00][00][00][00][00][00][00][00][00][00][00][00][00][00][00][00][00]DELFEEPFACNECEODIFFEKDEDACA[00][00] [00][01]À[0C][00] [00][01][00][04]

------------------- Rx Data ---------------Rx_next_packet: 3674
Rx_packet_length: 60
Rx_pkt_count: 92
ÿÿÿÿÿÿ,`[0C]È»¶[08][06][00][01][08][00][06][04][00][01],`[0C]È»¶À¨[1D][11][00][00][00][00][00][00]À¨[1D][01][00][00][00][00][00][00][00][00][00][00][00][00][00][00][00][00][00][00]DELFEEPFACNECEODIFFEKDEDACA[00][00] [00][01]À[0C][00] [00][01][00][04]

------------------- Rx Data ---------------Rx_next_packet: 3744
Rx_packet_length: 60
Rx_pkt_count: 93
ÿÿÿÿÿÿ,`[0C]È»¶[08][06][00][01][08][00][06][04][00][01],`[0C]È»¶À¨[1D][11][00][00][00][00][00][00]À¨[1D][01][00][00][00][00][00][00][00][00][00][00][00][00][00][00][00][00][00][00]DELFEEPFACNECEODIFFEKDEDACA[00][00] [00][01]À[0C][00] [00][01][00][04]

------------------- Rx Data ---------------Rx_next_packet: 3814
Rx_packet_length: 60
Rx_pkt_count: 94
ÿÿÿÿÿÿPF]LÖÐ[08][06][00][01][08][00][06][04][00][01]PF]LÖÐÀ¨[1D][1C][00][00][00][00][00][00]À¨[1D][01][00][00][00][00][00][00][00][00][00][00][00][00][00][00][00][00][00][00]DELFEEPFACNECEODIFFEKDEDACA[00][00] [00][01]À[0C][00] [00][01][00][04]

------------------- Rx Data ---------------Rx_next_packet: 3884
Rx_packet_length: 60
Rx_pkt_count: 93
ÿÿÿÿÿÿ,`[0C]È»¶[08][06][00][01][08][00][06][04][00][01],`[0C]È»¶À¨[1D][11][00][00][00][00][00][00]À¨[1D][01][00][00][00][00][00][00][00][00][00][00][00][00][00][00][00][00][00][00]DELFEEPFACNECEODIFFEKDEDACA[00][00] [00][01]À[0C][00] [00][01][00][04]

------------------- Rx Data ---------------Rx_next_packet: 3954
Rx_packet_length: 60
Rx_pkt_count: 93
ÿÿÿÿÿÿPF]LÖÐ[08][06][00][01][08][00][06][04][00][01]PF]LÖÐÀ¨[1D][1C][00][00][00][00][00][00]À¨[1D][01][00][00][00][00][00][00][00][00][00][00][00][00][00][00][00][00][00][00]DELFEEPFACNECEODIFFEKDEDACA[00][00] [00][01]À[0C][00] [00][01][00][04]

------------------- Rx Data ---------------Rx_next_packet: 4024
Rx_packet_length: 60
Rx_pkt_count: 93
ÿÿÿÿÿÿPF]LÖÐ[08][06][00][01][08][00][06][04][00][01]PF]LÖÐÀ¨[1D][1C][00][00][00][00][00][00]À¨[1D][01][00][00][00][00][00][00][00][00][00][00][00][00][00][00][00][00][00][00]DELFEEPFACNECEODIFFEKDEDACA[00][00] [00][01]À[0C][00] [00][01][00][04]

------------------- Rx Data ---------------Rx_next_packet: 4094
Rx_packet_length: 60
Rx_pkt_count: 93
ÿÿÿÿÿÿ,`[0C]È»¶[08][06][00][01][08][00][06][04][00][01],`[0C]È»¶À¨[1D][11][00][00][00][00][00][00]À¨[1D][01][00][00][00][00][00][00][00][00][00][00][00][00][00][00][00][00][00][00]DELFEEPFACNECEODIFFEKDEDACA[00][00] [00][01]À[0C][00] [00][01][00][04]

------------------- Rx Data ---------------Rx_next_packet: 4164
Rx_packet_length: 60
Rx_pkt_count: 92
ÿÿÿÿÿÿ,`[0C]È»¶[08][06][00][01][08][00][06][04][00][01],`[0C]È»¶À¨[1D][11][00][00][00][00][00][00]À¨[1D][01][00][00][00][00][00][00][00][00][00][00][00][00][00][00][00][00][00][00]DELFEEPFACNECEODIFFEKDEDACA[00][00] [00][01]À[0C][00] [00][01][00][04]

------------------- Rx Data ---------------Rx_next_packet: 4234
Rx_packet_length: 60
Rx_pkt_count: 92
ÿÿÿÿÿÿPF]LÖÐ[08][06][00][01][08][00][06][04][00][01]PF]LÖÐÀ¨[1D][1C][00][00][00][00][00][00]À¨[1D][01][00][00][00][00][00][00][00][00][00][00][00][00][00][00][00][00][00][00]DELFEEPFACNECEODIFFEKDEDACA[00][00] [00][01]À[0C][00] [00][01][00][04]

------------------- Rx Data ---------------Rx_next_packet: 4304
Rx_packet_length: 60
Rx_pkt_count: 91
ÿÿÿÿÿÿ,`[0C]È»¶[08][06][00][01][08][00][06][04][00][01],`[0C]È»¶À¨[1D][11][00][00][00][00][00][00]À¨[1D][01][00][00][00][00][00][00][00][00][00][00][00][00][00][00][00][00][00][00]DELFEEPFACNECEODIFFEKDEDACA[00][00] [00][01]À[0C][00] [00][01][00][04]

------------------- Rx Data ---------------Rx_next_packet: 4374
Rx_packet_length: 60
Rx_pkt_count: 91
ÿÿÿÿÿÿPF]LÖÐ[08][06][00][01][08][00][06][04][00][01]PF]LÖÐÀ¨[1D][1C][00][00][00][00][00][00]À¨[1D][01][00][00][00][00][00][00][00][00][00][00][00][00][00][00][00][00][00][00]DELFEEPFACNECEODIFFEKDEDACA[00][00] [00][01]À[0C][00] [00][01][00][04]

------------------- Rx Data ---------------Rx_next_packet: 4444
Rx_packet_length: 60
Rx_pkt_count: 92
ÿÿÿÿÿÿ,`[0C]È»¶[08][06][00][01][08][00][06][04][00][01],`[0C]È»¶À¨[1D][11][00][00][00][00][00][00]À¨[1D][01][00][00][00][00][00][00][00][00][00][00][00][00][00][00][00][00][00][00]DELFEEPFACNECEODIFFEKDEDACA[00][00] [00][01]À[0C][00] [00][01][00][04]

------------------- Rx Data ---------------Rx_next_packet: 4514
Rx_packet_length: 60
Rx_pkt_count: 92
ÿÿÿÿÿÿPF]LÖÐ[08][06][00][01][08][00][06][04][00][01]PF]LÖÐÀ¨[1D][1C][00][00][00][00][00][00]À¨[1D][01][00][00][00][00][00][00][00][00][00][00][00][00][00][00][00][00][00][00]DELFEEPFACNECEODIFFEKDEDACA[00][00] [00][01]À[0C][00] [00][01][00][04]

------------------- Rx Data ---------------Rx_next_packet: 4584
Rx_packet_length: 60
Rx_pkt_count: 92
ÿÿÿÿÿÿ,`[0C]È»¶[08][06][00][01][08][00][06][04][00][01],`[0C]È»¶À¨[1D][11][00][00][00][00][00][00]À¨[1D][01][00][00][00][00][00][00][00][00][00][00][00][00][00][00][00][00][00][00]DELFEEPFACNECEODIFFEKDEDACA[00][00] [00][01]À[0C][00] [00][01][00][04]

------------------- Rx Data ---------------Rx_next_packet: 4654
Rx_packet_length: 60
Rx_pkt_count: 92
ÿÿÿÿÿÿPF]LÖÐ[08][06][00][01][08][00][06][04][00][01]PF]LÖÐÀ¨[1D][1C][00][00][00][00][00][00]À¨[1D][01][00][00][00][00][00][00][00][00][00][00][00][00][00][00][00][00][00][00]DELFEEPFACNECEODIFFEKDEDACA[00][00] [00][01]À[0C][00] [00][01][00][04]

------------------- Rx Data ---------------Rx_next_packet: 4724
Rx_packet_length: 60
Rx_pkt_count: 92
ÿÿÿÿÿÿ,`[0C]È»¶[08][06][00][01][08][00][06][04][00][01],`[0C]È»¶À¨[1D][11][00][00][00][00][00][00]À¨[1D][01][00][00][00][00][00][00][00][00][00][00][00][00][00][00][00][00][00][00]DELFEEPFACNECEODIFFEKDEDACA[00][00] [00][01]À[0C][00] [00][01][00][04]

------------------- Rx Data ---------------Rx_next_packet: 4794
Rx_packet_length: 60
Rx_pkt_count: 92
ÿÿÿÿÿÿPF]LÖÐ[08][06][00][01][08][00][06][04][00][01]PF]LÖÐÀ¨[1D][1C][00][00][00][00][00][00]À¨[1D][01][00][00][00][00][00][00][00][00][00][00][00][00][00][00][00][00][00][00]DELFEEPFACNECEODIFFEKDEDACA[00][00] [00][01]À[0C][00] [00][01][00][04]

------------------- Rx Data ---------------Rx_next_packet: 4864
Rx_packet_length: 60
Rx_pkt_count: 92
ÿÿÿÿÿÿPF]LÖÐ[08][06][00][01][08][00][06][04][00][01]PF]LÖÐÀ¨[1D][1C][00][00][00][00][00][00]À¨[1D][01][00][00][00][00][00][00][00][00][00][00][00][00][00][00][00][00][00][00]DELFEEPFACNECEODIFFEKDEDACA[00][00] [00][01]À[0C][00] [00][01][00][04]

------------------- Rx Data ---------------Rx_next_packet: 4934
Rx_packet_length: 60
Rx_pkt_count: 93
ÿÿÿÿÿÿPF]LÖÐ[08][06][00][01][08][00][06][04][00][01]PF]LÖÐÀ¨[1D][1C][00][00][00][00][00][00]À¨[1D][01][00][00][00][00][00][00][00][00][00][00][00][00][00][00][00][00][00][00]DELFEEPFACNECEODIFFEKDEDACA[00][00] [00][01]À[0C][00] [00][01][00][04]

------------------- Rx Data ---------------Rx_next_packet: 5004
Rx_packet_length: 60
Rx_pkt_count: 92
ÿÿÿÿÿÿPF]LÖÐ[08][06][00][01][08][00][06][04][00][01]PF]LÖÐÀ¨[1D][1C][00][00][00][00][00][00]À¨[1D][01][00][00][00][00][00][00][00][00][00][00][00][00][00][00][00][00][00][00]DELFEEPFACNECEODIFFEKDEDACA[00][00] [00][01]À[0C][00] [00][01][00][04]

------------------- Rx Data ---------------Rx_next_packet: 5074
Rx_packet_length: 60
Rx_pkt_count: 92
ÿÿÿÿÿÿPF]LÖÐ[08][06][00][01][08][00][06][04][00][01]PF]LÖÐÀ¨[1D][1C][00][00][00][00][00][00]À¨[1D][01][00][00][00][00][00][00][00][00][00][00][00][00][00][00][00][00][00][00]DELFEEPFACNECEODIFFEKDEDACA[00][00] [00][01]À[0C][00] [00][01][00][04]

------------------- Rx Data ---------------Rx_next_packet: 5144
Rx_packet_length: 60
Rx_pkt_count: 91
ÿÿÿÿÿÿPF]LÖÐ[08][06][00][01][08][00][06][04][00][01]PF]LÖÐÀ¨[1D][1C][00][00][00][00][00][00]À¨[1D][01][00][00][00][00][00][00][00][00][00][00][00][00][00][00][00][00][00][00]DELFEEPFACNECEODIFFEKDEDACA[00][00] [00][01]À[0C][00] [00][01][00][04]

------------------- Rx Data ---------------Rx_next_packet: 5214
Rx_packet_length: 60
Rx_pkt_count: 91
ÿÿÿÿÿÿ,`[0C]È»¶[08][06][00][01][08][00][06][04][00][01],`[0C]È»¶À¨[1D][11][00][00][00][00][00][00]À¨[1D][01][00][00][00][00][00][00][00][00][00][00][00][00][00][00][00][00][00][00]DELFEEPFACNECEODIFFEKDEDACA[00][00] [00][01]À[0C][00] [00][01][00][04]

------------------- Rx Data ---------------Rx_next_packet: 5284
Rx_packet_length: 60
Rx_pkt_count: 91
ÿÿÿÿÿÿPF]LÖÐ[08][06][00][01][08][00][06][04][00][01]PF]LÖÐÀ¨[1D][1C][00][00][00][00][00][00]À¨[1D][01][00][00][00][00][00][00][00][00][00][00][00][00][00][00][00][00][00][00]DELFEEPFACNECEODIFFEKDEDACA[00][00] [00][01]À[0C][00] [00][01][00][04]

------------------- Rx Data ---------------Rx_next_packet: 5354
Rx_packet_length: 60
Rx_pkt_count: 91
ÿÿÿÿÿÿ,`[0C]È»¶[08][06][00][01][08][00][06][04][00][01],`[0C]È»¶À¨[1D][11][00][00][00][00][00][00]À¨[1D][01][00][00][00][00][00][00][00][00][00][00][00][00][00][00][00][00][00][00]DELFEEPFACNECEODIFFEKDEDACA[00][00] [00][01]À[0C][00] [00][01][00][04]

------------------- Rx Data ---------------Rx_next_packet: 5424
Rx_packet_length: 60
Rx_pkt_count: 92
ÿÿÿÿÿÿPF]LÖÐ[08][06][00][01][08][00][06][04][00][01]PF]LÖÐÀ¨[1D][1C][00][00][00][00][00][00]À¨[1D][01][00][00][00][00][00][00][00][00][00][00][00][00][00][00][00][00][00][00]DELFEEPFACNECEODIFFEKDEDACA[00][00] [00][01]À[0C][00] [00][01][00][04]

------------------- Rx Data ---------------Rx_next_packet: 5494
Rx_packet_length: 60
Rx_pkt_count: 91
ÿÿÿÿÿÿ,`[0C]È»¶[08][06][00][01][08][00][06][04][00][01],`[0C]È»¶À¨[1D][11][00][00][00][00][00][00]À¨[1D][01][00][00][00][00][00][00][00][00][00][00][00][00][00][00][00][00][00][00]DELFEEPFACNECEODIFFEKDEDACA[00][00] [00][01]À[0C][00] [00][01][00][04]

------------------- Rx Data ---------------Rx_next_packet: 5564
Rx_packet_length: 60
Rx_pkt_count: 91
ÿÿÿÿÿÿPF]LÖÐ[08][06][00][01][08][00][06][04][00][01]PF]LÖÐÀ¨[1D][1C][00][00][00][00][00][00]À¨[1D][01][00][00][00][00][00][00][00][00][00][00][00][00][00][00][00][00][00][00]DELFEEPFACNECEODIFFEKDEDACA[00][00] [00][01]À[0C][00] [00][01][00][04]

------------------- Rx Data ---------------Rx_next_packet: 5634
Rx_packet_length: 60
Rx_pkt_count: 90
ÿÿÿÿÿÿPF]LÖÐ[08][06][00][01][08][00][06][04][00][01]PF]LÖÐÀ¨[1D][1C][00][00][00][00][00][00]À¨[1D][01][00][00][00][00][00][00][00][00][00][00][00][00][00][00][00][00][00][00]DELFEEPFACNECEODIFFEKDEDACA[00][00] [00][01]À[0C][00] [00][01][00][04]

------------------- Rx Data ---------------Rx_next_packet: 5704
Rx_packet_length: 60
Rx_pkt_count: 90
ÿÿÿÿÿÿ,`[0C]È»¶[08][06][00][01][08][00][06][04][00][01],`[0C]È»¶À¨[1D][11][00][00][00][00][00][00]À¨[1D][01][00][00][00][00][00][00][00][00][00][00][00][00][00][00][00][00][00][00]DELFEEPFACNECEODIFFEKDEDACA[00][00] [00][01]À[0C][00] [00][01][00][04]

------------------- Rx Data ---------------Rx_next_packet: 5774
Rx_packet_length: 60
Rx_pkt_count: 90
ÿÿÿÿÿÿ,`[0C]È»¶[08][06][00][01][08][00][06][04][00][01],`[0C]È»¶À¨[1D][11][00][00][00][00][00][00]À¨[1D][01][00][00][00][00][00][00][00][00][00][00][00][00][00][00][00][00][00][00]DELFEEPFACNECEODIFFEKDEDACA[00][00] [00][01]À[0C][00] [00][01][00][04]

------------------- Rx Data ---------------Rx_next_packet: 5844
Rx_packet_length: 60
Rx_pkt_count: 90
ÿÿÿÿÿÿPF]LÖÐ[08][06][00][01][08][00][06][04][00][01]PF]LÖÐÀ¨[1D][1C][00][00][00][00][00][00]À¨[1D][01][00][00][00][00][00][00][00][00][00][00][00][00][00][00][00][00][00][00]DELFEEPFACNECEODIFFEKDEDACA[00][00] [00][01]À[0C][00] [00][01][00][04]

------------------- Rx Data ---------------Rx_next_packet: 5914
Rx_packet_length: 60
Rx_pkt_count: 91
ÿÿÿÿÿÿ,`[0C]È»¶[08][06][00][01][08][00][06][04][00][01],`[0C]È»¶À¨[1D][11][00][00][00][00][00][00]À¨[1D][01][00][00][00][00][00][00][00][00][00][00][00][00][00][00][00][00][00][00]DELFEEPFACNECEODIFFEKDEDACA[00][00] [00][01]À[0C][00] [00][01][00][04]

------------------- Rx Data ---------------Rx_next_packet: 5984
Rx_packet_length: 60
Rx_pkt_count: 90
ÿÿÿÿÿÿPF]LÖÐ[08][06][00][01][08][00][06][04][00][01]PF]LÖÐÀ¨[1D][1C][00][00][00][00][00][00]À¨[1D][01][00][00][00][00][00][00][00][00][00][00][00][00][00][00][00][00][00][00]DELFEEPFACNECEODIFFEKDEDACA[00][00] [00][01]À[0C][00] [00][01][00][04]

------------------- Rx Data ---------------Rx_next_packet: 6054
Rx_packet_length: 60
Rx_pkt_count: 91
ÿÿÿÿÿÿPF]LÖÐ[08][06][00][01][08][00][06][04][00][01]PF]LÖÐÀ¨[1D][1C][00][00][00][00][00][00]À¨[1D][01][00][00][00][00][00][00][00][00][00][00][00][00][00][00][00][00][00][00]DELFEEPFACNECEODIFFEKDEDACA[00][00] [00][01]À[0C][00] [00][01][00][04]

------------------- Rx Data ---------------Rx_next_packet: 6124
Rx_packet_length: 60
Rx_pkt_count: 91
ÿÿÿÿÿÿPF]LÖÐ[08][06][00][01][08][00][06][04][00][01]PF]LÖÐÀ¨[1D][1C][00][00][00][00][00][00]À¨[1D][01][00][00][00][00][00][00][00][00][00][00][00][00][00][00][00][00][00][00]DELFEEPFACNECEODIFFEKDEDACA[00][00] [00][01]À[0C][00] [00][01][00][04]

------------------- Rx Data ---------------Rx_next_packet: 6194
Rx_packet_length: 60
Rx_pkt_count: 91
ÿÿÿÿÿÿ,`[0C]È»¶[08][06][00][01][08][00][06][04][00][01],`[0C]È»¶À¨[1D][11][00][00][00][00][00][00]À¨[1D][01][00][00][00][00][00][00][00][00][00][00][00][00][00][00][00][00][00][00]DELFEEPFACNECEODIFFEKDEDACA[00][00] [00][01]À[0C][00] [00][01][00][04]

------------------- Rx Data ---------------Rx_next_packet: 6264
Rx_packet_length: 60
Rx_pkt_count: 91
ÿÿÿÿÿÿ,`[0C]È»¶[08][06][00][01][08][00][06][04][00][01],`[0C]È»¶À¨[1D][11][00][00][00][00][00][00]À¨[1D][01][00][00][00][00][00][00][00][00][00][00][00][00][00][00][00][00][00][00]DELFEEPFACNECEODIFFEKDEDACA[00][00] [00][01]À[0C][00] [00][01][00][04]

------------------- Rx Data ---------------Rx_next_packet: 6334
Rx_packet_length: 60
Rx_pkt_count: 91
ÿÿÿÿÿÿPF]LÖÐ[08][06][00][01][08][00][06][04][00][01]PF]LÖÐÀ¨[1D][1C][00][00][00][00][00][00]À¨[1D][01][00][00][00][00][00][00][00][00][00][00][00][00][00][00][00][00][00][00]DELFEEPFACNECEODIFFEKDEDACA[00][00] [00][01]À[0C][00] [00][01][00][04]

------------------- Rx Data ---------------Rx_next_packet: 6404
Rx_packet_length: 60
Rx_pkt_count: 90
ÿÿÿÿÿÿ,`[0C]È»¶[08][06][00][01][08][00][06][04][00][01],`[0C]È»¶À¨[1D][11][00][00][00][00][00][00]À¨[1D][01][00][00][00][00][00][00][00][00][00][00][00][00][00][00][00][00][00][00]DELFEEPFACNECEODIFFEKDEDACA[00][00] [00][01]À[0C][00] [00][01][00][04]

------------------- Rx Data ---------------Rx_next_packet: 6474
Rx_packet_length: 60
Rx_pkt_count: 91
ÿÿÿÿÿÿPF]LÖÐ[08][06][00][01][08][00][06][04][00][01]PF]LÖÐÀ¨[1D][1C][00][00][00][00][00][00]À¨[1D][01][00][00][00][00][00][00][00][00][00][00][00][00][00][00][00][00][00][00]DELFEEPFACNECEODIFFEKDEDACA[00][00] [00][01]À[0C][00] [00][01][00][04]

------------------- Rx Data ---------------Rx_next_packet: 6544
Rx_packet_length: 60
Rx_pkt_count: 91
ÿÿÿÿÿÿPF]LÖÐ[08][06][00][01][08][00][06][04][00][01]PF]LÖÐÀ¨[1D][1C][00][00][00][00][00][00]À¨[1D][01][00][00][00][00][00][00][00][00][00][00][00][00][00][00][00][00][00][00]DELFEEPFACNECEODIFFEKDEDACA[00][00] [00][01]À[0C][00] [00][01][00][04]
